#分數/金額,demo_school,demo_role,demo_tenure_prior,demo_tenure_kist,demo_join_reason,var_9,var_7,demo_join_channel,承上題，如有選「其他」，請告訴我們您的想法：.1,val_id_vision,val_id_accountability,val_id_growth,val_id_teamwork,val_id_integrity,val_id_diversity,val_id_wellbeing,val_act_accountability,val_act_growth,val_act_teamwork,val_act_integrity,val_act_diversity,val_act_wellbeing,out_well_exercise,out_well_control,out_well_detach,out_well_overload_help,tch_id_seams,tch_id_sel,tch_id_character,tch_id_pbl,tch_id_ef,tch_act_seams,tch_act_sel,tch_act_character,tch_act_pbl,tch_act_ef,res_help_kcamp,res_help_coach_observation,res_help_line_group,res_help_new_kister_portal,res_help_flavor_handbook,res_freq_coach_observation,res_freq_new_kister_portal,res_freq_line_group,res_freq_flavor_handbook,var_46,res_help_summit_winter,res_help_consensus_camp_summer,res_help_coach_workshop,res_help_cross_school_community,var_51,res_help_consultant_observation,res_help_overseas_visit,res_help_library_portal,res_help_ncdp_platform,res_help_study_buddy,res_help_talk_fb_group,res_help_teaching_guide,res_help_sharestart_handout,res_help_non_cog_module,res_help_meandmine,res_help_pbl_classic,res_help_parent_group,res_freq_ncdp_platform,res_freq_library_portal,res_freq_talk_fb_group,var_67,res_help_idp_o3,res_help_tdp_platform,res_help_external_speaker,res_help_sport_coupon,res_help_trainer_cert,res_help_formal_teacher_path,res_help_star_selection,var_75,res_help_leadership_workshop,res_help_leap_program,res_help_mentor_program,res_help_spts,res_help_leadership_competency,var_81,res_help_onsite_workshop,res_help_orientation_camp,res_help_alignment_meeting,var_85,res_help_coach_workshop_1,res_help_community_feedback,res_help_consulting_1on1,res_help_pro_growth_coupon,res_help_mentor_program_1,res_help_teaching_guide_1,var_92,out_sat_resources_overall,out_school_vision_id,out_school_alignment,out_school_comm,out_role_clarity,out_role_significance,out_resource_avail,out_learning_opp,out_collab_quality,out_collab_smooth,out_voice,out_support_seek,out_rel_meaning,out_feedback_quality,out_recognition,out_care,out_decision_transparency,out_leader_trust,out_psych_safety_leader,out_commitment,out_agility,out_stakeholder_inc,out_innovation,out_fail_punish,out_fail_learn,qual_like,qual_change,qual_better_than_public,qual_worse_than_public,out_meaningful_work,out_growth_sense,out_has_mentor,out_career_opp,out_career_admin,out_career_teach_lead,out_career_lecturer,out_retention_int,out_retention_priority_kist,out_retention_foundation,var_132,out_pride,out_job_satisfaction,qual_sat_reason,out_nps,var_137,var_138,var_139,var_140,var_141,var_142,var_143,var_144,var_145,var_146,var_147,var_148,var_149,var_150,var_151,val_id_vision_num,val_id_accountability_num,val_id_growth_num,val_id_teamwork_num,val_id_integrity_num,val_id_diversity_num,val_id_wellbeing_num,val_act_accountability_num,val_act_growth_num,val_act_teamwork_num,val_act_integrity_num,val_act_diversity_num,val_act_wellbeing_num,out_well_exercise_num,out_well_control_num,out_well_detach_num,out_well_overload_help_num,tch_id_seams_num,tch_id_sel_num,tch_id_character_num,tch_id_pbl_num,tch_id_ef_num,tch_act_seams_num,tch_act_sel_num,tch_act_character_num,tch_act_pbl_num,tch_act_ef_num,res_help_kcamp_num,res_help_coach_observation_num,res_help_line_group_num,res_help_new_kister_portal_num,res_help_flavor_handbook_num,res_freq_coach_observation_num,res_freq_new_kister_portal_num,res_freq_line_group_num,res_freq_flavor_handbook_num,res_help_summit_winter_num,res_help_consensus_camp_summer_num,res_help_coach_workshop_num,res_help_cross_school_community_num,res_help_consultant_observation_num,res_help_overseas_visit_num,res_help_library_portal_num,res_help_ncdp_platform_num,res_help_study_buddy_num,res_help_talk_fb_group_num,res_help_teaching_guide_num,res_help_sharestart_handout_num,res_help_non_cog_module_num,res_help_meandmine_num,res_help_pbl_classic_num,res_help_parent_group_num,res_freq_ncdp_platform_num,res_freq_library_portal_num,res_freq_talk_fb_group_num,res_help_idp_o3_num,res_help_tdp_platform_num,res_help_external_speaker_num,res_help_sport_coupon_num,res_help_trainer_cert_num,res_help_formal_teacher_path_num,res_help_star_selection_num,res_help_leadership_workshop_num,res_help_leap_program_num,res_help_mentor_program_num,res_help_spts_num,res_help_leadership_competency_num,res_help_onsite_workshop_num,res_help_orientation_camp_num,res_help_alignment_meeting_num,res_help_coach_workshop_1_num,res_help_community_feedback_num,res_help_consulting_1on1_num,res_help_pro_growth_coupon_num,res_help_mentor_program_1_num,res_help_teaching_guide_1_num,out_sat_resources_overall_num,out_school_vision_id_num,out_school_alignment_num,out_school_comm_num,out_role_clarity_num,out_role_significance_num,out_resource_avail_num,out_learning_opp_num,out_collab_quality_num,out_collab_smooth_num,out_voice_num,out_support_seek_num,out_rel_meaning_num,out_feedback_quality_num,out_recognition_num,out_care_num,out_decision_transparency_num,out_leader_trust_num,out_psych_safety_leader_num,out_commitment_num,out_agility_num,out_stakeholder_inc_num,out_innovation_num,out_fail_punish_num,out_fail_learn_num,out_meaningful_work_num,out_growth_sense_num,out_has_mentor_num,out_career_opp_num,out_career_admin_num,out_career_teach_lead_num,out_career_lecturer_num,out_retention_int_num,out_retention_priority_kist_num,out_retention_foundation_num,out_pride_num,out_job_satisfaction_num,out_nps_num
0,桃源國小,組長 / 教師（含編制外教學人員）,4.0,2-3 年,,,,,,4,3 - 認同,4 - 非常認同,3 - 認同,4 - 非常認同,4 - 非常認同,3 - 認同,4 - 非常同意,4 - 非常同意,3 - 同意,3 - 同意,4 - 非常同意,2 - 不同意,30~60 分鐘,3 - 同意,4 - 非常同意,3 - 同意,3 - 認同,4 - 非常認同,4 - 非常認同,3 - 認同,2 - 不認同,4 - 非常同意,4 - 非常同意,4 - 非常同意,4 - 非常同意,4 - 非常同意,,,,,,,,,,,3 - 有幫助,4 - 非常有幫助,3 - 有幫助,4 - 非常有幫助,,4 - 非常有幫助,2 - 沒有幫助,3 - 有幫助,3 - 有幫助,3 - 有幫助,2 - 沒有幫助,4 - 非常有幫助,4 - 非常有幫助,3 - 有幫助,3 - 有幫助,3 - 有幫助,2 - 沒有幫助,很少使用（6 個月內 1~2 次）,很少使用（6 個月內 1~2 次）,偶爾使用（6 個月內 3~6 次）,,2 - 沒有幫助,2 - 沒有幫助,3 - 有幫助,3 - 有幫助,3 - 有幫助,4 - 非常有幫助,3 - 有幫助,,,,,,,,,,,,,,,,,,,3,3 - 認同,3,4,3,4,4,3,3,3,4,3,3,4,4,3,4,3,4,3,3,4,4,2,3,多元發展  保持彈性  創新,無,,,4,4,4,4,4,4,4,考慮任職 2 年以上,4,2,講師  學校領導人,4,7,,4,,,,,,2026-02-04 15:32:02,247,2001:b400:e280:93ac:d4b6:777d:ffde:4582,,,,7a8178178f38110fbcda032a643c7e6d,,,,4.0,3.0,4.0,3.0,4.0,4.0,3.0,4.0,4.0,3.0,3.0,4.0,2.0,30.0,3.0,4.0,3.0,3.0,4.0,4.0,3.0,2.0,4.0,4.0,4.0,4.0,4.0,,,,,,,,,,3.0,4.0,3.0,4.0,4.0,2.0,3.0,3.0,3.0,2.0,4.0,4.0,3.0,3.0,3.0,2.0,2.0,2.0,3.0,2.0,2.0,3.0,3.0,3.0,4.0,3.0,,,,,,,,,,,,,,,3.0,3.0,3.0,4.0,3.0,4.0,4.0,3.0,3.0,3.0,4.0,3.0,3.0,4.0,4.0,3.0,4.0,3.0,4.0,3.0,3.0,4.0,4.0,2.0,3.0,4.0,4.0,4.0,4.0,4.0,4.0,4.0,2.0,4.0,2.0,4.0,7.0,4.0
0,拯民國小,組長 / 教師（含編制外教學人員）,0.0,5 年以上,,,,,,4,4 - 非常認同,4 - 非常認同,4 - 非常認同,4 - 非常認同,4 - 非常認同,3 - 認同,4 - 非常同意,4 - 非常同意,4 - 非常同意,4 - 非常同意,4 - 非常同意,4 - 非常同意,30~60 分鐘,3 - 同意,3 - 同意,4 - 非常同意,4 - 非常認同,4 - 非常認同,4 - 非常認同,4 - 非常認同,4 - 非常認同,4 - 非常同意,4 - 非常同意,4 - 非常同意,4 - 非常同意,3 - 同意,,,,,,,,,,,3 - 有幫助,3 - 有幫助,知道但沒有使用過,知道但沒有使用過,,知道但沒有使用過,知道但沒有使用過,3 - 有幫助,3 - 有幫助,知道但沒有使用過,3 - 有幫助,知道但沒有使用過,知道但沒有使用過,3 - 有幫助,4 - 非常有幫助,3 - 有幫助,知道但沒有使用過,很少使用（6 個月內 1~2 次）,很少使用（6 個月內 1~2 次）,很少使用（6 個月內 1~2 次）,,3 - 有幫助,2 - 沒有幫助,3 - 有幫助,3 - 有幫助,知道但沒有使用過,知道但沒有使用過,知道但沒有使用過,,,,,,,,,,,,,,,,,,,3,4 - 非常認同,3,3,4,4,4,4,4,3,3,4,2,3,3,4,4,3,4,4,4,4,4,4,4,共同教學語言/正向支持關係,目前無,,,4,4,4,4,2,2,2,考慮任職 2 年以上,1,3,持續探索KIST的教學模組（與學術理論結合實踐）產出,3,5,,4,,,,,,2026-02-04 15:33:41,322,2001:b400:e309:ced8:3cd8:4801:664:ae4f,,,,76637d39e499aea41e8427d42f3018f4,,,,4.0,4.0,4.0,4.0,4.0,4.0,3.0,4.0,4.0,4.0,4.0,4.0,4.0,30.0,3.0,3.0,4.0,4.0,4.0,4.0,4.0,4.0,4.0,4.0,4.0,4.0,3.0,,,,,,,,,,3.0,3.0,0.1,0.1,0.1,0.1,3.0,3.0,0.1,3.0,0.1,0.1,3.0,4.0,3.0,0.1,2.0,2.0,2.0,3.0,2.0,3.0,3.0,0.1,0.1,0.1,,,,,,,,,,,,,,,3.0,4.0,3.0,3.0,4.0,4.0,4.0,4.0,4.0,3.0,3.0,4.0,2.0,3.0,3.0,4.0,4.0,3.0,4.0,4.0,4.0,4.0,4.0,4.0,4.0,4.0,4.0,4.0,4.0,2.0,2.0,2.0,2.0,1.0,3.0,3.0,5.0,4.0
0,峨眉國中,組長 / 教師（含編制外教學人員）,2.0,2-3 年,,,,,,3,3 - 認同,3 - 認同,3 - 認同,3 - 認同,3 - 認同,3 - 認同,3 - 同意,3 - 同意,3 - 同意,3 - 同意,3 - 同意,3 - 同意,30~60 分鐘,3 - 同意,3 - 同意,3 - 同意,3 - 認同,3 - 認同,3 - 認同,3 - 認同,4 - 非常認同,3 - 同意,4 - 非常同意,4 - 非常同意,3 - 同意,4 - 非常同意,,,,,,,,,,,3 - 有幫助,3 - 有幫助,知道但沒有使用過,3 - 有幫助,,知道但沒有使用過,知道但沒有使用過,知道但沒有使用過,3 - 有幫助,知道但沒有使用過,知道但沒有使用過,知道但沒有使用過,知道但沒有使用過,知道但沒有使用過,知道但沒有使用過,知道但沒有使用過,知道但沒有使用過,從沒使用過,從沒使用過,從沒使用過,,3 - 有幫助,3 - 有幫助,3 - 有幫助,4 - 非常有幫助,知道但沒有使用過,4 - 非常有幫助,知道但沒有使用過,,,,,,,,,,,,,,,,,,,3,3 - 認同,4,3,4,3,4,3,3,3,3,4,4,4,3,3,4,3,3,3,3,3,3,3,3,👍,👍,,,4,4,3,3,2,2,2,考慮任職 2 年以上,3,2,🌱,3,8,,3,,,,,,2026-02-04 15:33:57,320,2001:b400:e15a:5921:21c1:50dc:ca4f:4a40,,,,fc420c6ed6eba9bcf36e2fd0da37b38a,,,,3.0,3.0,3.0,3.0,3.0,3.0,3.0,3.0,3.0,3.0,3.0,3.0,3.0,30.0,3.0,3.0,3.0,3.0,3.0,3.0,3.0,4.0,3.0,4.0,4.0,3.0,4.0,,,,,,,,,,3.0,3.0,0.1,3.0,0.1,0.1,0.1,3.0,0.1,0.1,0.1,0.1,0.1,0.1,0.1,0.1,1.0,1.0,1.0,3.0,3.0,3.0,4.0,0.1,4.0,0.1,,,,,,,,,,,,,,,3.0,3.0,4.0,3.0,4.0,3.0,4.0,3.0,3.0,3.0,3.0,4.0,4.0,4.0,3.0,3.0,4.0,3.0,3.0,3.0,3.0,3.0,3.0,3.0,3.0,4.0,4.0,3.0,3.0,2.0,2.0,2.0,2.0,3.0,2.0,3.0,8.0,3.0
0,富田國小,"組長 / 教師（含編制外教學人員）
校內教練 / 教召",17.0,5 年以上,,,,,,4,4 - 非常認同,4 - 非常認同,4 - 非常認同,3 - 認同,4 - 非常認同,4 - 非常認同,3 - 同意,3 - 同意,3 - 同意,3 - 同意,3 - 同意,4 - 非常同意,120 分鐘以上,3 - 同意,3 - 同意,2 - 不同意,3 - 認同,3 - 認同,3 - 認同,3 - 認同,3 - 認同,3 - 同意,3 - 同意,3 - 同意,3 - 同意,3 - 同意,,,,,,,,,,,3 - 有幫助,3 - 有幫助,知道但沒有使用過,知道但沒有使用過,,4 - 非常有幫助,知道但沒有使用過,知道但沒有使用過,知道但沒有使用過,知道但沒有使用過,知道但沒有使用過,知道但沒有使用過,知道但沒有使用過,知道但沒有使用過,知道但沒有使用過,知道但沒有使用過,知道但沒有使用過,很少使用（6 個月內 1~2 次）,從沒使用過,從沒使用過,,知道但沒有使用過,知道但沒有使用過,知道但沒有使用過,知道但沒有使用過,知道但沒有使用過,知道但沒有使用過,知道但沒有使用過,,,,,,,,,,,,3 - 有幫助,知道但沒有使用過,知道但沒有使用過,知道但沒有使用過,3 - 有幫助,知道但沒有使用過,,4,3 - 認同,4,4,4,4,4,4,4,4,4,4,4,4,3,3,3,4,4,4,3,3,4,1,3,成長型思維,對,,,4,4,2,2,1,3,2,考慮 1 - 2 年內持續任職,1,1,持續,4,9,,3,,,,,,2026-02-04 15:34:01,320,2001:b400:e738:825:6d24:c44f:cf10:8944,,,,6994467a1c3e7bbd794a7569af923963,,,,4.0,4.0,4.0,4.0,3.0,4.0,4.0,3.0,3.0,3.0,3.0,3.0,4.0,,3.0,3.0,2.0,3.0,3.0,3.0,3.0,3.0,3.0,3.0,3.0,3.0,3.0,,,,,,,,,,3.0,3.0,0.1,0.1,4.0,0.1,0.1,0.1,0.1,0.1,0.1,0.1,0.1,0.1,0.1,0.1,2.0,1.0,1.0,0.1,0.1,0.1,0.1,0.1,0.1,0.1,,,,,,,,,3.0,0.1,0.1,0.1,3.0,0.1,4.0,3.0,4.0,4.0,4.0,4.0,4.0,4.0,4.0,4.0,4.0,4.0,4.0,4.0,3.0,3.0,3.0,4.0,4.0,4.0,3.0,3.0,4.0,1.0,3.0,4.0,4.0,2.0,2.0,1.0,3.0,2.0,1.5,1.0,1.0,4.0,9.0,3.0
0,宜梧國中,組長 / 教師（含編制外教學人員）,8.0,1 年以下,轉型前便服務於這所學校,,,"1. KIST 線上活動 / 工作坊
2. 方大哥 / 李老師 / 柱督 / 校長專訪或演講
3. 參訪 KIST 學校
4. 友好組織分享（TFT、均一、政大實驗教育中心...）
5. 誠致官方網站
6. KIST 夥伴介紹
7. 【KIST 教育實驗室】Facebook
8. 【KIST 教育實驗室】Instagram
9. 親友介紹（非 KIST 夥伴，如大學教授、過往的同事...）
10. 媒體報導
11. 縣市政府活動",,3,3 - 認同,3 - 認同,4 - 非常認同,4 - 非常認同,3 - 認同,3 - 認同,3 - 同意,3 - 同意,3 - 同意,4 - 非常同意,3 - 同意,3 - 同意,120 分鐘以上,3 - 同意,2 - 不同意,3 - 同意,3 - 認同,3 - 認同,3 - 認同,3 - 認同,4 - 非常認同,2 - 不同意,3 - 同意,3 - 同意,3 - 同意,3 - 同意,3 - 有幫助,3 - 有幫助,3 - 有幫助,3 - 有幫助,1 - 完全沒有幫助,很少使用（6 個月內 1~2 次）,很少使用（6 個月內 1~2 次）,很少使用（6 個月內 1~2 次）,很少使用（6 個月內 1~2 次）,,3 - 有幫助,3 - 有幫助,2 - 沒有幫助,2 - 沒有幫助,,3 - 有幫助,知道但沒有使用過,我不知道這個資源,我不知道這個資源,3 - 有幫助,3 - 有幫助,我不知道這個資源,知道但沒有使用過,知道但沒有使用過,我不知道這個資源,知道但沒有使用過,我不知道這個資源,很少使用（6 個月內 1~2 次）,從沒使用過,從沒使用過,,我不知道這個資源,我不知道這個資源,我不知道這個資源,我不知道這個資源,我不知道這個資源,知道但沒有使用過,知道但沒有使用過,,,,,,,,4 - 非常有幫助,3 - 有幫助,3 - 有幫助,,,,,,,,,4,3 - 認同,4,3,3,3,3,3,3,3,3,3,3,3,3,3,3,4,3,4,3,3,4,1,3,大家團隊合作,事情不要這麼多,嗯,某領域沒在運作,4,4,4,3,3,3,3,考慮 1 - 2 年內持續任職,2,3,還在想,3,6,,2,,,團結,,,2026-02-04 15:34:06,380,2001:b400:e15b:7fb2:397c:4483:dad6:d188,,,,1859581f591ff19831e8ee797a37eac6,,,,3.0,3.0,3.0,4.0,4.0,3.0,3.0,3.0,3.0,3.0,4.0,3.0,3.0,,3.0,2.0,3.0,3.0,3.0,3.0,3.0,4.0,2.0,3.0,3.0,3.0,3.0,3.0,3.0,3.0,3.0,1.0,2.0,2.0,2.0,2.0,3.0,3.0,2.0,2.0,3.0,0.1,0.0,0.0,3.0,3.0,0.0,0.1,0.1,0.0,0.1,0.0,2.0,1.0,1.0,0.0,0.0,0.0,0.0,0.0,0.1,0.1,,,,,,4.0,3.0,3.0,,,,,,,4.0,3.0,4.0,3.0,3.0,3.0,3.0,3.0,3.0,3.0,3.0,3.0,3.0,3.0,3.0,3.0,3.0,4.0,3.0,4.0,3.0,3.0,4.0,1.0,3.0,4.0,4.0,4.0,3.0,3.0,3.0,3.0,1.5,2.0,3.0,3.0,6.0,2.0
0,桃源國小,校長 / 主任,2.0,1-2 年,,,,,,4,4 - 非常認同,4 - 非常認同,4 - 非常認同,4 - 非常認同,4 - 非常認同,3 - 認同,3 - 同意,4 - 非常同意,3 - 同意,4 - 非常同意,3 - 同意,2 - 不同意,60~120 分鐘,3 - 同意,4 - 非常同意,3 - 同意,4 - 非常認同,3 - 認同,3 - 認同,4 - 非常認同,2 - 不認同,4 - 非常同意,3 - 同意,3 - 同意,3 - 同意,1 - 非常不同意,,,,,,,,,,,3 - 有幫助,3 - 有幫助,4 - 非常有幫助,1 - 完全沒有幫助,,3 - 有幫助,知道但沒有使用過,3 - 有幫助,3 - 有幫助,2 - 沒有幫助,1 - 完全沒有幫助,3 - 有幫助,知道但沒有使用過,知道但沒有使用過,知道但沒有使用過,3 - 有幫助,知道但沒有使用過,很少使用（6 個月內 1~2 次）,偶爾使用（6 個月內 3~6 次）,從沒使用過,,3 - 有幫助,知道但沒有使用過,3 - 有幫助,4 - 非常有幫助,3 - 有幫助,知道但沒有使用過,知道但沒有使用過,,4 - 非常有幫助,3 - 有幫助,4 - 非常有幫助,4 - 非常有幫助,3 - 有幫助,,,,,,,,,,,,,3,3 - 認同,4,3,4,4,3,4,2,2,3,3,2,3,1,2,3,3,4,4,4,3,4,4,3,打群架,"健康幸福提升
薪資福利提升",,,4,3,4,2,4,3,4,考慮任職 2 年以上,3,4,發展成領導人,4,8,,4,,,,行政流程 ,,2026-02-04 15:34:09,329,2402:7500:577:e378::2aad:e7a7,,,,fb1125c004ab465054148e5c034da558,,,,4.0,4.0,4.0,4.0,4.0,4.0,3.0,3.0,4.0,3.0,4.0,3.0,2.0,60.0,3.0,4.0,3.0,4.0,3.0,3.0,4.0,2.0,4.0,3.0,3.0,3.0,1.0,,,,,,,,,,3.0,3.0,4.0,1.0,3.0,0.1,3.0,3.0,2.0,1.0,3.0,0.1,0.1,0.1,3.0,0.1,2.0,3.0,1.0,3.0,0.1,3.0,4.0,3.0,0.1,0.1,4.0,3.0,4.0,4.0,3.0,,,,,,,,,,3.0,3.0,4.0,3.0,4.0,4.0,3.0,4.0,2.0,2.0,3.0,3.0,2.0,3.0,1.0,2.0,3.0,3.0,4.0,4.0,4.0,3.0,4.0,4.0,3.0,4.0,3.0,4.0,2.0,4.0,3.0,4.0,2.0,3.0,4.0,4.0,8.0,4.0
0,仙草實小,校長 / 主任,16.0,3-5 年,,,,,,4,4 - 非常認同,4 - 非常認同,4 - 非常認同,4 - 非常認同,4 - 非常認同,4 - 非常認同,4 - 非常同意,4 - 非常同意,4 - 非常同意,4 - 非常同意,4 - 非常同意,4 - 非常同意,30~60 分鐘,3 - 同意,3 - 同意,3 - 同意,4 - 非常認同,4 - 非常認同,4 - 非常認同,4 - 非常認同,4 - 非常認同,4 - 非常同意,4 - 非常同意,4 - 非常同意,4 - 非常同意,4 - 非常同意,,,,,,,,,,,4 - 非常有幫助,4 - 非常有幫助,4 - 非常有幫助,3 - 有幫助,,4 - 非常有幫助,知道但沒有使用過,4 - 非常有幫助,4 - 非常有幫助,4 - 非常有幫助,3 - 有幫助,知道但沒有使用過,知道但沒有使用過,4 - 非常有幫助,4 - 非常有幫助,3 - 有幫助,3 - 有幫助,經常使用（6 個月內 7 次以上）,經常使用（6 個月內 7 次以上）,偶爾使用（6 個月內 3~6 次）,,知道但沒有使用過,3 - 有幫助,4 - 非常有幫助,3 - 有幫助,3 - 有幫助,知道但沒有使用過,3 - 有幫助,,4 - 非常有幫助,3 - 有幫助,3 - 有幫助,3 - 有幫助,3 - 有幫助,,,,,,,,,,,,,4,4 - 非常認同,4,4,4,4,4,4,4,4,4,4,4,4,4,4,4,4,4,4,4,4,4,4,4,大家持續成長,用愛心說真話，彼此共同支持,,,4,4,4,4,4,4,4,考慮任職 2 年以上,4,4,持續發揮影響力,4,10,,4,,,,,大家一起為台灣教育努力的感覺真好,2026-02-04 15:34:32,400,211.22.7.170,,,,1976be113e42e650fb95b3d81c323fd1,,,,4.0,4.0,4.0,4.0,4.0,4.0,4.0,4.0,4.0,4.0,4.0,4.0,4.0,30.0,3.0,3.0,3.0,4.0,4.0,4.0,4.0,4.0,4.0,4.0,4.0,4.0,4.0,,,,,,,,,,4.0,4.0,4.0,3.0,4.0,0.1,4.0,4.0,4.0,3.0,0.1,0.1,4.0,4.0,3.0,3.0,4.0,4.0,3.0,0.1,3.0,4.0,3.0,3.0,0.1,3.0,4.0,3.0,3.0,3.0,3.0,,,,,,,,,,4.0,4.0,4.0,4.0,4.0,4.0,4.0,4.0,4.0,4.0,4.0,4.0,4.0,4.0,4.0,4.0,4.0,4.0,4.0,4.0,4.0,4.0,4.0,4.0,4.0,4.0,4.0,4.0,4.0,4.0,4.0,4.0,2.0,4.0,4.0,4.0,10.0,4.0
0,樟湖生態國中小,組長 / 教師（含編制外教學人員）,0.0,3-5 年,,,,,,4,3 - 認同,3 - 認同,3 - 認同,4 - 非常認同,3 - 認同,4 - 非常認同,3 - 同意,3 - 同意,3 - 同意,3 - 同意,3 - 同意,3 - 同意,120 分鐘以上,4 - 非常同意,4 - 非常同意,3 - 同意,3 - 認同,4 - 非常認同,3 - 認同,3 - 認同,3 - 認同,3 - 同意,3 - 同意,3 - 同意,3 - 同意,3 - 同意,,,,,,,,,,,3 - 有幫助,3 - 有幫助,3 - 有幫助,3 - 有幫助,,3 - 有幫助,3 - 有幫助,4 - 非常有幫助,3 - 有幫助,3 - 有幫助,3 - 有幫助,3 - 有幫助,3 - 有幫助,4 - 非常有幫助,3 - 有幫助,知道但沒有使用過,知道但沒有使用過,從沒使用過,偶爾使用（6 個月內 3~6 次）,很少使用（6 個月內 1~2 次）,,3 - 有幫助,知道但沒有使用過,3 - 有幫助,4 - 非常有幫助,4 - 非常有幫助,4 - 非常有幫助,4 - 非常有幫助,,,,,,,,,,,,,,,,,,,4,3 - 認同,3,3,3,3,3,3,2,2,2,2,2,3,4,4,4,3,4,3,3,3,2,2,4,有活力,有效率,,,4,3,3,3,2,3,3,考慮 1 - 2 年內持續任職,4,4,目前沒有,4,7,還在體會,3,,,,一些活動的必要性,,2026-02-04 15:34:33,382,42.78.38.20,,,,3c39798d296eb7c82bca93c72eedb954,,,,4.0,3.0,3.0,3.0,4.0,3.0,4.0,3.0,3.0,3.0,3.0,3.0,3.0,,4.0,4.0,3.0,3.0,4.0,3.0,3.0,3.0,3.0,3.0,3.0,3.0,3.0,,,,,,,,,,3.0,3.0,3.0,3.0,3.0,3.0,4.0,3.0,3.0,3.0,3.0,3.0,4.0,3.0,0.1,0.1,1.0,3.0,2.0,3.0,0.1,3.0,4.0,4.0,4.0,4.0,,,,,,,,,,,,,,,4.0,3.0,3.0,3.0,3.0,3.0,3.0,3.0,2.0,2.0,2.0,2.0,2.0,3.0,4.0,4.0,4.0,3.0,4.0,3.0,3.0,3.0,2.0,2.0,4.0,4.0,3.0,3.0,3.0,2.0,3.0,3.0,1.5,4.0,4.0,4.0,7.0,3.0
0,樟湖生態國中小,組長 / 教師（含編制外教學人員）,10.0,2-3 年,,,,,,4,4 - 非常認同,4 - 非常認同,4 - 非常認同,4 - 非常認同,4 - 非常認同,4 - 非常認同,4 - 非常同意,4 - 非常同意,3 - 同意,4 - 非常同意,3 - 同意,3 - 同意,60~120 分鐘,3 - 同意,4 - 非常同意,3 - 同意,我不理解這項 KIST 教學特色,4 - 非常認同,4 - 非常認同,4 - 非常認同,3 - 認同,我不理解這項 KIST 教學特色,4 - 非常同意,4 - 非常同意,4 - 非常同意,3 - 同意,,,,,,,,,,,4 - 非常有幫助,4 - 非常有幫助,知道但沒有使用過,知道但沒有使用過,職涯發展，空缺訊息,知道但沒有使用過,知道但沒有使用過,3 - 有幫助,3 - 有幫助,知道但沒有使用過,3 - 有幫助,知道但沒有使用過,知道但沒有使用過,知道但沒有使用過,知道但沒有使用過,3 - 有幫助,知道但沒有使用過,偶爾使用（6 個月內 3~6 次）,偶爾使用（6 個月內 3~6 次）,經常使用（6 個月內 7 次以上）,,4 - 非常有幫助,知道但沒有使用過,3 - 有幫助,知道但沒有使用過,知道但沒有使用過,知道但沒有使用過,3 - 有幫助,,,,,,,,,,,,,,,,,,,4,4 - 非常認同,4,4,4,4,4,4,4,3,4,4,4,4,4,4,4,4,4,4,4,4,4,4,4,跟學生的關係平等,發揮學校特色,,,4,4,2,2,2,1,2,考慮 1 年內持續任職,4,2,留在現場,4,9,喜歡目前學校氛圍與跟學生關係,4,更多的海外交流,更多指標,海外交流機會,過多的外國理念直接落地台灣而失去在地特色,,2026-02-04 15:34:46,372,2001:b400:e29f:8490:7c25:f764:24b:603e,,,,b08ee957aee98cb2772d1aa4056e5e8b,,,,4.0,4.0,4.0,4.0,4.0,4.0,4.0,4.0,4.0,3.0,4.0,3.0,3.0,60.0,3.0,4.0,3.0,0.0,4.0,4.0,4.0,3.0,0.0,4.0,4.0,4.0,3.0,,,,,,,,,,4.0,4.0,0.1,0.1,0.1,0.1,3.0,3.0,0.1,3.0,0.1,0.1,0.1,0.1,3.0,0.1,3.0,3.0,4.0,4.0,0.1,3.0,0.1,0.1,0.1,3.0,,,,,,,,,,,,,,,4.0,4.0,4.0,4.0,4.0,4.0,4.0,4.0,4.0,3.0,4.0,4.0,4.0,4.0,4.0,4.0,4.0,4.0,4.0,4.0,4.0,4.0,4.0,4.0,4.0,4.0,4.0,2.0,2.0,2.0,1.0,2.0,0.5,4.0,2.0,4.0,9.0,4.0
0,三民國中,組長 / 教師（含編制外教學人員）,1.0,1-2 年,,,,,,4,4 - 非常認同,4 - 非常認同,4 - 非常認同,4 - 非常認同,4 - 非常認同,4 - 非常認同,4 - 非常同意,4 - 非常同意,4 - 非常同意,4 - 非常同意,4 - 非常同意,4 - 非常同意,小於 30 分鐘,3 - 同意,2 - 不同意,2 - 不同意,3 - 認同,4 - 非常認同,4 - 非常認同,4 - 非常認同,4 - 非常認同,4 - 非常同意,4 - 非常同意,4 - 非常同意,3 - 同意,3 - 同意,,,,,,,,,,,4 - 非常有幫助,4 - 非常有幫助,4 - 非常有幫助,4 - 非常有幫助,,4 - 非常有幫助,知道但沒有使用過,2 - 沒有幫助,知道但沒有使用過,4 - 非常有幫助,知道但沒有使用過,知道但沒有使用過,知道但沒有使用過,3 - 有幫助,知道但沒有使用過,3 - 有幫助,4 - 非常有幫助,經常使用（6 個月內 7 次以上）,從沒使用過,很少使用（6 個月內 1~2 次）,,3 - 有幫助,2 - 沒有幫助,知道但沒有使用過,4 - 非常有幫助,3 - 有幫助,3 - 有幫助,知道但沒有使用過,,,,,,,,,,,,,,,,,,,3,4 - 非常認同,4,4,4,4,3,2,4,3,4,3,4,3,3,3,4,4,4,4,4,4,4,1,4,團隊氛圍,邀請真正教育現場的講師,,,3,3,2,2,1,2,2,考慮 1 - 2 年內持續任職,3,3,好好教書,3,7,,3,,,,,,2026-02-04 15:34:55,363,2401:e180:8dfc:4c39:a882:b207:eec0:e05f,,,,008e76450a06d02783a9a04e0b736f47,,,,4.0,4.0,4.0,4.0,4.0,4.0,4.0,4.0,4.0,4.0,4.0,4.0,4.0,,3.0,2.0,2.0,3.0,4.0,4.0,4.0,4.0,4.0,4.0,4.0,3.0,3.0,,,,,,,,,,4.0,4.0,4.0,4.0,4.0,0.1,2.0,0.1,4.0,0.1,0.1,0.1,3.0,0.1,3.0,4.0,4.0,1.0,2.0,3.0,2.0,0.1,4.0,3.0,3.0,0.1,,,,,,,,,,,,,,,3.0,4.0,4.0,4.0,4.0,4.0,3.0,2.0,4.0,3.0,4.0,3.0,4.0,3.0,3.0,3.0,4.0,4.0,4.0,4.0,4.0,4.0,4.0,1.0,4.0,3.0,3.0,2.0,2.0,1.0,2.0,2.0,1.5,3.0,3.0,3.0,7.0,3.0
0,樟湖生態國中小,組長 / 教師（含編制外教學人員）,0.0,5 年以上,,,,,,3,4 - 非常認同,3 - 認同,4 - 非常認同,4 - 非常認同,4 - 非常認同,4 - 非常認同,3 - 同意,4 - 非常同意,4 - 非常同意,3 - 同意,4 - 非常同意,4 - 非常同意,小於 30 分鐘,3 - 同意,2 - 不同意,3 - 同意,3 - 認同,3 - 認同,3 - 認同,3 - 認同,3 - 認同,3 - 同意,4 - 非常同意,4 - 非常同意,3 - 同意,3 - 同意,,,,,,,,,,,4 - 非常有幫助,4 - 非常有幫助,3 - 有幫助,4 - 非常有幫助,,3 - 有幫助,知道但沒有使用過,3 - 有幫助,3 - 有幫助,知道但沒有使用過,3 - 有幫助,知道但沒有使用過,知道但沒有使用過,3 - 有幫助,知道但沒有使用過,3 - 有幫助,3 - 有幫助,偶爾使用（6 個月內 3~6 次）,很少使用（6 個月內 1~2 次）,很少使用（6 個月內 1~2 次）,,3 - 有幫助,3 - 有幫助,知道但沒有使用過,4 - 非常有幫助,知道但沒有使用過,知道但沒有使用過,知道但沒有使用過,,,,,,,,,,,,,,,,,,,4,3 - 認同,3,3,3,3,3,3,3,3,3,3,3,3,3,2,3,3,3,3,3,3,3,3,3,溫暖包容 團隊合作,當然,,,4,4,2,3,3,4,3,考慮 1 - 2 年內持續任職,4,3,有影響力的老師,4,9,,2,,,,,,2026-02-04 15:35:01,337,211.22.7.169,,,,6bc26230dc29f4d91fb1fb9429601cb5,,,,3.0,4.0,3.0,4.0,4.0,4.0,4.0,3.0,4.0,4.0,3.0,4.0,4.0,,3.0,2.0,3.0,3.0,3.0,3.0,3.0,3.0,3.0,4.0,4.0,3.0,3.0,,,,,,,,,,4.0,4.0,3.0,4.0,3.0,0.1,3.0,3.0,0.1,3.0,0.1,0.1,3.0,0.1,3.0,3.0,3.0,2.0,2.0,3.0,3.0,0.1,4.0,0.1,0.1,0.1,,,,,,,,,,,,,,,4.0,3.0,3.0,3.0,3.0,3.0,3.0,3.0,3.0,3.0,3.0,3.0,3.0,3.0,3.0,2.0,3.0,3.0,3.0,3.0,3.0,3.0,3.0,3.0,3.0,4.0,4.0,2.0,3.0,3.0,4.0,3.0,1.5,4.0,3.0,4.0,9.0,2.0
0,富田國小,組長 / 教師（含編制外教學人員）,2.0,2-3 年,,,,,,4,4 - 非常認同,4 - 非常認同,3 - 認同,4 - 非常認同,4 - 非常認同,3 - 認同,4 - 非常同意,3 - 同意,2 - 不同意,4 - 非常同意,4 - 非常同意,2 - 不同意,30~60 分鐘,3 - 同意,3 - 同意,3 - 同意,3 - 認同,4 - 非常認同,4 - 非常認同,3 - 認同,3 - 認同,2 - 不同意,4 - 非常同意,3 - 同意,2 - 不同意,4 - 非常同意,,,,,,,,,,,3 - 有幫助,3 - 有幫助,我不知有這個資源,知道但沒有使用過,,3 - 有幫助,知道但沒有使用過,我不知道這個資源,知道但沒有使用過,我不知道這個資源,我不知道這個資源,我不知道這個資源,知道但沒有使用過,我不知道這個資源,2 - 沒有幫助,我不知道這個資源,我不知道這個資源,從沒使用過,從沒使用過,從沒使用過,EF觀課入校資源很有幫助,4 - 非常有幫助,我不知道這個資源,知道但沒有使用過,知道但沒有使用過,知道但沒有使用過,知道但沒有使用過,知道但沒有使用過,,,,,,,,,,,,,,,,,,,3,3 - 認同,4,4,4,4,4,4,4,4,4,4,4,3,3,4,3,3,3,3,3,3,4,1,2,彼此學習,重視教師個人SEL成長,,,3,3,4,3,1,1,1,考慮 1 - 2 年內持續任職,2,2,繼續當好一個老師,3,8,有很多支持教師的資源，很幸福。,4,,,,,,2026-02-04 15:35:10,438,2001:b400:e3e8:b1ea:a9d2:567d:59f8:1931,,,,93ceecc13f4ef9cefd32ec05681f49e9,,,,4.0,4.0,4.0,3.0,4.0,4.0,3.0,4.0,3.0,2.0,4.0,4.0,2.0,30.0,3.0,3.0,3.0,3.0,4.0,4.0,3.0,3.0,2.0,4.0,3.0,2.0,4.0,,,,,,,,,,3.0,3.0,,0.1,3.0,0.1,0.0,0.1,0.0,0.0,0.0,0.1,0.0,2.0,0.0,0.0,1.0,1.0,1.0,4.0,0.0,0.1,0.1,0.1,0.1,0.1,,,,,,,,,,,,,,,3.0,3.0,4.0,4.0,4.0,4.0,4.0,4.0,4.0,4.0,4.0,4.0,4.0,3.0,3.0,4.0,3.0,3.0,3.0,3.0,3.0,3.0,4.0,1.0,2.0,3.0,3.0,4.0,3.0,1.0,1.0,1.0,1.5,2.0,2.0,3.0,8.0,4.0
0,光榮國小,組長 / 教師（含編制外教學人員）,3.0,3-5 年,,,,,,4,3 - 認同,4 - 非常認同,3 - 認同,3 - 認同,4 - 非常認同,4 - 非常認同,4 - 非常同意,4 - 非常同意,3 - 同意,3 - 同意,3 - 同意,2 - 不同意,小於 30 分鐘,2 - 不同意,2 - 不同意,4 - 非常同意,4 - 非常認同,4 - 非常認同,3 - 認同,4 - 非常認同,我不理解這項 KIST 教學特色,4 - 非常同意,3 - 同意,3 - 同意,4 - 非常同意,我不理解這項 KIST 教學特色,,,,,,,,,,,3 - 有幫助,3 - 有幫助,4 - 非常有幫助,4 - 非常有幫助,,4 - 非常有幫助,3 - 有幫助,知道但沒有使用過,知道但沒有使用過,知道但沒有使用過,知道但沒有使用過,知道但沒有使用過,3 - 有幫助,知道但沒有使用過,知道但沒有使用過,3 - 有幫助,3 - 有幫助,從沒使用過,從沒使用過,很少使用（6 個月內 1~2 次）,,3 - 有幫助,知道但沒有使用過,3 - 有幫助,知道但沒有使用過,3 - 有幫助,知道但沒有使用過,3 - 有幫助,,,,,,,,,,,,,,,,,,,3,4 - 非常認同,3,4,4,4,3,3,3,3,4,3,3,2,3,4,3,2,3,4,4,3,3,2,3,願意成長,氧氣罩請來專業的人真的很棒，而且能針對最新科技協助老師學習也很棒,,,4,4,3,3,1,4,3,考慮 1 年內持續任職,3,4,我希望自己在教練能力有所提升,4,8,,4,,,持續喝采,,,2026-02-04 15:35:10,427,2001:b400:e246:f38c:69c9:6da4:f264:c52f,,,,d342bf2094954ac2a767f258078e0f75,,,,4.0,3.0,4.0,3.0,3.0,4.0,4.0,4.0,4.0,3.0,3.0,3.0,2.0,,2.0,2.0,4.0,4.0,4.0,3.0,4.0,0.0,4.0,3.0,3.0,4.0,0.0,,,,,,,,,,3.0,3.0,4.0,4.0,4.0,3.0,0.1,0.1,0.1,0.1,0.1,3.0,0.1,0.1,3.0,3.0,1.0,1.0,2.0,3.0,0.1,3.0,0.1,3.0,0.1,3.0,,,,,,,,,,,,,,,3.0,4.0,3.0,4.0,4.0,4.0,3.0,3.0,3.0,3.0,4.0,3.0,3.0,2.0,3.0,4.0,3.0,2.0,3.0,4.0,4.0,3.0,3.0,2.0,3.0,4.0,4.0,3.0,3.0,1.0,4.0,3.0,0.5,3.0,4.0,4.0,8.0,4.0
0,三民國中,校長 / 主任,7.0,5 年以上,,,,,,4,4 - 非常認同,4 - 非常認同,3 - 認同,3 - 認同,3 - 認同,3 - 認同,3 - 同意,3 - 同意,4 - 非常同意,3 - 同意,3 - 同意,3 - 同意,小於 30 分鐘,3 - 同意,3 - 同意,3 - 同意,3 - 認同,3 - 認同,3 - 認同,3 - 認同,3 - 認同,3 - 同意,3 - 同意,3 - 同意,3 - 同意,3 - 同意,,,,,,,,,,,4 - 非常有幫助,4 - 非常有幫助,3 - 有幫助,4 - 非常有幫助,,4 - 非常有幫助,4 - 非常有幫助,3 - 有幫助,2 - 沒有幫助,3 - 有幫助,3 - 有幫助,知道但沒有使用過,4 - 非常有幫助,知道但沒有使用過,知道但沒有使用過,知道但沒有使用過,知道但沒有使用過,從沒使用過,從沒使用過,從沒使用過,,4 - 非常有幫助,4 - 非常有幫助,3 - 有幫助,知道但沒有使用過,知道但沒有使用過,知道但沒有使用過,知道但沒有使用過,,4 - 非常有幫助,4 - 非常有幫助,4 - 非常有幫助,3 - 有幫助,3 - 有幫助,,,,,,,,,,,,,4,4 - 非常認同,4,4,4,4,4,4,4,4,4,4,4,4,4,4,4,4,4,4,4,4,4,4,4,很溫暖,健康第一,,,4,4,4,4,4,3,3,考慮任職 2 年以上,4,2,無,4,8,,4,,,,,,2026-02-04 15:35:11,399,2a09:bac3:57ee:323::50:b6,,,,7926014ed330e11d99f33d813403006c,,,,4.0,4.0,4.0,3.0,3.0,3.0,3.0,3.0,3.0,4.0,3.0,3.0,3.0,,3.0,3.0,3.0,3.0,3.0,3.0,3.0,3.0,3.0,3.0,3.0,3.0,3.0,,,,,,,,,,4.0,4.0,3.0,4.0,4.0,4.0,3.0,2.0,3.0,3.0,0.1,4.0,0.1,0.1,0.1,0.1,1.0,1.0,1.0,4.0,4.0,3.0,0.1,0.1,0.1,0.1,4.0,4.0,4.0,3.0,3.0,,,,,,,,,,4.0,4.0,4.0,4.0,4.0,4.0,4.0,4.0,4.0,4.0,4.0,4.0,4.0,4.0,4.0,4.0,4.0,4.0,4.0,4.0,4.0,4.0,4.0,4.0,4.0,4.0,4.0,4.0,4.0,4.0,3.0,3.0,2.0,4.0,2.0,4.0,8.0,4.0
0,坪林實中,組長 / 教師（含編制外教學人員）,1.0,3-5 年,,,,,,4,3 - 認同,4 - 非常認同,4 - 非常認同,4 - 非常認同,4 - 非常認同,4 - 非常認同,4 - 非常同意,4 - 非常同意,4 - 非常同意,3 - 同意,3 - 同意,3 - 同意,小於 30 分鐘,2 - 不同意,2 - 不同意,3 - 同意,4 - 非常認同,4 - 非常認同,4 - 非常認同,3 - 認同,我不理解這項 KIST 教學特色,3 - 同意,4 - 非常同意,4 - 非常同意,3 - 同意,1 - 非常不同意,,,,,,,,,,,3 - 有幫助,3 - 有幫助,3 - 有幫助,4 - 非常有幫助,,知道但沒有使用過,知道但沒有使用過,3 - 有幫助,2 - 沒有幫助,知道但沒有使用過,2 - 沒有幫助,我不知道這個資源,知道但沒有使用過,知道但沒有使用過,我不知道這個資源,我不知道這個資源,我不知道這個資源,很少使用（6 個月內 1~2 次）,很少使用（6 個月內 1~2 次）,從沒使用過,,2 - 沒有幫助,我不知道這個資源,知道但沒有使用過,4 - 非常有幫助,知道但沒有使用過,知道但沒有使用過,知道但沒有使用過,,,,,,,,,,,,,,,,,,,4,2 - 不認同,2,4,3,3,3,3,1,3,2,4,4,4,3,4,2,3,1,3,3,1,3,3,2,一起努力,誇可以,,,3,4,3,1,1,1,2,考慮 1 - 2 年內持續任職,2,3,持續學習,3,7,,4,,,,,,2026-02-04 15:35:14,444,2001:b400:e2d3:146e:9147:6fdc:ef26:5057,,,,10c291b05a0de51c217a1908511d037a,,,,4.0,3.0,4.0,4.0,4.0,4.0,4.0,4.0,4.0,4.0,3.0,3.0,3.0,,2.0,2.0,3.0,4.0,4.0,4.0,3.0,0.0,3.0,4.0,4.0,3.0,1.0,,,,,,,,,,3.0,3.0,3.0,4.0,0.1,0.1,3.0,2.0,0.1,2.0,0.0,0.1,0.1,0.0,0.0,0.0,2.0,2.0,1.0,2.0,0.0,0.1,4.0,0.1,0.1,0.1,,,,,,,,,,,,,,,4.0,2.0,2.0,4.0,3.0,3.0,3.0,3.0,1.0,3.0,2.0,4.0,4.0,4.0,3.0,4.0,2.0,3.0,1.0,3.0,3.0,1.0,3.0,3.0,2.0,3.0,4.0,3.0,1.0,1.0,1.0,2.0,1.5,2.0,3.0,3.0,7.0,4.0
0,三民國中,校長 / 主任,24.0,5 年以上,,,,,,4,3 - 認同,3 - 認同,3 - 認同,3 - 認同,3 - 認同,3 - 認同,3 - 同意,3 - 同意,3 - 同意,3 - 同意,3 - 同意,3 - 同意,60~120 分鐘,3 - 同意,3 - 同意,3 - 同意,3 - 認同,3 - 認同,3 - 認同,3 - 認同,3 - 認同,3 - 同意,3 - 同意,3 - 同意,3 - 同意,3 - 同意,,,,,,,,,,,3 - 有幫助,3 - 有幫助,3 - 有幫助,3 - 有幫助,,3 - 有幫助,3 - 有幫助,3 - 有幫助,3 - 有幫助,3 - 有幫助,3 - 有幫助,3 - 有幫助,3 - 有幫助,3 - 有幫助,3 - 有幫助,3 - 有幫助,3 - 有幫助,偶爾使用（6 個月內 3~6 次）,偶爾使用（6 個月內 3~6 次）,偶爾使用（6 個月內 3~6 次）,,3 - 有幫助,3 - 有幫助,3 - 有幫助,3 - 有幫助,3 - 有幫助,3 - 有幫助,3 - 有幫助,,3 - 有幫助,3 - 有幫助,3 - 有幫助,3 - 有幫助,3 - 有幫助,,,,,,,,,,,,,4,3 - 認同,4,4,4,4,4,4,4,4,4,4,4,4,4,4,4,4,4,4,4,4,4,1,4,熱情的老師,是,,,4,4,4,4,4,4,4,考慮任職 2 年以上,4,4,無,4,8,,4,,,,,,2026-02-04 15:35:38,463,2001:b400:e245:d027:2dc9:8a81:4dd2:bfc,,,,6be2cf51acc2a8d74d42f9022158029c,,,,4.0,3.0,3.0,3.0,3.0,3.0,3.0,3.0,3.0,3.0,3.0,3.0,3.0,60.0,3.0,3.0,3.0,3.0,3.0,3.0,3.0,3.0,3.0,3.0,3.0,3.0,3.0,,,,,,,,,,3.0,3.0,3.0,3.0,3.0,3.0,3.0,3.0,3.0,3.0,3.0,3.0,3.0,3.0,3.0,3.0,3.0,3.0,3.0,3.0,3.0,3.0,3.0,3.0,3.0,3.0,3.0,3.0,3.0,3.0,3.0,,,,,,,,,,4.0,3.0,4.0,4.0,4.0,4.0,4.0,4.0,4.0,4.0,4.0,4.0,4.0,4.0,4.0,4.0,4.0,4.0,4.0,4.0,4.0,4.0,4.0,1.0,4.0,4.0,4.0,4.0,4.0,4.0,4.0,4.0,2.0,4.0,4.0,4.0,8.0,4.0
0,樟湖生態國中小,校長 / 主任,30.0,5 年以上,,,,,,4,4 - 非常認同,4 - 非常認同,4 - 非常認同,4 - 非常認同,4 - 非常認同,4 - 非常認同,4 - 非常同意,4 - 非常同意,4 - 非常同意,4 - 非常同意,4 - 非常同意,4 - 非常同意,60~120 分鐘,3 - 同意,3 - 同意,2 - 不同意,4 - 非常認同,4 - 非常認同,4 - 非常認同,4 - 非常認同,3 - 認同,3 - 同意,3 - 同意,4 - 非常同意,3 - 同意,3 - 同意,,,,,,,,,,,4 - 非常有幫助,4 - 非常有幫助,4 - 非常有幫助,4 - 非常有幫助,,4 - 非常有幫助,4 - 非常有幫助,4 - 非常有幫助,4 - 非常有幫助,4 - 非常有幫助,4 - 非常有幫助,3 - 有幫助,4 - 非常有幫助,3 - 有幫助,3 - 有幫助,3 - 有幫助,2 - 沒有幫助,經常使用（6 個月內 7 次以上）,偶爾使用（6 個月內 3~6 次）,經常使用（6 個月內 7 次以上）,,4 - 非常有幫助,4 - 非常有幫助,4 - 非常有幫助,3 - 有幫助,3 - 有幫助,3 - 有幫助,3 - 有幫助,,3 - 有幫助,4 - 非常有幫助,4 - 非常有幫助,4 - 非常有幫助,4 - 非常有幫助,,,,,,,,,,,,,4,4 - 非常認同,4,4,4,4,4,4,4,4,4,4,4,4,4,4,4,4,4,4,4,4,4,4,4,團隊,不斷激勵自己,,,4,4,4,4,4,4,4,考慮 1 - 2 年內持續任職,4,4,拜託，目前最好的自己,4,10,大家一條心,4,,,注意身體健康,減少行政工作量大家辛苦了,,2026-02-04 15:35:39,444,111.80.228.148,,,,e2fe8b6a707a6c7b18eb6463fa445ea3,,,,4.0,4.0,4.0,4.0,4.0,4.0,4.0,4.0,4.0,4.0,4.0,4.0,4.0,60.0,3.0,3.0,2.0,4.0,4.0,4.0,4.0,3.0,3.0,3.0,4.0,3.0,3.0,,,,,,,,,,4.0,4.0,4.0,4.0,4.0,4.0,4.0,4.0,4.0,4.0,3.0,4.0,3.0,3.0,3.0,2.0,4.0,3.0,4.0,4.0,4.0,4.0,3.0,3.0,3.0,3.0,3.0,4.0,4.0,4.0,4.0,,,,,,,,,,4.0,4.0,4.0,4.0,4.0,4.0,4.0,4.0,4.0,4.0,4.0,4.0,4.0,4.0,4.0,4.0,4.0,4.0,4.0,4.0,4.0,4.0,4.0,4.0,4.0,4.0,4.0,4.0,4.0,4.0,4.0,4.0,1.5,4.0,4.0,4.0,10.0,4.0
0,宜梧國中,組長 / 教師（含編制外教學人員）,6.0,1 年以下,轉型前便服務於這所學校,,,"1. 【KIST 教育實驗室】Facebook
2. 友好組織分享（TFT、均一、政大實驗教育中心...）
3. 【KIST 教育實驗室】Instagram
4. KIST 線上活動 / 工作坊
5. 誠致官方網站
6. 方大哥 / 李老師 / 柱督 / 校長專訪或演講
7. KIST 夥伴介紹
8. 縣市政府活動
9. 媒體報導
10. 其他
11. 親友介紹（非 KIST 夥伴，如大學教授、過往的同事...）
12. 無接觸任何 KIST 管道
13. 參訪 KIST 學校",,4,4 - 非常認同,4 - 非常認同,4 - 非常認同,4 - 非常認同,4 - 非常認同,4 - 非常認同,4 - 非常同意,4 - 非常同意,4 - 非常同意,4 - 非常同意,4 - 非常同意,4 - 非常同意,60~120 分鐘,2 - 不同意,2 - 不同意,3 - 同意,4 - 非常認同,4 - 非常認同,4 - 非常認同,4 - 非常認同,4 - 非常認同,3 - 同意,3 - 同意,3 - 同意,3 - 同意,3 - 同意,3 - 有幫助,3 - 有幫助,3 - 有幫助,3 - 有幫助,3 - 有幫助,很少使用（6 個月內 1~2 次）,很少使用（6 個月內 1~2 次）,很少使用（6 個月內 1~2 次）,很少使用（6 個月內 1~2 次）,,3 - 有幫助,3 - 有幫助,3 - 有幫助,3 - 有幫助,,知道但沒有使用過,知道但沒有使用過,知道但沒有使用過,知道但沒有使用過,知道但沒有使用過,知道但沒有使用過,知道但沒有使用過,知道但沒有使用過,知道但沒有使用過,知道但沒有使用過,知道但沒有使用過,知道但沒有使用過,很少使用（6 個月內 1~2 次）,很少使用（6 個月內 1~2 次）,很少使用（6 個月內 1~2 次）,,知道但沒有使用過,知道但沒有使用過,知道但沒有使用過,知道但沒有使用過,知道但沒有使用過,知道但沒有使用過,知道但沒有使用過,,,,,,,,知道但沒有使用過,知道但沒有使用過,知道但沒有使用過,,,,,,,,,4,3 - 認同,4,4,3,3,3,3,3,3,3,3,3,3,3,3,3,3,3,3,3,3,3,3,3,有喜歡的人,獎金多一點,活力滿滿,有時太邪教,3,3,3,3,1,1,2,考慮 1 年內持續任職,3,3,成為正式教師,3,8,,3,變美了,,,,,2026-02-04 15:35:48,446,2001:b400:e735:7745:296e:3655:9112:80dc,,,,238665e908e48715783a9f20962cbef3,,,,4.0,4.0,4.0,4.0,4.0,4.0,4.0,4.0,4.0,4.0,4.0,4.0,4.0,60.0,2.0,2.0,3.0,4.0,4.0,4.0,4.0,4.0,3.0,3.0,3.0,3.0,3.0,3.0,3.0,3.0,3.0,3.0,2.0,2.0,2.0,2.0,3.0,3.0,3.0,3.0,0.1,0.1,0.1,0.1,0.1,0.1,0.1,0.1,0.1,0.1,0.1,0.1,2.0,2.0,2.0,0.1,0.1,0.1,0.1,0.1,0.1,0.1,,,,,,0.1,0.1,0.1,,,,,,,4.0,3.0,4.0,4.0,3.0,3.0,3.0,3.0,3.0,3.0,3.0,3.0,3.0,3.0,3.0,3.0,3.0,3.0,3.0,3.0,3.0,3.0,3.0,3.0,3.0,3.0,3.0,3.0,3.0,1.0,1.0,2.0,0.5,3.0,3.0,3.0,8.0,3.0
0,三民國中,組長 / 教師（含編制外教學人員）,3.5,1 年以下,認同 KIST 的理念,,,"1. KIST 夥伴介紹
2. 親友介紹（非 KIST 夥伴，如大學教授、過往的同事...）",,4,4 - 非常認同,4 - 非常認同,4 - 非常認同,4 - 非常認同,4 - 非常認同,4 - 非常認同,4 - 非常同意,4 - 非常同意,4 - 非常同意,4 - 非常同意,4 - 非常同意,4 - 非常同意,120 分鐘以上,3 - 同意,3 - 同意,3 - 同意,3 - 認同,4 - 非常認同,3 - 認同,3 - 認同,3 - 認同,3 - 同意,3 - 同意,3 - 同意,3 - 同意,3 - 同意,3 - 有幫助,4 - 非常有幫助,3 - 有幫助,3 - 有幫助,4 - 非常有幫助,偶爾使用（6 個月內 3~6 次）,偶爾使用（6 個月內 3~6 次）,很少使用（6 個月內 1~2 次）,偶爾使用（6 個月內 3~6 次）,,3 - 有幫助,3 - 有幫助,3 - 有幫助,3 - 有幫助,,3 - 有幫助,3 - 有幫助,4 - 非常有幫助,3 - 有幫助,4 - 非常有幫助,4 - 非常有幫助,3 - 有幫助,3 - 有幫助,4 - 非常有幫助,3 - 有幫助,4 - 非常有幫助,3 - 有幫助,偶爾使用（6 個月內 3~6 次）,經常使用（6 個月內 7 次以上）,很少使用（6 個月內 1~2 次）,,3 - 有幫助,3 - 有幫助,4 - 非常有幫助,3 - 有幫助,4 - 非常有幫助,4 - 非常有幫助,3 - 有幫助,,,,,,,,,,,,,,,,,,,4,4 - 非常認同,4,4,3,3,3,4,3,4,4,4,4,3,4,4,3,4,3,4,4,4,3,4,3,教師團隊連結深厚，相互幫忙,多一些獎勵機制,行政與其他教師的連結更為緊密,有時有些累,4,4,3,4,3,4,4,考慮任職 2 年以上,4,2,教師專業能力提升,3,7,,4,,,,,,2026-02-04 15:35:58,448,2001:b400:e38f:490:35d1:4b25:b458:de92,,,,c33b8aac89002c7db0360ce1eace1b79,,,,4.0,4.0,4.0,4.0,4.0,4.0,4.0,4.0,4.0,4.0,4.0,4.0,4.0,,3.0,3.0,3.0,3.0,4.0,3.0,3.0,3.0,3.0,3.0,3.0,3.0,3.0,3.0,4.0,3.0,3.0,4.0,3.0,3.0,2.0,3.0,3.0,3.0,3.0,3.0,3.0,3.0,4.0,3.0,4.0,4.0,3.0,3.0,4.0,3.0,4.0,3.0,3.0,4.0,2.0,3.0,3.0,4.0,3.0,4.0,4.0,3.0,,,,,,,,,,,,,,,4.0,4.0,4.0,4.0,3.0,3.0,3.0,4.0,3.0,4.0,4.0,4.0,4.0,3.0,4.0,4.0,3.0,4.0,3.0,4.0,4.0,4.0,3.0,4.0,3.0,4.0,4.0,3.0,4.0,3.0,4.0,4.0,2.0,4.0,2.0,3.0,7.0,4.0
0,光榮國小,組長 / 教師（含編制外教學人員）,10.0,2-3 年,,,,,,4,3 - 認同,3 - 認同,3 - 認同,3 - 認同,3 - 認同,3 - 認同,3 - 同意,3 - 同意,3 - 同意,3 - 同意,3 - 同意,3 - 同意,120 分鐘以上,3 - 同意,3 - 同意,3 - 同意,3 - 認同,3 - 認同,3 - 認同,3 - 認同,3 - 認同,3 - 同意,3 - 同意,3 - 同意,3 - 同意,3 - 同意,,,,,,,,,,,3 - 有幫助,3 - 有幫助,3 - 有幫助,3 - 有幫助,,3 - 有幫助,知道但沒有使用過,3 - 有幫助,3 - 有幫助,知道但沒有使用過,3 - 有幫助,知道但沒有使用過,知道但沒有使用過,知道但沒有使用過,3 - 有幫助,知道但沒有使用過,3 - 有幫助,偶爾使用（6 個月內 3~6 次）,偶爾使用（6 個月內 3~6 次）,偶爾使用（6 個月內 3~6 次）,,知道但沒有使用過,知道但沒有使用過,知道但沒有使用過,知道但沒有使用過,知道但沒有使用過,知道但沒有使用過,知道但沒有使用過,,,,,,,,,,,,,,,,,,,4,3 - 認同,4,4,4,4,4,4,4,4,4,4,4,4,4,4,4,4,4,4,4,4,4,4,4,打群架,關心老師現在的身心狀態,,,4,4,4,4,4,4,4,考慮任職 2 年以上,4,3,繼續擔任蒙特梭利老師,4,9,學校有接住我,4,,,,,,2026-02-04 15:36:20,499,2a09:bac2:580e:323::50:189,,,,8e9e4ec54ce100e0ae8041a3eef25315,,,,4.0,3.0,3.0,3.0,3.0,3.0,3.0,3.0,3.0,3.0,3.0,3.0,3.0,,3.0,3.0,3.0,3.0,3.0,3.0,3.0,3.0,3.0,3.0,3.0,3.0,3.0,,,,,,,,,,3.0,3.0,3.0,3.0,3.0,0.1,3.0,3.0,0.1,3.0,0.1,0.1,0.1,3.0,0.1,3.0,3.0,3.0,3.0,0.1,0.1,0.1,0.1,0.1,0.1,0.1,,,,,,,,,,,,,,,4.0,3.0,4.0,4.0,4.0,4.0,4.0,4.0,4.0,4.0,4.0,4.0,4.0,4.0,4.0,4.0,4.0,4.0,4.0,4.0,4.0,4.0,4.0,4.0,4.0,4.0,4.0,4.0,4.0,4.0,4.0,4.0,2.0,4.0,3.0,4.0,9.0,4.0
0,拯民國小,組長 / 教師（含編制外教學人員）,8.0,5 年以上,,,,,,4,4 - 非常認同,4 - 非常認同,4 - 非常認同,3 - 認同,3 - 認同,3 - 認同,4 - 非常同意,4 - 非常同意,3 - 同意,3 - 同意,3 - 同意,3 - 同意,30~60 分鐘,3 - 同意,3 - 同意,3 - 同意,3 - 認同,3 - 認同,3 - 認同,3 - 認同,3 - 認同,3 - 同意,3 - 同意,3 - 同意,3 - 同意,3 - 同意,,,,,,,,,,,4 - 非常有幫助,3 - 有幫助,4 - 非常有幫助,3 - 有幫助,,知道但沒有使用過,知道但沒有使用過,3 - 有幫助,3 - 有幫助,知道但沒有使用過,3 - 有幫助,知道但沒有使用過,知道但沒有使用過,我不知道這個資源,3 - 有幫助,我不知道這個資源,知道但沒有使用過,偶爾使用（6 個月內 3~6 次）,偶爾使用（6 個月內 3~6 次）,偶爾使用（6 個月內 3~6 次）,,3 - 有幫助,3 - 有幫助,3 - 有幫助,4 - 非常有幫助,3 - 有幫助,知道但沒有使用過,3 - 有幫助,,,,,,,,,,,,,,,,,,,4,3 - 認同,4,4,4,3,3,4,4,4,3,3,4,3,3,3,4,3,3,3,3,3,3,1,4,總是有一群投入教育的夥伴一起努力,更多師培系統的推動讓更多夥伴能長久穩定留下來,,,4,4,4,4,4,2,2,考慮任職 2 年以上,4,4,期待自己能夠跟夥伴一起努力💪,4,8,,4,,,,,,2026-02-04 15:36:32,504,2a09:bac3:580e:323::50:171,,,,fd0a3318ef5c970436f133bfe1656daa,,,,4.0,4.0,4.0,4.0,3.0,3.0,3.0,4.0,4.0,3.0,3.0,3.0,3.0,30.0,3.0,3.0,3.0,3.0,3.0,3.0,3.0,3.0,3.0,3.0,3.0,3.0,3.0,,,,,,,,,,4.0,3.0,4.0,3.0,0.1,0.1,3.0,3.0,0.1,3.0,0.1,0.1,0.0,3.0,0.0,0.1,3.0,3.0,3.0,3.0,3.0,3.0,4.0,3.0,0.1,3.0,,,,,,,,,,,,,,,4.0,3.0,4.0,4.0,4.0,3.0,3.0,4.0,4.0,4.0,3.0,3.0,4.0,3.0,3.0,3.0,4.0,3.0,3.0,3.0,3.0,3.0,3.0,1.0,4.0,4.0,4.0,4.0,4.0,4.0,2.0,2.0,2.0,4.0,4.0,4.0,8.0,4.0
0,老梅實小,組長 / 教師（含編制外教學人員）,7.0,3-5 年,,,,,,4,4 - 非常認同,4 - 非常認同,4 - 非常認同,4 - 非常認同,4 - 非常認同,4 - 非常認同,3 - 同意,3 - 同意,3 - 同意,3 - 同意,3 - 同意,3 - 同意,小於 30 分鐘,3 - 同意,3 - 同意,2 - 不同意,3 - 認同,3 - 認同,3 - 認同,3 - 認同,3 - 認同,3 - 同意,3 - 同意,3 - 同意,3 - 同意,3 - 同意,,,,,,,,,,,3 - 有幫助,3 - 有幫助,知道但沒有使用過,3 - 有幫助,,3 - 有幫助,知道但沒有使用過,3 - 有幫助,3 - 有幫助,知道但沒有使用過,3 - 有幫助,知道但沒有使用過,知道但沒有使用過,3 - 有幫助,3 - 有幫助,3 - 有幫助,知道但沒有使用過,偶爾使用（6 個月內 3~6 次）,很少使用（6 個月內 1~2 次）,很少使用（6 個月內 1~2 次）,,知道但沒有使用過,知道但沒有使用過,知道但沒有使用過,我不知道這個資源,我不知道這個資源,2 - 沒有幫助,知道但沒有使用過,,,,,,,,,,,,,,,,,,,4,3 - 認同,3,3,3,3,3,3,2,2,2,3,2,2,2,3,2,2,1,2,2,2,2,2,2,一群熱愛教育的工作者,練習好好說話，好好溝通，調頻！,,,3,3,3,2,2,2,2,考慮 1 - 2 年內持續任職,2,3,支援網更完整,3,5,喜歡kist ，校內需要再一起調頻練習,2,,,研習,氧氣罩多一點,,2026-02-04 15:36:39,504,2401:e180:8d1c:4e61:7dfb:d90b:20df:dbcf,,,,0826afbaec3c817a6e9e89ab7d996078,,,,4.0,4.0,4.0,4.0,4.0,4.0,4.0,3.0,3.0,3.0,3.0,3.0,3.0,,3.0,3.0,2.0,3.0,3.0,3.0,3.0,3.0,3.0,3.0,3.0,3.0,3.0,,,,,,,,,,3.0,3.0,0.1,3.0,3.0,0.1,3.0,3.0,0.1,3.0,0.1,0.1,3.0,3.0,3.0,0.1,3.0,2.0,2.0,0.1,0.1,0.1,0.0,0.0,2.0,0.1,,,,,,,,,,,,,,,4.0,3.0,3.0,3.0,3.0,3.0,3.0,3.0,2.0,2.0,2.0,3.0,2.0,2.0,2.0,3.0,2.0,2.0,1.0,2.0,2.0,2.0,2.0,2.0,2.0,3.0,3.0,3.0,2.0,2.0,2.0,2.0,1.5,2.0,3.0,3.0,5.0,2.0
0,三民國小,組長 / 教師（含編制外教學人員）,2.0,5 年以上,,,,,,4,4 - 非常認同,4 - 非常認同,4 - 非常認同,4 - 非常認同,4 - 非常認同,3 - 認同,4 - 非常同意,3 - 同意,3 - 同意,3 - 同意,3 - 同意,3 - 同意,30~60 分鐘,3 - 同意,3 - 同意,3 - 同意,3 - 認同,3 - 認同,3 - 認同,4 - 非常認同,3 - 認同,3 - 同意,3 - 同意,3 - 同意,4 - 非常同意,3 - 同意,,,,,,,,,,,4 - 非常有幫助,4 - 非常有幫助,3 - 有幫助,3 - 有幫助,,3 - 有幫助,4 - 非常有幫助,2 - 沒有幫助,2 - 沒有幫助,知道但沒有使用過,3 - 有幫助,3 - 有幫助,知道但沒有使用過,知道但沒有使用過,知道但沒有使用過,我不知道這個資源,知道但沒有使用過,經常使用（6 個月內 7 次以上）,很少使用（6 個月內 1~2 次）,偶爾使用（6 個月內 3~6 次）,,3 - 有幫助,3 - 有幫助,3 - 有幫助,知道但沒有使用過,知道但沒有使用過,知道但沒有使用過,4 - 非常有幫助,,,,,,,,,,,,,,,,,,,4,3 - 認同,4,4,3,3,3,4,4,4,3,4,2,4,4,4,3,4,3,4,4,4,4,4,4,跟一群志同道合的夥伴們共學,推進專案數量酌情刪減,,,4,4,4,4,1,1,2,考慮任職 2 年以上,4,1,當老師直到退休,3,8,,4,,,,,,2026-02-04 15:36:40,467,2001:b400:e28a:410f:50eb:f184:e513:685b,,,,e81d438a595589ab3dd9ea452ea3db5e,,,,4.0,4.0,4.0,4.0,4.0,4.0,3.0,4.0,3.0,3.0,3.0,3.0,3.0,30.0,3.0,3.0,3.0,3.0,3.0,3.0,4.0,3.0,3.0,3.0,3.0,4.0,3.0,,,,,,,,,,4.0,4.0,3.0,3.0,3.0,4.0,2.0,2.0,0.1,3.0,3.0,0.1,0.1,0.1,0.0,0.1,4.0,2.0,3.0,3.0,3.0,3.0,0.1,0.1,0.1,4.0,,,,,,,,,,,,,,,4.0,3.0,4.0,4.0,3.0,3.0,3.0,4.0,4.0,4.0,3.0,4.0,2.0,4.0,4.0,4.0,3.0,4.0,3.0,4.0,4.0,4.0,4.0,4.0,4.0,4.0,4.0,4.0,4.0,1.0,1.0,2.0,2.0,4.0,1.0,3.0,8.0,4.0
0,內甕國小,組長 / 教師（含編制外教學人員）,8.0,2-3 年,,,,,,4,4 - 非常認同,3 - 認同,4 - 非常認同,4 - 非常認同,4 - 非常認同,3 - 認同,3 - 同意,4 - 非常同意,4 - 非常同意,4 - 非常同意,4 - 非常同意,3 - 同意,120 分鐘以上,4 - 非常同意,4 - 非常同意,4 - 非常同意,3 - 認同,4 - 非常認同,3 - 認同,4 - 非常認同,3 - 認同,3 - 同意,4 - 非常同意,4 - 非常同意,4 - 非常同意,3 - 同意,,,,,,,,,,,3 - 有幫助,3 - 有幫助,知道但沒有使用過,3 - 有幫助,無,3 - 有幫助,知道但沒有使用過,4 - 非常有幫助,4 - 非常有幫助,3 - 有幫助,3 - 有幫助,4 - 非常有幫助,3 - 有幫助,3 - 有幫助,3 - 有幫助,3 - 有幫助,3 - 有幫助,偶爾使用（6 個月內 3~6 次）,偶爾使用（6 個月內 3~6 次）,偶爾使用（6 個月內 3~6 次）,無,3 - 有幫助,3 - 有幫助,知道但沒有使用過,知道但沒有使用過,知道但沒有使用過,知道但沒有使用過,知道但沒有使用過,無,,,,,,,,,,,,,,,,,,4,4 - 非常認同,4,4,4,4,4,4,3,4,3,3,4,3,3,4,4,4,4,3,3,3,4,1,3,老師、學生都能自在且愉快的徜徉在學習的場域,無,,,4,4,4,3,2,2,2,考慮任職 2 年以上,3,2,無,4,8,還要再加油,3,步調愈來愈一致,持續往好的方向前進,持續投入,會議的頻率，或許可改為線上,感恩,2026-02-04 15:36:43,535,2001:b400:e3f2:e73:cf6:98d0:dcf2:86a9,,,,4005703656b8e4e8bc8c245f82a00178,,,,4.0,4.0,3.0,4.0,4.0,4.0,3.0,3.0,4.0,4.0,4.0,4.0,3.0,,4.0,4.0,4.0,3.0,4.0,3.0,4.0,3.0,3.0,4.0,4.0,4.0,3.0,,,,,,,,,,3.0,3.0,0.1,3.0,3.0,0.1,4.0,4.0,3.0,3.0,4.0,3.0,3.0,3.0,3.0,3.0,3.0,3.0,3.0,3.0,3.0,0.1,0.1,0.1,0.1,0.1,,,,,,,,,,,,,,,4.0,4.0,4.0,4.0,4.0,4.0,4.0,4.0,3.0,4.0,3.0,3.0,4.0,3.0,3.0,4.0,4.0,4.0,4.0,3.0,3.0,3.0,4.0,1.0,3.0,4.0,4.0,4.0,3.0,2.0,2.0,2.0,2.0,3.0,2.0,4.0,8.0,3.0
0,桃源國小,校內教練 / 教召,36.0,5 年以上,,,,,,4,4 - 非常認同,4 - 非常認同,4 - 非常認同,4 - 非常認同,4 - 非常認同,4 - 非常認同,4 - 非常同意,4 - 非常同意,4 - 非常同意,4 - 非常同意,4 - 非常同意,4 - 非常同意,60~120 分鐘,4 - 非常同意,4 - 非常同意,4 - 非常同意,4 - 非常認同,4 - 非常認同,4 - 非常認同,4 - 非常認同,4 - 非常認同,4 - 非常同意,4 - 非常同意,4 - 非常同意,4 - 非常同意,4 - 非常同意,,,,,,,,,,,4 - 非常有幫助,4 - 非常有幫助,4 - 非常有幫助,4 - 非常有幫助,無,3 - 有幫助,3 - 有幫助,3 - 有幫助,3 - 有幫助,3 - 有幫助,3 - 有幫助,3 - 有幫助,3 - 有幫助,3 - 有幫助,3 - 有幫助,3 - 有幫助,3 - 有幫助,偶爾使用（6 個月內 3~6 次）,經常使用（6 個月內 7 次以上）,經常使用（6 個月內 7 次以上）,無,3 - 有幫助,3 - 有幫助,3 - 有幫助,3 - 有幫助,3 - 有幫助,3 - 有幫助,3 - 有幫助,無,,,,,,,,,,,3 - 有幫助,3 - 有幫助,3 - 有幫助,3 - 有幫助,3 - 有幫助,3 - 有幫助,無,4,4 - 非常認同,4,4,4,4,4,4,4,4,4,4,4,4,4,4,4,4,4,4,4,4,4,4,4,團隊協作,KIST支持系統,,,4,4,4,4,1,4,4,考慮任職 2 年以上,4,4,無,4,9,健康生活樂在工作,4,資源整合,資源整合,跨校協作,無,謝謝大家,2026-02-04 15:36:47,537,2001:b400:e12e:5e4b:a816:f1a2:1725:431b,,,,b56bdcf383e0104c04d69b8d1350cc40,,,,4.0,4.0,4.0,4.0,4.0,4.0,4.0,4.0,4.0,4.0,4.0,4.0,4.0,60.0,4.0,4.0,4.0,4.0,4.0,4.0,4.0,4.0,4.0,4.0,4.0,4.0,4.0,,,,,,,,,,4.0,4.0,4.0,4.0,3.0,3.0,3.0,3.0,3.0,3.0,3.0,3.0,3.0,3.0,3.0,3.0,3.0,4.0,4.0,3.0,3.0,3.0,3.0,3.0,3.0,3.0,,,,,,,,,3.0,3.0,3.0,3.0,3.0,3.0,4.0,4.0,4.0,4.0,4.0,4.0,4.0,4.0,4.0,4.0,4.0,4.0,4.0,4.0,4.0,4.0,4.0,4.0,4.0,4.0,4.0,4.0,4.0,4.0,4.0,4.0,4.0,4.0,4.0,1.0,4.0,4.0,2.0,4.0,4.0,4.0,9.0,4.0
0,三民國小,組長 / 教師（含編制外教學人員）,3.0,2-3 年,,,,,,3,3 - 認同,3 - 認同,3 - 認同,3 - 認同,4 - 非常認同,4 - 非常認同,2 - 不同意,3 - 同意,4 - 非常同意,4 - 非常同意,3 - 同意,3 - 同意,小於 30 分鐘,2 - 不同意,2 - 不同意,3 - 同意,3 - 認同,4 - 非常認同,3 - 認同,2 - 不認同,3 - 認同,3 - 同意,3 - 同意,3 - 同意,2 - 不同意,3 - 同意,,,,,,,,,,,3 - 有幫助,2 - 沒有幫助,3 - 有幫助,3 - 有幫助,,3 - 有幫助,知道但沒有使用過,知道但沒有使用過,3 - 有幫助,知道但沒有使用過,知道但沒有使用過,知道但沒有使用過,知道但沒有使用過,知道但沒有使用過,知道但沒有使用過,知道但沒有使用過,知道但沒有使用過,很少使用（6 個月內 1~2 次）,很少使用（6 個月內 1~2 次）,很少使用（6 個月內 1~2 次）,,3 - 有幫助,3 - 有幫助,知道但沒有使用過,3 - 有幫助,3 - 有幫助,知道但沒有使用過,知道但沒有使用過,,,,,,,,,,,,,,,,,,,3,2 - 不認同,3,4,2,3,4,4,2,3,3,4,3,3,4,4,3,2,4,3,4,3,3,1,3,對老師保持開放的態度及接納，願意給機會。,校內課程規劃的設計,,,3,3,4,3,1,2,2,考慮任職 2 年以上,1,1,無,2,6,無,2,,,無,無,,2026-02-04 15:36:49,520,2001:b400:e2de:519a:a551:ee6b:5ea9:edbb,,,,cc786f03f3b154673ca51260b3215f5a,,,,3.0,3.0,3.0,3.0,3.0,4.0,4.0,2.0,3.0,4.0,4.0,3.0,3.0,,2.0,2.0,3.0,3.0,4.0,3.0,2.0,3.0,3.0,3.0,3.0,2.0,3.0,,,,,,,,,,3.0,2.0,3.0,3.0,3.0,0.1,0.1,3.0,0.1,0.1,0.1,0.1,0.1,0.1,0.1,0.1,2.0,2.0,2.0,3.0,3.0,0.1,3.0,3.0,0.1,0.1,,,,,,,,,,,,,,,3.0,2.0,3.0,4.0,2.0,3.0,4.0,4.0,2.0,3.0,3.0,4.0,3.0,3.0,4.0,4.0,3.0,2.0,4.0,3.0,4.0,3.0,3.0,1.0,3.0,3.0,3.0,4.0,3.0,1.0,2.0,2.0,2.0,1.0,1.0,2.0,6.0,2.0
0,光榮國小,組長 / 教師（含編制外教學人員）,0.0,1 年以下,TFT 計畫成員分發,,,1. 友好組織分享（TFT、均一、政大實驗教育中心...）,,4,4 - 非常認同,4 - 非常認同,4 - 非常認同,4 - 非常認同,4 - 非常認同,4 - 非常認同,4 - 非常同意,4 - 非常同意,4 - 非常同意,4 - 非常同意,4 - 非常同意,4 - 非常同意,小於 30 分鐘,2 - 不同意,3 - 同意,4 - 非常同意,4 - 非常認同,4 - 非常認同,4 - 非常認同,4 - 非常認同,4 - 非常認同,4 - 非常同意,4 - 非常同意,4 - 非常同意,4 - 非常同意,3 - 同意,3 - 有幫助,4 - 非常有幫助,我不知道這個資源,我不知道這個資源,我不知道這個資源,經常使用（6 個月內 7 次以上）,從沒使用過,從沒使用過,從沒使用過,,3 - 有幫助,3 - 有幫助,4 - 非常有幫助,2 - 沒有幫助,,4 - 非常有幫助,我不知道這個資源,4 - 非常有幫助,我不知道這個資源,2 - 沒有幫助,我不知道這個資源,我不知道這個資源,我不知道這個資源,2 - 沒有幫助,我不知道這個資源,我不知道這個資源,4 - 非常有幫助,從沒使用過,很少使用（6 個月內 1~2 次）,從沒使用過,,我不知道這個資源,我不知道這個資源,我不知道這個資源,我不知道這個資源,3 - 有幫助,4 - 非常有幫助,4 - 非常有幫助,,,,,,,,,,,,,,,,,,,4,4 - 非常認同,4,4,4,4,4,4,4,4,4,4,4,4,4,4,4,4,4,4,4,4,4,4,4,氛圍,是,,,4,4,4,4,1,1,1,考慮 1 年內持續任職,4,3,無,4,7,,4,,,,,,2026-02-04 15:36:52,531,2001:b400:e15c:5f71:24f1:8d7d:daea:ceec,,,,41082c1f95c9d5c5c0dbe903ee30c479,,,,4.0,4.0,4.0,4.0,4.0,4.0,4.0,4.0,4.0,4.0,4.0,4.0,4.0,,2.0,3.0,4.0,4.0,4.0,4.0,4.0,4.0,4.0,4.0,4.0,4.0,3.0,3.0,4.0,0.0,0.0,0.0,4.0,1.0,1.0,1.0,3.0,3.0,4.0,2.0,4.0,0.0,4.0,0.0,2.0,0.0,0.0,0.0,2.0,0.0,0.0,4.0,1.0,2.0,1.0,0.0,0.0,0.0,0.0,3.0,4.0,4.0,,,,,,,,,,,,,,,4.0,4.0,4.0,4.0,4.0,4.0,4.0,4.0,4.0,4.0,4.0,4.0,4.0,4.0,4.0,4.0,4.0,4.0,4.0,4.0,4.0,4.0,4.0,4.0,4.0,4.0,4.0,4.0,4.0,1.0,1.0,1.0,0.5,4.0,3.0,4.0,7.0,4.0
0,拯民國小,組長 / 教師（含編制外教學人員）,2.0,1-2 年,,,,,,4,3 - 認同,4 - 非常認同,4 - 非常認同,4 - 非常認同,4 - 非常認同,4 - 非常認同,3 - 同意,3 - 同意,4 - 非常同意,3 - 同意,4 - 非常同意,3 - 同意,小於 30 分鐘,3 - 同意,2 - 不同意,4 - 非常同意,3 - 認同,4 - 非常認同,4 - 非常認同,3 - 認同,3 - 認同,3 - 同意,3 - 同意,4 - 非常同意,4 - 非常同意,3 - 同意,,,,,,,,,,,3 - 有幫助,3 - 有幫助,知道但沒有使用過,3 - 有幫助,,3 - 有幫助,知道但沒有使用過,3 - 有幫助,3 - 有幫助,3 - 有幫助,知道但沒有使用過,3 - 有幫助,知道但沒有使用過,我不知道這個資源,我不知道這個資源,我不知道這個資源,知道但沒有使用過,很少使用（6 個月內 1~2 次）,很少使用（6 個月內 1~2 次）,從沒使用過,,3 - 有幫助,2 - 沒有幫助,知道但沒有使用過,3 - 有幫助,知道但沒有使用過,知道但沒有使用過,知道但沒有使用過,,,,,,,,,,,,,,,,,,,3,3 - 認同,3,4,4,4,4,3,4,4,3,3,4,3,4,4,3,4,3,3,4,4,4,1,4,團隊協作，是一個學校在教育學生，不是一位老師的責任。,找到維持身心健康的時間規劃,,,4,4,4,3,2,3,2,考慮 1 年內持續任職,2,2,無,3,8,,3,,,,,,2026-02-04 15:36:58,544,2001:b400:e12e:7ef3:f993:6893:93bb:1d20,,,,a1110b3f28a36780d2529d59c839114b,,,,4.0,3.0,4.0,4.0,4.0,4.0,4.0,3.0,3.0,4.0,3.0,4.0,3.0,,3.0,2.0,4.0,3.0,4.0,4.0,3.0,3.0,3.0,3.0,4.0,4.0,3.0,,,,,,,,,,3.0,3.0,0.1,3.0,3.0,0.1,3.0,3.0,3.0,0.1,3.0,0.1,0.0,0.0,0.0,0.1,2.0,2.0,1.0,3.0,2.0,0.1,3.0,0.1,0.1,0.1,,,,,,,,,,,,,,,3.0,3.0,3.0,4.0,4.0,4.0,4.0,3.0,4.0,4.0,3.0,3.0,4.0,3.0,4.0,4.0,3.0,4.0,3.0,3.0,4.0,4.0,4.0,1.0,4.0,4.0,4.0,4.0,3.0,2.0,3.0,2.0,0.5,2.0,2.0,3.0,8.0,3.0
0,三民國中,組長 / 教師（含編制外教學人員）,2.0,5 年以上,,,,,,4,4 - 非常認同,4 - 非常認同,4 - 非常認同,4 - 非常認同,4 - 非常認同,4 - 非常認同,3 - 同意,4 - 非常同意,4 - 非常同意,4 - 非常同意,4 - 非常同意,3 - 同意,小於 30 分鐘,4 - 非常同意,4 - 非常同意,3 - 同意,3 - 認同,4 - 非常認同,3 - 認同,4 - 非常認同,4 - 非常認同,3 - 同意,3 - 同意,3 - 同意,4 - 非常同意,3 - 同意,,,,,,,,,,,3 - 有幫助,3 - 有幫助,知道但沒有使用過,3 - 有幫助,,3 - 有幫助,4 - 非常有幫助,3 - 有幫助,知道但沒有使用過,3 - 有幫助,3 - 有幫助,知道但沒有使用過,知道但沒有使用過,3 - 有幫助,知道但沒有使用過,3 - 有幫助,知道但沒有使用過,從沒使用過,很少使用（6 個月內 1~2 次）,很少使用（6 個月內 1~2 次）,,4 - 非常有幫助,2 - 沒有幫助,4 - 非常有幫助,知道但沒有使用過,2 - 沒有幫助,知道但沒有使用過,知道但沒有使用過,,,,,,,,,,,,,,,,,,,4,4 - 非常認同,4,4,4,4,4,4,4,4,4,4,4,4,4,4,4,4,4,4,4,4,4,1,4,很多可愛認真的人,一直被鼓舞著,,,4,4,4,3,1,1,2,不考慮持續任職,3,3,沒有願望,4,10,讚,4,大家一直在成長,現在說不出來，但一直在進化,持續成長,不知道誒，少一點營隊？,愛大家😘,2026-02-04 15:36:58,537,2001:b400:e2a4:34ec:9ddb:352:df07:2255,,,,3c26fffcce0cb48fed34dc6d301484bb,,,,4.0,4.0,4.0,4.0,4.0,4.0,4.0,3.0,4.0,4.0,4.0,4.0,3.0,,4.0,4.0,3.0,3.0,4.0,3.0,4.0,4.0,3.0,3.0,3.0,4.0,3.0,,,,,,,,,,3.0,3.0,0.1,3.0,3.0,4.0,3.0,0.1,3.0,3.0,0.1,0.1,3.0,0.1,3.0,0.1,1.0,2.0,2.0,4.0,2.0,4.0,0.1,2.0,0.1,0.1,,,,,,,,,,,,,,,4.0,4.0,4.0,4.0,4.0,4.0,4.0,4.0,4.0,4.0,4.0,4.0,4.0,4.0,4.0,4.0,4.0,4.0,4.0,4.0,4.0,4.0,4.0,1.0,4.0,4.0,4.0,4.0,3.0,1.0,1.0,2.0,0.0,3.0,3.0,4.0,10.0,4.0
0,富田國小,組長 / 教師（含編制外教學人員）,1.0,1-2 年,,,,,,4,4 - 非常認同,4 - 非常認同,4 - 非常認同,4 - 非常認同,4 - 非常認同,4 - 非常認同,3 - 同意,3 - 同意,3 - 同意,4 - 非常同意,3 - 同意,3 - 同意,30~60 分鐘,2 - 不同意,3 - 同意,2 - 不同意,3 - 認同,3 - 認同,3 - 認同,3 - 認同,我不理解這項 KIST 教學特色,2 - 不同意,3 - 同意,3 - 同意,3 - 同意,我不理解這項 KIST 教學特色,,,,,,,,,,,3 - 有幫助,3 - 有幫助,知道但沒有使用過,3 - 有幫助,,知道但沒有使用過,知道但沒有使用過,3 - 有幫助,知道但沒有使用過,知道但沒有使用過,知道但沒有使用過,3 - 有幫助,知道但沒有使用過,知道但沒有使用過,知道但沒有使用過,知道但沒有使用過,我不知道這個資源,偶爾使用（6 個月內 3~6 次）,偶爾使用（6 個月內 3~6 次）,從沒使用過,,3 - 有幫助,我不知道這個資源,知道但沒有使用過,知道但沒有使用過,知道但沒有使用過,知道但沒有使用過,知道但沒有使用過,,,,,,,,,,,,,,,,,,,3,3 - 認同,4,4,4,4,4,4,4,4,4,4,4,3,4,4,4,4,3,4,3,4,4,1,4,團隊凝聚力強，都朝著同一個目標努力,無,,,4,4,4,3,1,1,2,考慮任職 2 年以上,4,1,成為可以把自己照顧好的老師,4,10,凝聚力,3,課程越來越成熟，有方向,,聆聽聲音，做出改變,,謝謝學校夥伴和聯盟夥伴，一起創造一個能夠讓人安心成長的地方。,2026-02-04 15:37:02,548,2401:e180:88b2:220:74bb:2ff:fead:f057,,,,37ac4410b45a8204549778bc854df651,,,,4.0,4.0,4.0,4.0,4.0,4.0,4.0,3.0,3.0,3.0,4.0,3.0,3.0,30.0,2.0,3.0,2.0,3.0,3.0,3.0,3.0,0.0,2.0,3.0,3.0,3.0,0.0,,,,,,,,,,3.0,3.0,0.1,3.0,0.1,0.1,3.0,0.1,0.1,0.1,3.0,0.1,0.1,0.1,0.1,0.0,3.0,3.0,1.0,3.0,0.0,0.1,0.1,0.1,0.1,0.1,,,,,,,,,,,,,,,3.0,3.0,4.0,4.0,4.0,4.0,4.0,4.0,4.0,4.0,4.0,4.0,4.0,3.0,4.0,4.0,4.0,4.0,3.0,4.0,3.0,4.0,4.0,1.0,4.0,4.0,4.0,4.0,3.0,1.0,1.0,2.0,2.0,4.0,1.0,4.0,10.0,3.0
0,拯民國小,組長 / 教師（含編制外教學人員）,5.0,1 年以下,"認同 KIST 的理念
想要投入「實驗」教育",,,1. 參訪 KIST 學校,,4,4 - 非常認同,4 - 非常認同,4 - 非常認同,4 - 非常認同,4 - 非常認同,4 - 非常認同,4 - 非常同意,4 - 非常同意,4 - 非常同意,4 - 非常同意,4 - 非常同意,4 - 非常同意,小於 30 分鐘,3 - 同意,2 - 不同意,3 - 同意,4 - 非常認同,4 - 非常認同,4 - 非常認同,4 - 非常認同,4 - 非常認同,4 - 非常同意,4 - 非常同意,4 - 非常同意,4 - 非常同意,4 - 非常同意,我不知道這個資源,4 - 非常有幫助,我不知道這個資源,我不知道這個資源,我不知道這個資源,很少使用（6 個月內 1~2 次）,從沒使用過,從沒使用過,從沒使用過,,4 - 非常有幫助,知道但沒有使用過,知道但沒有使用過,知道但沒有使用過,希望有新師完整培訓系統，才能更完整的清楚了解體系,知道但沒有使用過,知道但沒有使用過,知道但沒有使用過,3 - 有幫助,知道但沒有使用過,我不知道這個資源,我不知道這個資源,我不知道這個資源,我不知道這個資源,我不知道這個資源,知道但沒有使用過,知道但沒有使用過,很少使用（6 個月內 1~2 次）,從沒使用過,從沒使用過,,3 - 有幫助,3 - 有幫助,我不知道這個資源,4 - 非常有幫助,3 - 有幫助,4 - 非常有幫助,4 - 非常有幫助,,,,,,,,,,,,,,,,,,,4,4 - 非常認同,4,3,3,4,3,3,3,3,4,4,4,4,4,4,4,4,4,4,4,4,4,4,4,很有人味、很真實,新師培訓,對孩子平等，每個人都有公平的機會,,4,4,4,4,4,3,2,考慮任職 2 年以上,4,4,拿到教師證,4,10,有成就感,4,,,峰會,沒有,,2026-02-04 15:37:05,555,211.22.7.170,,,,fa05abec856f3cd56b0c4579e630f6a7,,,,4.0,4.0,4.0,4.0,4.0,4.0,4.0,4.0,4.0,4.0,4.0,4.0,4.0,,3.0,2.0,3.0,4.0,4.0,4.0,4.0,4.0,4.0,4.0,4.0,4.0,4.0,0.0,4.0,0.0,0.0,0.0,2.0,1.0,1.0,1.0,4.0,0.1,0.1,0.1,0.1,0.1,0.1,3.0,0.1,0.0,0.0,0.0,0.0,0.0,0.1,0.1,2.0,1.0,1.0,3.0,3.0,0.0,4.0,3.0,4.0,4.0,,,,,,,,,,,,,,,4.0,4.0,4.0,3.0,3.0,4.0,3.0,3.0,3.0,3.0,4.0,4.0,4.0,4.0,4.0,4.0,4.0,4.0,4.0,4.0,4.0,4.0,4.0,4.0,4.0,4.0,4.0,4.0,4.0,4.0,3.0,2.0,2.0,4.0,4.0,4.0,10.0,4.0
0,宜梧國中,組長 / 教師（含編制外教學人員）,20.0,1 年以下,"認同 KIST 的理念
想要投入「偏鄉」教育
想要投入「實驗」教育",,,"1. 【KIST 教育實驗室】Facebook
2. 【KIST 教育實驗室】Instagram
3. 誠致官方網站",,4,4 - 非常認同,4 - 非常認同,4 - 非常認同,4 - 非常認同,4 - 非常認同,4 - 非常認同,4 - 非常同意,4 - 非常同意,4 - 非常同意,4 - 非常同意,4 - 非常同意,4 - 非常同意,30~60 分鐘,3 - 同意,2 - 不同意,3 - 同意,4 - 非常認同,3 - 認同,3 - 認同,4 - 非常認同,4 - 非常認同,3 - 同意,3 - 同意,3 - 同意,3 - 同意,3 - 同意,4 - 非常有幫助,4 - 非常有幫助,4 - 非常有幫助,4 - 非常有幫助,4 - 非常有幫助,經常使用（6 個月內 7 次以上）,經常使用（6 個月內 7 次以上）,偶爾使用（6 個月內 3~6 次）,偶爾使用（6 個月內 3~6 次）,永續經營發展,3 - 有幫助,3 - 有幫助,3 - 有幫助,3 - 有幫助,,3 - 有幫助,3 - 有幫助,3 - 有幫助,3 - 有幫助,3 - 有幫助,3 - 有幫助,3 - 有幫助,3 - 有幫助,3 - 有幫助,3 - 有幫助,3 - 有幫助,3 - 有幫助,偶爾使用（6 個月內 3~6 次）,偶爾使用（6 個月內 3~6 次）,偶爾使用（6 個月內 3~6 次）,,3 - 有幫助,3 - 有幫助,3 - 有幫助,3 - 有幫助,3 - 有幫助,3 - 有幫助,3 - 有幫助,,,,,,,,3 - 有幫助,3 - 有幫助,3 - 有幫助,,,,,,,,,4,3 - 認同,4,4,4,4,4,4,4,4,4,4,4,4,4,4,4,4,4,4,4,4,4,4,4,教案,認同,沒有,不用加強,4,4,4,4,4,4,4,考慮任職 2 年以上,4,4,永遠發展,4,8,很好,4,,,,,,2026-02-04 15:37:05,555,2401:e180:8d83:ee29:18c7:9998:f462:1570,,,,4ba5d4eb3c165b080a2a96a9157b2a68,,,,4.0,4.0,4.0,4.0,4.0,4.0,4.0,4.0,4.0,4.0,4.0,4.0,4.0,30.0,3.0,2.0,3.0,4.0,3.0,3.0,4.0,4.0,3.0,3.0,3.0,3.0,3.0,4.0,4.0,4.0,4.0,4.0,4.0,4.0,3.0,3.0,3.0,3.0,3.0,3.0,3.0,3.0,3.0,3.0,3.0,3.0,3.0,3.0,3.0,3.0,3.0,3.0,3.0,3.0,3.0,3.0,3.0,3.0,3.0,3.0,3.0,3.0,,,,,,3.0,3.0,3.0,,,,,,,4.0,3.0,4.0,4.0,4.0,4.0,4.0,4.0,4.0,4.0,4.0,4.0,4.0,4.0,4.0,4.0,4.0,4.0,4.0,4.0,4.0,4.0,4.0,4.0,4.0,4.0,4.0,4.0,4.0,4.0,4.0,4.0,2.0,4.0,4.0,4.0,8.0,4.0
0,樟湖生態國中小,組長 / 教師（含編制外教學人員）,4.0,2-3 年,,,,,,4,4 - 非常認同,4 - 非常認同,4 - 非常認同,4 - 非常認同,4 - 非常認同,4 - 非常認同,4 - 非常同意,4 - 非常同意,4 - 非常同意,4 - 非常同意,4 - 非常同意,4 - 非常同意,120 分鐘以上,3 - 同意,3 - 同意,4 - 非常同意,3 - 認同,4 - 非常認同,4 - 非常認同,3 - 認同,3 - 認同,3 - 同意,4 - 非常同意,3 - 同意,4 - 非常同意,3 - 同意,,,,,,,,,,,3 - 有幫助,4 - 非常有幫助,3 - 有幫助,3 - 有幫助,,3 - 有幫助,知道但沒有使用過,3 - 有幫助,3 - 有幫助,3 - 有幫助,3 - 有幫助,3 - 有幫助,知道但沒有使用過,3 - 有幫助,我不知道這個資源,3 - 有幫助,我不知道這個資源,經常使用（6 個月內 7 次以上）,從沒使用過,從沒使用過,,4 - 非常有幫助,2 - 沒有幫助,3 - 有幫助,4 - 非常有幫助,知道但沒有使用過,知道但沒有使用過,知道但沒有使用過,,,,,,,,,,,,,,,,,,,4,4 - 非常認同,4,4,4,4,4,4,4,4,4,4,4,4,4,4,4,4,4,4,4,4,4,4,4,可以一起成長,團隊可以共同前進,,,4,4,4,4,2,2,2,考慮任職 2 年以上,2,1,持續精進,4,10,,3,,,,,,2026-02-04 15:37:07,558,2402:7500:a18:f998:9195:b97:1fbc:8da3,,,,054c1b16d62b1952dafa513863a97f0c,,,,4.0,4.0,4.0,4.0,4.0,4.0,4.0,4.0,4.0,4.0,4.0,4.0,4.0,,3.0,3.0,4.0,3.0,4.0,4.0,3.0,3.0,3.0,4.0,3.0,4.0,3.0,,,,,,,,,,3.0,4.0,3.0,3.0,3.0,0.1,3.0,3.0,3.0,3.0,3.0,0.1,3.0,0.0,3.0,0.0,4.0,1.0,1.0,4.0,2.0,3.0,4.0,0.1,0.1,0.1,,,,,,,,,,,,,,,4.0,4.0,4.0,4.0,4.0,4.0,4.0,4.0,4.0,4.0,4.0,4.0,4.0,4.0,4.0,4.0,4.0,4.0,4.0,4.0,4.0,4.0,4.0,4.0,4.0,4.0,4.0,4.0,4.0,2.0,2.0,2.0,2.0,2.0,1.0,4.0,10.0,3.0
0,三民國小,組長 / 教師（含編制外教學人員）,1.0,1-2 年,,,,,,4,3 - 認同,4 - 非常認同,4 - 非常認同,3 - 認同,3 - 認同,4 - 非常認同,3 - 同意,4 - 非常同意,4 - 非常同意,3 - 同意,4 - 非常同意,4 - 非常同意,30~60 分鐘,3 - 同意,3 - 同意,3 - 同意,4 - 非常認同,4 - 非常認同,4 - 非常認同,4 - 非常認同,3 - 認同,4 - 非常同意,3 - 同意,4 - 非常同意,3 - 同意,3 - 同意,,,,,,,,,,,3 - 有幫助,3 - 有幫助,3 - 有幫助,3 - 有幫助,感覺可以想辦法讓群組更活絡,4 - 非常有幫助,知道但沒有使用過,3 - 有幫助,3 - 有幫助,知道但沒有使用過,知道但沒有使用過,知道但沒有使用過,知道但沒有使用過,知道但沒有使用過,知道但沒有使用過,知道但沒有使用過,3 - 有幫助,經常使用（6 個月內 7 次以上）,很少使用（6 個月內 1~2 次）,從沒使用過,,4 - 非常有幫助,知道但沒有使用過,3 - 有幫助,3 - 有幫助,知道但沒有使用過,知道但沒有使用過,知道但沒有使用過,,,,,,,,,,,,,,,,,,,4,3 - 認同,3,4,4,4,3,3,3,3,4,4,4,3,3,4,4,3,3,4,4,3,3,1,3,能做想要做的事、有影響力的事,可以再給我一個協作夥伴,,,4,4,4,3,4,4,4,考慮 1 年內持續任職,3,4,盡心盡力，出類拔萃,4,9,,4,,,,,,2026-02-04 15:37:10,558,2001:b400:e29e:b6c7:2453:f3ff:fea5:a974,,,,6f54e57b76f2956b336c3d92c2fe3e0b,,,,4.0,3.0,4.0,4.0,3.0,3.0,4.0,3.0,4.0,4.0,3.0,4.0,4.0,30.0,3.0,3.0,3.0,4.0,4.0,4.0,4.0,3.0,4.0,3.0,4.0,3.0,3.0,,,,,,,,,,3.0,3.0,3.0,3.0,4.0,0.1,3.0,3.0,0.1,0.1,0.1,0.1,0.1,0.1,0.1,3.0,4.0,2.0,1.0,4.0,0.1,3.0,3.0,0.1,0.1,0.1,,,,,,,,,,,,,,,4.0,3.0,3.0,4.0,4.0,4.0,3.0,3.0,3.0,3.0,4.0,4.0,4.0,3.0,3.0,4.0,4.0,3.0,3.0,4.0,4.0,3.0,3.0,1.0,3.0,4.0,4.0,4.0,3.0,4.0,4.0,4.0,0.5,3.0,4.0,4.0,9.0,4.0
0,拯民國小,組長 / 教師（含編制外教學人員）,6.0,1 年以下,"認同 KIST 的理念
想要投入「偏鄉」教育
想要投入「實驗」教育",,,"1. 【KIST 教育實驗室】Instagram
2. 其他
3. 參訪 KIST 學校",KIST 學伴計畫,4,4 - 非常認同,4 - 非常認同,4 - 非常認同,4 - 非常認同,4 - 非常認同,4 - 非常認同,3 - 同意,3 - 同意,3 - 同意,3 - 同意,3 - 同意,3 - 同意,30~60 分鐘,3 - 同意,3 - 同意,3 - 同意,3 - 認同,4 - 非常認同,4 - 非常認同,4 - 非常認同,4 - 非常認同,2 - 不同意,2 - 不同意,2 - 不同意,2 - 不同意,2 - 不同意,知道但沒有使用過,4 - 非常有幫助,知道但沒有使用過,我不知道這個資源,3 - 有幫助,偶爾使用（6 個月內 3~6 次）,從沒使用過,從沒使用過,很少使用（6 個月內 1~2 次）,,3 - 有幫助,知道但沒有使用過,知道但沒有使用過,我不知有這個資源,,知道但沒有使用過,知道但沒有使用過,4 - 非常有幫助,我不知道這個資源,3 - 有幫助,我不知道這個資源,我不知道這個資源,我不知道這個資源,我不知道這個資源,我不知道這個資源,我不知道這個資源,我不知道這個資源,從沒使用過,經常使用（6 個月內 7 次以上）,從沒使用過,,3 - 有幫助,我不知道這個資源,知道但沒有使用過,知道但沒有使用過,知道但沒有使用過,知道但沒有使用過,知道但沒有使用過,,,,,,,,,,,,,,,,,,,4,4 - 非常認同,3,4,4,4,4,4,4,4,4,4,3,4,4,4,4,4,4,4,4,4,4,4,4,大家有一致的願景,目前沒有,,,4,4,4,4,1,2,2,考慮 1 年內持續任職,3,3,目前還不知道,4,10,,4,,,,,,2026-02-04 15:37:13,559,2a09:bac2:5809:323::50:d6,,,,7cd5be5ae0bc6d2d88e1c167d1121324,,,,4.0,4.0,4.0,4.0,4.0,4.0,4.0,3.0,3.0,3.0,3.0,3.0,3.0,30.0,3.0,3.0,3.0,3.0,4.0,4.0,4.0,4.0,2.0,2.0,2.0,2.0,2.0,0.1,4.0,0.1,0.0,3.0,3.0,1.0,1.0,2.0,3.0,0.1,0.1,,0.1,0.1,4.0,0.0,3.0,0.0,0.0,0.0,0.0,0.0,0.0,0.0,1.0,4.0,1.0,3.0,0.0,0.1,0.1,0.1,0.1,0.1,,,,,,,,,,,,,,,4.0,4.0,3.0,4.0,4.0,4.0,4.0,4.0,4.0,4.0,4.0,4.0,3.0,4.0,4.0,4.0,4.0,4.0,4.0,4.0,4.0,4.0,4.0,4.0,4.0,4.0,4.0,4.0,4.0,1.0,2.0,2.0,0.5,3.0,3.0,4.0,10.0,4.0
0,仙草實小,校長 / 主任,20.0,5 年以上,,,,,,4,4 - 非常認同,4 - 非常認同,4 - 非常認同,4 - 非常認同,4 - 非常認同,4 - 非常認同,4 - 非常同意,4 - 非常同意,4 - 非常同意,4 - 非常同意,4 - 非常同意,4 - 非常同意,60~120 分鐘,3 - 同意,4 - 非常同意,3 - 同意,4 - 非常認同,4 - 非常認同,4 - 非常認同,4 - 非常認同,4 - 非常認同,3 - 同意,4 - 非常同意,4 - 非常同意,3 - 同意,我不理解這項 KIST 教學特色,,,,,,,,,,,4 - 非常有幫助,4 - 非常有幫助,知道但沒有使用過,知道但沒有使用過,,4 - 非常有幫助,知道但沒有使用過,知道但沒有使用過,4 - 非常有幫助,知道但沒有使用過,知道但沒有使用過,4 - 非常有幫助,4 - 非常有幫助,4 - 非常有幫助,知道但沒有使用過,我不知道這個資源,知道但沒有使用過,很少使用（6 個月內 1~2 次）,從沒使用過,從沒使用過,,4 - 非常有幫助,4 - 非常有幫助,知道但沒有使用過,4 - 非常有幫助,知道但沒有使用過,知道但沒有使用過,知道但沒有使用過,,3 - 有幫助,我不知道這個資源,知道但沒有使用過,我不知道這個資源,我不知道這個資源,,,,,,,,,,,,,4,4 - 非常認同,4,4,4,4,4,4,4,4,4,4,4,4,4,4,4,4,4,4,4,4,4,4,4,有溫度,等待,,,4,4,4,4,4,2,2,考慮任職 2 年以上,4,2,無,4,9,包容,4,有彈性,,尊重,過多活動,,2026-02-04 15:37:25,530,2001:b400:e705:a127:6fbe:14df:836:ecde,,,,fa2c1ffd7846c8234f9183afbad25d15,,,,4.0,4.0,4.0,4.0,4.0,4.0,4.0,4.0,4.0,4.0,4.0,4.0,4.0,60.0,3.0,4.0,3.0,4.0,4.0,4.0,4.0,4.0,3.0,4.0,4.0,3.0,0.0,,,,,,,,,,4.0,4.0,0.1,0.1,4.0,0.1,0.1,4.0,0.1,0.1,4.0,4.0,4.0,0.1,0.0,0.1,2.0,1.0,1.0,4.0,4.0,0.1,4.0,0.1,0.1,0.1,3.0,0.0,0.1,0.0,0.0,,,,,,,,,,4.0,4.0,4.0,4.0,4.0,4.0,4.0,4.0,4.0,4.0,4.0,4.0,4.0,4.0,4.0,4.0,4.0,4.0,4.0,4.0,4.0,4.0,4.0,4.0,4.0,4.0,4.0,4.0,4.0,4.0,2.0,2.0,2.0,4.0,2.0,4.0,9.0,4.0
0,桃源國小,校長 / 主任,0.0,5 年以上,,,,,,4,4 - 非常認同,4 - 非常認同,4 - 非常認同,4 - 非常認同,4 - 非常認同,4 - 非常認同,4 - 非常同意,4 - 非常同意,4 - 非常同意,4 - 非常同意,4 - 非常同意,4 - 非常同意,120 分鐘以上,3 - 同意,4 - 非常同意,3 - 同意,4 - 非常認同,4 - 非常認同,4 - 非常認同,4 - 非常認同,4 - 非常認同,2 - 不同意,4 - 非常同意,3 - 同意,3 - 同意,2 - 不同意,,,,,,,,,,,4 - 非常有幫助,4 - 非常有幫助,4 - 非常有幫助,2 - 沒有幫助,HQIM,3 - 有幫助,4 - 非常有幫助,3 - 有幫助,3 - 有幫助,3 - 有幫助,2 - 沒有幫助,3 - 有幫助,3 - 有幫助,3 - 有幫助,2 - 沒有幫助,3 - 有幫助,知道但沒有使用過,很少使用（6 個月內 1~2 次）,偶爾使用（6 個月內 3~6 次）,偶爾使用（6 個月內 3~6 次）,,3 - 有幫助,知道但沒有使用過,3 - 有幫助,3 - 有幫助,3 - 有幫助,知道但沒有使用過,知道但沒有使用過,,3 - 有幫助,知道但沒有使用過,3 - 有幫助,3 - 有幫助,3 - 有幫助,,,,,,,,,,,,,4,3 - 認同,3,4,3,3,3,3,3,3,4,3,3,3,3,3,4,4,4,4,4,4,4,1,4,有充分的空間和彈性可以實踐不曾想過的好點子,我期待我能創造這樣的學校環境,,,4,4,4,4,4,3,3,考慮任職 2 年以上,4,4,哪裡都可以,4,10,,4,,,,,,2026-02-04 15:37:42,577,2001:b400:e2d3:25d5:9819:8c5a:1579:8167,,,,4377a4d1659faea0c28e414fed9d93e5,,,,4.0,4.0,4.0,4.0,4.0,4.0,4.0,4.0,4.0,4.0,4.0,4.0,4.0,,3.0,4.0,3.0,4.0,4.0,4.0,4.0,4.0,2.0,4.0,3.0,3.0,2.0,,,,,,,,,,4.0,4.0,4.0,2.0,3.0,4.0,3.0,3.0,3.0,2.0,3.0,3.0,3.0,2.0,3.0,0.1,2.0,3.0,3.0,3.0,0.1,3.0,3.0,3.0,0.1,0.1,3.0,0.1,3.0,3.0,3.0,,,,,,,,,,4.0,3.0,3.0,4.0,3.0,3.0,3.0,3.0,3.0,3.0,4.0,3.0,3.0,3.0,3.0,3.0,4.0,4.0,4.0,4.0,4.0,4.0,4.0,1.0,4.0,4.0,4.0,4.0,4.0,4.0,3.0,3.0,2.0,4.0,4.0,4.0,10.0,4.0
0,峨眉國中,組長 / 教師（含編制外教學人員）,10.0,2-3 年,,,,,,4,3 - 認同,3 - 認同,1 - 非常不認同,1 - 非常不認同,1 - 非常不認同,3 - 認同,4 - 非常同意,2 - 不同意,2 - 不同意,1 - 非常不同意,1 - 非常不同意,3 - 同意,120 分鐘以上,4 - 非常同意,2 - 不同意,4 - 非常同意,2 - 不認同,3 - 認同,3 - 認同,3 - 認同,2 - 不認同,3 - 同意,3 - 同意,3 - 同意,3 - 同意,3 - 同意,,,,,,,,,,,我不知有這個資源,2 - 沒有幫助,我不知有這個資源,我不知有這個資源,,我不知道這個資源,知道但沒有使用過,知道但沒有使用過,3 - 有幫助,知道但沒有使用過,知道但沒有使用過,1 - 完全沒有幫助,1 - 完全沒有幫助,3 - 有幫助,3 - 有幫助,我不知道這個資源,我不知道這個資源,很少使用（6 個月內 1~2 次）,從沒使用過,從沒使用過,,2 - 沒有幫助,2 - 沒有幫助,3 - 有幫助,4 - 非常有幫助,我不知道這個資源,我不知道這個資源,知道但沒有使用過,,,,,,,,,,,,,,,,,,,3,學校有溝通，但我不太理解,1,1,1,1,1,1,1,1,1,1,1,1,1,1,1,1,1,1,1,1,1,1,1,無,無,,,2,2,2,2,1,1,2,考慮 1 年內持續任職,2,2,無,2,1,,1,無,,,,,2026-02-04 15:37:49,450,2001:b400:e15d:3847:10c8:9a52:d86e:cb0c,,,,3565bc1ac019498bd3c96b39693cc3d6,,,,4.0,3.0,3.0,1.0,1.0,1.0,3.0,4.0,2.0,2.0,1.0,1.0,3.0,,4.0,2.0,4.0,2.0,3.0,3.0,3.0,2.0,3.0,3.0,3.0,3.0,3.0,,,,,,,,,,,2.0,,,0.0,0.1,0.1,3.0,0.1,0.1,1.0,1.0,3.0,3.0,0.0,0.0,2.0,1.0,1.0,2.0,2.0,3.0,4.0,0.0,0.0,0.1,,,,,,,,,,,,,,,3.0,,1.0,1.0,1.0,1.0,1.0,1.0,1.0,1.0,1.0,1.0,1.0,1.0,1.0,1.0,1.0,1.0,1.0,1.0,1.0,1.0,1.0,1.0,1.0,2.0,2.0,2.0,2.0,1.0,1.0,2.0,0.5,2.0,2.0,2.0,1.0,1.0
0,光榮國小,組長 / 教師（含編制外教學人員）,3.0,1 年以下,"想要投入「偏鄉」教育
TFT 計畫成員分發",,,1. 友好組織分享（TFT、均一、政大實驗教育中心...）,,4,4 - 非常認同,4 - 非常認同,4 - 非常認同,4 - 非常認同,4 - 非常認同,4 - 非常認同,4 - 非常同意,3 - 同意,3 - 同意,3 - 同意,4 - 非常同意,3 - 同意,小於 30 分鐘,3 - 同意,2 - 不同意,3 - 同意,3 - 認同,3 - 認同,3 - 認同,3 - 認同,3 - 認同,3 - 同意,3 - 同意,3 - 同意,3 - 同意,3 - 同意,3 - 有幫助,4 - 非常有幫助,知道但沒有使用過,知道但沒有使用過,知道但沒有使用過,經常使用（6 個月內 7 次以上）,從沒使用過,從沒使用過,從沒使用過,,3 - 有幫助,3 - 有幫助,知道但沒有使用過,知道但沒有使用過,,知道但沒有使用過,知道但沒有使用過,知道但沒有使用過,知道但沒有使用過,知道但沒有使用過,知道但沒有使用過,知道但沒有使用過,知道但沒有使用過,知道但沒有使用過,知道但沒有使用過,知道但沒有使用過,3 - 有幫助,從沒使用過,從沒使用過,從沒使用過,,知道但沒有使用過,知道但沒有使用過,知道但沒有使用過,我不知道這個資源,我不知道這個資源,我不知道這個資源,知道但沒有使用過,,,,,,,,,,,,,,,,,,,3,4 - 非常認同,4,4,4,4,4,4,3,3,3,3,3,3,4,4,4,4,4,4,3,3,4,1,4,支持系統,無,無,無,4,4,4,4,2,2,2,考慮 1 - 2 年內持續任職,3,3,無,4,7,,4,,,,,,2026-02-04 15:38:02,611,2001:b400:e2a9:c6d8:6d44:8eef:6189:d32d,,,,d05da4fa5ffdbc549dfdc47b427e42d1,,,,4.0,4.0,4.0,4.0,4.0,4.0,4.0,4.0,3.0,3.0,3.0,4.0,3.0,,3.0,2.0,3.0,3.0,3.0,3.0,3.0,3.0,3.0,3.0,3.0,3.0,3.0,3.0,4.0,0.1,0.1,0.1,4.0,1.0,1.0,1.0,3.0,3.0,0.1,0.1,0.1,0.1,0.1,0.1,0.1,0.1,0.1,0.1,0.1,0.1,0.1,3.0,1.0,1.0,1.0,0.1,0.1,0.1,0.0,0.0,0.0,0.1,,,,,,,,,,,,,,,3.0,4.0,4.0,4.0,4.0,4.0,4.0,4.0,3.0,3.0,3.0,3.0,3.0,3.0,4.0,4.0,4.0,4.0,4.0,4.0,3.0,3.0,4.0,1.0,4.0,4.0,4.0,4.0,4.0,2.0,2.0,2.0,1.5,3.0,3.0,4.0,7.0,4.0
0,宜梧國中,組長 / 教師（含編制外教學人員）,4.0,1 年以下,"認同 KIST 的理念
想要投入「偏鄉」教育",,,"1. 媒體報導
2. 友好組織分享（TFT、均一、政大實驗教育中心...）",,4,2 - 不認同,4 - 非常認同,2 - 不認同,3 - 認同,4 - 非常認同,4 - 非常認同,2 - 不同意,3 - 同意,2 - 不同意,2 - 不同意,4 - 非常同意,3 - 同意,30~60 分鐘,2 - 不同意,2 - 不同意,3 - 同意,3 - 認同,3 - 認同,2 - 不認同,3 - 認同,3 - 認同,3 - 同意,2 - 不同意,2 - 不同意,3 - 同意,3 - 同意,知道但沒有使用過,知道但沒有使用過,知道但沒有使用過,知道但沒有使用過,知道但沒有使用過,很少使用（6 個月內 1~2 次）,很少使用（6 個月內 1~2 次）,很少使用（6 個月內 1~2 次）,很少使用（6 個月內 1~2 次）,,4 - 非常有幫助,4 - 非常有幫助,4 - 非常有幫助,4 - 非常有幫助,,4 - 非常有幫助,知道但沒有使用過,知道但沒有使用過,知道但沒有使用過,知道但沒有使用過,我不知道這個資源,我不知道這個資源,3 - 有幫助,知道但沒有使用過,我不知道這個資源,我不知道這個資源,我不知道這個資源,從沒使用過,從沒使用過,從沒使用過,,知道但沒有使用過,知道但沒有使用過,3 - 有幫助,知道但沒有使用過,我不知道這個資源,我不知道這個資源,知道但沒有使用過,,,,,,,,3 - 有幫助,我不知道有這個資源,知道但沒有使用過,,,,,,,,,4,3 - 認同,4,4,3,3,3,3,3,2,3,3,4,3,3,3,3,4,2,3,2,3,3,2,3,擁有很多資源,品格落實可以依照學校挑戰,資源多！願意給老師機會,業務量偏多,3,3,4,3,1,3,4,考慮 1 - 2 年內持續任職,4,4,"希望有機會轉成後台！！！！
我要成為後台的一份子！！",3,8,互動多～,4,,,,,,2026-02-04 15:38:04,604,2402:7500:9f9:9f12:384c:efca:85ba:a8f8,,,,4643462d7b45f23dc564ea708bc3018f,,,,4.0,2.0,4.0,2.0,3.0,4.0,4.0,2.0,3.0,2.0,2.0,4.0,3.0,30.0,2.0,2.0,3.0,3.0,3.0,2.0,3.0,3.0,3.0,2.0,2.0,3.0,3.0,0.1,0.1,0.1,0.1,0.1,2.0,2.0,2.0,2.0,4.0,4.0,4.0,4.0,4.0,0.1,0.1,0.1,0.1,0.0,0.0,3.0,0.1,0.0,0.0,0.0,1.0,1.0,1.0,0.1,0.1,3.0,0.1,0.0,0.0,0.1,,,,,,3.0,0.0,0.1,,,,,,,4.0,3.0,4.0,4.0,3.0,3.0,3.0,3.0,3.0,2.0,3.0,3.0,4.0,3.0,3.0,3.0,3.0,4.0,2.0,3.0,2.0,3.0,3.0,2.0,3.0,3.0,3.0,4.0,3.0,1.0,3.0,4.0,1.5,4.0,4.0,3.0,8.0,4.0
0,三民國中,校長 / 主任,4.0,5 年以上,,,,,,4,4 - 非常認同,4 - 非常認同,4 - 非常認同,4 - 非常認同,4 - 非常認同,4 - 非常認同,4 - 非常同意,4 - 非常同意,4 - 非常同意,4 - 非常同意,4 - 非常同意,4 - 非常同意,小於 30 分鐘,3 - 同意,2 - 不同意,3 - 同意,4 - 非常認同,4 - 非常認同,4 - 非常認同,4 - 非常認同,3 - 認同,4 - 非常同意,3 - 同意,3 - 同意,3 - 同意,我不理解這項 KIST 教學特色,,,,,,,,,,,3 - 有幫助,3 - 有幫助,3 - 有幫助,3 - 有幫助,,知道但沒有使用過,3 - 有幫助,3 - 有幫助,知道但沒有使用過,4 - 非常有幫助,3 - 有幫助,3 - 有幫助,3 - 有幫助,知道但沒有使用過,知道但沒有使用過,3 - 有幫助,知道但沒有使用過,很少使用（6 個月內 1~2 次）,很少使用（6 個月內 1~2 次）,很少使用（6 個月內 1~2 次）,,4 - 非常有幫助,3 - 有幫助,3 - 有幫助,3 - 有幫助,3 - 有幫助,知道但沒有使用過,3 - 有幫助,,4 - 非常有幫助,知道但沒有使用過,知道但沒有使用過,3 - 有幫助,3 - 有幫助,,,,,,,,,,,,,4,4 - 非常認同,4,4,4,4,3,3,3,3,3,4,3,3,3,3,3,4,3,3,3,3,4,2,4,打群架氛圍,無,,,4,4,4,4,4,4,4,考慮任職 2 年以上,4,3,發揮自己的專長,4,9,,4,,,,,,2026-02-04 15:38:11,612,2402:7500:4e3:f0b6:143c:e6d0:2c96:fd09,,,,0fc7f3df4f9653b2d9edce1fad5d8860,,,,4.0,4.0,4.0,4.0,4.0,4.0,4.0,4.0,4.0,4.0,4.0,4.0,4.0,,3.0,2.0,3.0,4.0,4.0,4.0,4.0,3.0,4.0,3.0,3.0,3.0,0.0,,,,,,,,,,3.0,3.0,3.0,3.0,0.1,3.0,3.0,0.1,4.0,3.0,3.0,3.0,0.1,0.1,3.0,0.1,2.0,2.0,2.0,4.0,3.0,3.0,3.0,3.0,0.1,3.0,4.0,0.1,0.1,3.0,3.0,,,,,,,,,,4.0,4.0,4.0,4.0,4.0,4.0,3.0,3.0,3.0,3.0,3.0,4.0,3.0,3.0,3.0,3.0,3.0,4.0,3.0,3.0,3.0,3.0,4.0,2.0,4.0,4.0,4.0,4.0,4.0,4.0,4.0,4.0,2.0,4.0,3.0,4.0,9.0,4.0
0,光榮國小,組長 / 教師（含編制外教學人員）,0.0,1 年以下,TFT 計畫成員分發,,,"1. 友好組織分享（TFT、均一、政大實驗教育中心...）
2. 參訪 KIST 學校
3. 【KIST 教育實驗室】Instagram",,3,3 - 認同,4 - 非常認同,3 - 認同,3 - 認同,3 - 認同,2 - 不認同,3 - 同意,3 - 同意,3 - 同意,3 - 同意,3 - 同意,2 - 不同意,小於 30 分鐘,1 - 非常不同意,2 - 不同意,3 - 同意,3 - 認同,2 - 不認同,2 - 不認同,2 - 不認同,3 - 認同,2 - 不同意,2 - 不同意,2 - 不同意,2 - 不同意,2 - 不同意,2 - 沒有幫助,4 - 非常有幫助,2 - 沒有幫助,2 - 沒有幫助,2 - 沒有幫助,經常使用（6 個月內 7 次以上）,從沒使用過,從沒使用過,從沒使用過,學科研習課可以更落地，因為Kcamp 大家的年資和經驗都很不一，上課就明顯感覺有人認真跟不認真,2 - 沒有幫助,2 - 沒有幫助,我不知有這個資源,知道但沒有使用過,,知道但沒有使用過,知道但沒有使用過,3 - 有幫助,我不知道這個資源,知道但沒有使用過,我不知道這個資源,我不知道這個資源,我不知道這個資源,3 - 有幫助,我不知道這個資源,我不知道這個資源,我不知道這個資源,從沒使用過,很少使用（6 個月內 1~2 次）,從沒使用過,,3 - 有幫助,我不知道這個資源,我不知道這個資源,我不知道這個資源,我不知道這個資源,我不知道這個資源,知道但沒有使用過,,,,,,,,,,,,,,,,,,,2,3 - 認同,3,4,3,3,2,3,3,3,2,3,3,3,4,4,3,4,4,4,4,4,4,4,4,互相支持，但是打群架有點累,學校人力還是很不足，很疲憊，每個人都很累,,,3,3,4,3,1,1,1,考慮 1 - 2 年內持續任職,2,2,目前還在練習當一個老師,2,4,,2,,,,,辛苦大家！,2026-02-04 15:38:21,599,2001:b400:e28a:c7a5:b424:956b:f825:551,,,,1776aa8ac617a9fc25e4a97dda297c1e,,,,3.0,3.0,4.0,3.0,3.0,3.0,2.0,3.0,3.0,3.0,3.0,3.0,2.0,,1.0,2.0,3.0,3.0,2.0,2.0,2.0,3.0,2.0,2.0,2.0,2.0,2.0,2.0,4.0,2.0,2.0,2.0,4.0,1.0,1.0,1.0,2.0,2.0,,0.1,0.1,0.1,3.0,0.0,0.1,0.0,0.0,0.0,3.0,0.0,0.0,0.0,1.0,2.0,1.0,3.0,0.0,0.0,0.0,0.0,0.0,0.1,,,,,,,,,,,,,,,2.0,3.0,3.0,4.0,3.0,3.0,2.0,3.0,3.0,3.0,2.0,3.0,3.0,3.0,4.0,4.0,3.0,4.0,4.0,4.0,4.0,4.0,4.0,4.0,4.0,3.0,3.0,4.0,3.0,1.0,1.0,1.0,1.5,2.0,2.0,2.0,4.0,2.0
0,拯民國小,組長 / 教師（含編制外教學人員）,0.0,3-5 年,,,,,,4,3 - 認同,3 - 認同,4 - 非常認同,3 - 認同,4 - 非常認同,4 - 非常認同,4 - 非常同意,3 - 同意,3 - 同意,3 - 同意,3 - 同意,2 - 不同意,60~120 分鐘,2 - 不同意,2 - 不同意,3 - 同意,3 - 認同,3 - 認同,4 - 非常認同,3 - 認同,3 - 認同,3 - 同意,3 - 同意,4 - 非常同意,4 - 非常同意,3 - 同意,,,,,,,,,,,3 - 有幫助,3 - 有幫助,3 - 有幫助,2 - 沒有幫助,跨校共備會因當下的教學需求而決定是否參與，因各校或各年段的需求可能有所不同，很難一次滿足所有人的需要，有時就會取捨回到校內共備交流學習。,知道但沒有使用過,知道但沒有使用過,知道但沒有使用過,3 - 有幫助,3 - 有幫助,3 - 有幫助,我不知道這個資源,知道但沒有使用過,知道但沒有使用過,3 - 有幫助,知道但沒有使用過,知道但沒有使用過,很少使用（6 個月內 1~2 次）,從沒使用過,偶爾使用（6 個月內 3~6 次）,,3 - 有幫助,3 - 有幫助,知道但沒有使用過,4 - 非常有幫助,知道但沒有使用過,知道但沒有使用過,知道但沒有使用過,,,,,,,,,,,,,,,,,,,3,3 - 認同,4,4,3,3,3,2,3,3,3,3,4,3,4,3,3,3,3,3,4,3,3,1,3,夥伴們彼此支持,我也正在思考怎麼做,,,2,2,2,2,2,3,2,不考慮持續任職,1,2,先安頓好目前的狀態,2,5,,3,在時間上給予更多的彈性,,,,,2026-02-04 15:38:28,628,2402:7500:487:a609:ea:c0bc:8865:95cf,,,,ef32f7d148b634dc7f241a2fb6aa11fe,,,,4.0,3.0,3.0,4.0,3.0,4.0,4.0,4.0,3.0,3.0,3.0,3.0,2.0,60.0,2.0,2.0,3.0,3.0,3.0,4.0,3.0,3.0,3.0,3.0,4.0,4.0,3.0,,,,,,,,,,3.0,3.0,3.0,2.0,0.1,0.1,0.1,3.0,3.0,3.0,0.0,0.1,0.1,3.0,0.1,0.1,2.0,1.0,3.0,3.0,3.0,0.1,4.0,0.1,0.1,0.1,,,,,,,,,,,,,,,3.0,3.0,4.0,4.0,3.0,3.0,3.0,2.0,3.0,3.0,3.0,3.0,4.0,3.0,4.0,3.0,3.0,3.0,3.0,3.0,4.0,3.0,3.0,1.0,3.0,2.0,2.0,2.0,2.0,2.0,3.0,2.0,0.0,1.0,2.0,2.0,5.0,3.0
0,三民國中,組長 / 教師（含編制外教學人員）,7.0,5 年以上,,,,,,4,4 - 非常認同,4 - 非常認同,4 - 非常認同,3 - 認同,4 - 非常認同,4 - 非常認同,3 - 同意,3 - 同意,4 - 非常同意,4 - 非常同意,3 - 同意,4 - 非常同意,60~120 分鐘,4 - 非常同意,4 - 非常同意,4 - 非常同意,4 - 非常認同,4 - 非常認同,4 - 非常認同,4 - 非常認同,4 - 非常認同,3 - 同意,4 - 非常同意,4 - 非常同意,4 - 非常同意,4 - 非常同意,,,,,,,,,,,4 - 非常有幫助,4 - 非常有幫助,知道但沒有使用過,3 - 有幫助,,知道但沒有使用過,知道但沒有使用過,3 - 有幫助,3 - 有幫助,知道但沒有使用過,知道但沒有使用過,知道但沒有使用過,知道但沒有使用過,3 - 有幫助,3 - 有幫助,3 - 有幫助,知道但沒有使用過,偶爾使用（6 個月內 3~6 次）,很少使用（6 個月內 1~2 次）,很少使用（6 個月內 1~2 次）,,4 - 非常有幫助,3 - 有幫助,3 - 有幫助,4 - 非常有幫助,知道但沒有使用過,知道但沒有使用過,知道但沒有使用過,,,,,,,,,,,,,,,,,,,4,4 - 非常認同,4,4,4,4,4,4,4,4,4,4,4,4,4,4,4,4,4,4,4,4,4,1,4,熱情❤️‍🔥！,往前走的時侯轉頭發現有同伴,,,4,4,3,4,2,1,2,考慮任職 2 年以上,4,1,一起向前衝,4,9,,2,溫度,,,,,2026-02-04 15:38:36,636,2001:b400:e28a:9dd9:8c8a:6b09:5850:8633,,,,c10b585073523defef0c3821e52ce50d,,,,4.0,4.0,4.0,4.0,3.0,4.0,4.0,3.0,3.0,4.0,4.0,3.0,4.0,60.0,4.0,4.0,4.0,4.0,4.0,4.0,4.0,4.0,3.0,4.0,4.0,4.0,4.0,,,,,,,,,,4.0,4.0,0.1,3.0,0.1,0.1,3.0,3.0,0.1,0.1,0.1,0.1,3.0,3.0,3.0,0.1,3.0,2.0,2.0,4.0,3.0,3.0,4.0,0.1,0.1,0.1,,,,,,,,,,,,,,,4.0,4.0,4.0,4.0,4.0,4.0,4.0,4.0,4.0,4.0,4.0,4.0,4.0,4.0,4.0,4.0,4.0,4.0,4.0,4.0,4.0,4.0,4.0,1.0,4.0,4.0,4.0,3.0,4.0,2.0,1.0,2.0,2.0,4.0,1.0,4.0,9.0,2.0
0,三民國小,校長 / 主任,3.0,5 年以上,,,,,,4,4 - 非常認同,4 - 非常認同,4 - 非常認同,4 - 非常認同,4 - 非常認同,4 - 非常認同,4 - 非常同意,4 - 非常同意,4 - 非常同意,4 - 非常同意,4 - 非常同意,4 - 非常同意,30~60 分鐘,4 - 非常同意,3 - 同意,4 - 非常同意,4 - 非常認同,4 - 非常認同,4 - 非常認同,4 - 非常認同,4 - 非常認同,4 - 非常同意,4 - 非常同意,4 - 非常同意,4 - 非常同意,3 - 同意,,,,,,,,,,,3 - 有幫助,3 - 有幫助,4 - 非常有幫助,4 - 非常有幫助,,4 - 非常有幫助,3 - 有幫助,3 - 有幫助,3 - 有幫助,知道但沒有使用過,3 - 有幫助,4 - 非常有幫助,3 - 有幫助,知道但沒有使用過,3 - 有幫助,知道但沒有使用過,知道但沒有使用過,經常使用（6 個月內 7 次以上）,很少使用（6 個月內 1~2 次）,偶爾使用（6 個月內 3~6 次）,連結形式，目前以後台/教練/顧問陪跑的手把手高速雙向回饋教學最有效,4 - 非常有幫助,3 - 有幫助,4 - 非常有幫助,3 - 有幫助,3 - 有幫助,4 - 非常有幫助,3 - 有幫助,,4 - 非常有幫助,3 - 有幫助,4 - 非常有幫助,4 - 非常有幫助,3 - 有幫助,,,,,,,,,,,,,4,4 - 非常認同,4,4,4,4,4,4,4,3,4,4,4,4,4,4,4,4,4,4,3,3,4,1,3,信念一致,暫無,,,4,4,4,4,4,4,4,考慮任職 2 年以上,4,4,繼續牡蠣,4,10,高度支持,4,,,看見夥伴,暫無,,2026-02-04 15:38:37,631,2001:b400:e294:f2f:d519:d8d3:789d:abd3,,,,1214f4d48c6da2c554f790ed0d4dfc6e,,,,4.0,4.0,4.0,4.0,4.0,4.0,4.0,4.0,4.0,4.0,4.0,4.0,4.0,30.0,4.0,3.0,4.0,4.0,4.0,4.0,4.0,4.0,4.0,4.0,4.0,4.0,3.0,,,,,,,,,,3.0,3.0,4.0,4.0,4.0,3.0,3.0,3.0,0.1,3.0,4.0,3.0,0.1,3.0,0.1,0.1,4.0,2.0,3.0,4.0,3.0,4.0,3.0,3.0,4.0,3.0,4.0,3.0,4.0,4.0,3.0,,,,,,,,,,4.0,4.0,4.0,4.0,4.0,4.0,4.0,4.0,4.0,3.0,4.0,4.0,4.0,4.0,4.0,4.0,4.0,4.0,4.0,4.0,3.0,3.0,4.0,1.0,3.0,4.0,4.0,4.0,4.0,4.0,4.0,4.0,2.0,4.0,4.0,4.0,10.0,4.0
0,拯民國小,組長 / 教師（含編制外教學人員）,2.0,2-3 年,,,,,,4,3 - 認同,3 - 認同,3 - 認同,3 - 認同,3 - 認同,4 - 非常認同,3 - 同意,3 - 同意,3 - 同意,3 - 同意,3 - 同意,4 - 非常同意,30~60 分鐘,2 - 不同意,2 - 不同意,3 - 同意,3 - 認同,3 - 認同,3 - 認同,3 - 認同,3 - 認同,3 - 同意,3 - 同意,3 - 同意,3 - 同意,3 - 同意,,,,,,,,,,,3 - 有幫助,3 - 有幫助,3 - 有幫助,3 - 有幫助,,3 - 有幫助,知道但沒有使用過,知道但沒有使用過,3 - 有幫助,知道但沒有使用過,3 - 有幫助,知道但沒有使用過,知道但沒有使用過,知道但沒有使用過,我不知道這個資源,我不知道這個資源,我不知道這個資源,偶爾使用（6 個月內 3~6 次）,很少使用（6 個月內 1~2 次）,很少使用（6 個月內 1~2 次）,,3 - 有幫助,3 - 有幫助,知道但沒有使用過,3 - 有幫助,知道但沒有使用過,3 - 有幫助,知道但沒有使用過,,,,,,,,,,,,,,,,,,,4,3 - 認同,3,3,3,3,3,3,4,3,4,3,3,3,3,3,3,4,3,4,3,3,4,2,4,友善,幫助我找到自己的平衡,,,4,3,4,3,1,2,1,考慮 1 - 2 年內持續任職,2,1,無,3,7,無,3,,,持續成長,無,,2026-02-04 15:38:37,644,2001:b400:e112:f286:9820:92cb:7461:5446,,,,8504f566aafeef3c137307f0ff482a2f,,,,4.0,3.0,3.0,3.0,3.0,3.0,4.0,3.0,3.0,3.0,3.0,3.0,4.0,30.0,2.0,2.0,3.0,3.0,3.0,3.0,3.0,3.0,3.0,3.0,3.0,3.0,3.0,,,,,,,,,,3.0,3.0,3.0,3.0,3.0,0.1,0.1,3.0,0.1,3.0,0.1,0.1,0.1,0.0,0.0,0.0,3.0,2.0,2.0,3.0,3.0,0.1,3.0,0.1,3.0,0.1,,,,,,,,,,,,,,,4.0,3.0,3.0,3.0,3.0,3.0,3.0,3.0,4.0,3.0,4.0,3.0,3.0,3.0,3.0,3.0,3.0,4.0,3.0,4.0,3.0,3.0,4.0,2.0,4.0,4.0,3.0,4.0,3.0,1.0,2.0,1.0,1.5,2.0,1.0,3.0,7.0,3.0
0,三民國小,組長 / 教師（含編制外教學人員）,0.0,1-2 年,,,,,,3,3 - 認同,4 - 非常認同,4 - 非常認同,4 - 非常認同,4 - 非常認同,4 - 非常認同,3 - 同意,3 - 同意,3 - 同意,2 - 不同意,3 - 同意,2 - 不同意,小於 30 分鐘,3 - 同意,3 - 同意,3 - 同意,2 - 不認同,3 - 認同,3 - 認同,3 - 認同,3 - 認同,2 - 不同意,3 - 同意,2 - 不同意,2 - 不同意,3 - 同意,,,,,,,,,,,3 - 有幫助,3 - 有幫助,知道但沒有使用過,2 - 沒有幫助,,3 - 有幫助,知道但沒有使用過,知道但沒有使用過,1 - 完全沒有幫助,知道但沒有使用過,知道但沒有使用過,知道但沒有使用過,3 - 有幫助,我不知道這個資源,知道但沒有使用過,知道但沒有使用過,知道但沒有使用過,經常使用（6 個月內 7 次以上）,很少使用（6 個月內 1~2 次）,從沒使用過,,3 - 有幫助,我不知道這個資源,3 - 有幫助,4 - 非常有幫助,知道但沒有使用過,知道但沒有使用過,1 - 完全沒有幫助,,,,,,,,,,,,,,,,,,,3,學校有溝通，但我不太理解,3,4,4,3,4,4,2,3,3,4,4,3,4,4,3,2,3,4,4,3,3,2,2,資源充足，有真正的在改善與理解，持續精進，值得期待,站穩第一步再往下走,,,4,4,4,4,1,3,3,考慮 1 年內持續任職,3,2,持續在教育現場精進自己,4,7,,4,,,,,,2026-02-04 15:38:46,637,49.214.1.192,,,,c3ea42e3ee8d35002afc2071d132e59d,,,,3.0,3.0,4.0,4.0,4.0,4.0,4.0,3.0,3.0,3.0,2.0,3.0,2.0,,3.0,3.0,3.0,2.0,3.0,3.0,3.0,3.0,2.0,3.0,2.0,2.0,3.0,,,,,,,,,,3.0,3.0,0.1,2.0,3.0,0.1,0.1,1.0,0.1,0.1,0.1,3.0,0.0,0.1,0.1,0.1,4.0,2.0,1.0,3.0,0.0,3.0,4.0,0.1,0.1,1.0,,,,,,,,,,,,,,,3.0,,3.0,4.0,4.0,3.0,4.0,4.0,2.0,3.0,3.0,4.0,4.0,3.0,4.0,4.0,3.0,2.0,3.0,4.0,4.0,3.0,3.0,2.0,2.0,4.0,4.0,4.0,4.0,1.0,3.0,3.0,0.5,3.0,2.0,4.0,7.0,4.0
0,樟湖生態國中小,組長 / 教師（含編制外教學人員）,15.0,3-5 年,,,,,,4,4 - 非常認同,4 - 非常認同,4 - 非常認同,4 - 非常認同,4 - 非常認同,4 - 非常認同,4 - 非常同意,4 - 非常同意,4 - 非常同意,4 - 非常同意,4 - 非常同意,4 - 非常同意,120 分鐘以上,4 - 非常同意,4 - 非常同意,3 - 同意,3 - 認同,3 - 認同,3 - 認同,4 - 非常認同,4 - 非常認同,3 - 同意,3 - 同意,4 - 非常同意,3 - 同意,4 - 非常同意,,,,,,,,,,,3 - 有幫助,4 - 非常有幫助,3 - 有幫助,3 - 有幫助,,3 - 有幫助,知道但沒有使用過,知道但沒有使用過,3 - 有幫助,3 - 有幫助,知道但沒有使用過,知道但沒有使用過,知道但沒有使用過,我不知道這個資源,我不知道這個資源,知道但沒有使用過,我不知道這個資源,從沒使用過,從沒使用過,從沒使用過,,知道但沒有使用過,知道但沒有使用過,知道但沒有使用過,4 - 非常有幫助,知道但沒有使用過,知道但沒有使用過,知道但沒有使用過,,,,,,,,,,,,,,,,,,,4,4 - 非常認同,4,4,4,4,4,4,4,4,4,4,4,4,4,4,4,4,4,4,4,4,4,4,4,活潑 熱情,用愛心說真話,,,4,4,4,4,4,4,4,考慮 1 - 2 年內持續任職,4,4,帶來更多的養分,4,10,讓人生充滿希望,4,多了更多包容,,擴大影響力,過多行政事務,,2026-02-04 15:39:04,672,2401:e180:88b2:f13:90a4:88ff:fe68:7b19,,,,80d5109c30f5138e14bbaf107d1631bc,,,,4.0,4.0,4.0,4.0,4.0,4.0,4.0,4.0,4.0,4.0,4.0,4.0,4.0,,4.0,4.0,3.0,3.0,3.0,3.0,4.0,4.0,3.0,3.0,4.0,3.0,4.0,,,,,,,,,,3.0,4.0,3.0,3.0,3.0,0.1,0.1,3.0,3.0,0.1,0.1,0.1,0.0,0.0,0.1,0.0,1.0,1.0,1.0,0.1,0.1,0.1,4.0,0.1,0.1,0.1,,,,,,,,,,,,,,,4.0,4.0,4.0,4.0,4.0,4.0,4.0,4.0,4.0,4.0,4.0,4.0,4.0,4.0,4.0,4.0,4.0,4.0,4.0,4.0,4.0,4.0,4.0,4.0,4.0,4.0,4.0,4.0,4.0,4.0,4.0,4.0,1.5,4.0,4.0,4.0,10.0,4.0
0,仙草實小,組長 / 教師（含編制外教學人員）,6.0,3-5 年,,,,,,4,4 - 非常認同,4 - 非常認同,4 - 非常認同,4 - 非常認同,4 - 非常認同,4 - 非常認同,4 - 非常同意,3 - 同意,3 - 同意,4 - 非常同意,3 - 同意,3 - 同意,30~60 分鐘,2 - 不同意,2 - 不同意,2 - 不同意,4 - 非常認同,4 - 非常認同,4 - 非常認同,4 - 非常認同,4 - 非常認同,3 - 同意,3 - 同意,3 - 同意,3 - 同意,2 - 不同意,,,,,,,,,,,4 - 非常有幫助,4 - 非常有幫助,4 - 非常有幫助,3 - 有幫助,,4 - 非常有幫助,4 - 非常有幫助,3 - 有幫助,3 - 有幫助,知道但沒有使用過,3 - 有幫助,知道但沒有使用過,知道但沒有使用過,知道但沒有使用過,知道但沒有使用過,3 - 有幫助,4 - 非常有幫助,很少使用（6 個月內 1~2 次）,偶爾使用（6 個月內 3~6 次）,經常使用（6 個月內 7 次以上）,,3 - 有幫助,3 - 有幫助,3 - 有幫助,4 - 非常有幫助,3 - 有幫助,知道但沒有使用過,4 - 非常有幫助,,,,,,,,,,,,,,,,,,,4,3 - 認同,4,4,4,4,4,4,3,4,3,4,4,4,2,3,3,4,4,4,4,4,4,1,3,用愛心說真話,行政減壓工具的發想,,,4,4,4,3,1,3,2,不考慮持續任職,3,4,應該會先介聘回其他縣市，等以後孩子長大不需要我了再回來喔,4,10,,4,,,,,,2026-02-04 15:39:11,679,2401:e180:8d54:aeb8:21a3:ff03:81a3:4a62,,,,d819d06e583bfeaff53dfd9781c9918d,,,,4.0,4.0,4.0,4.0,4.0,4.0,4.0,4.0,3.0,3.0,4.0,3.0,3.0,30.0,2.0,2.0,2.0,4.0,4.0,4.0,4.0,4.0,3.0,3.0,3.0,3.0,2.0,,,,,,,,,,4.0,4.0,4.0,3.0,4.0,4.0,3.0,3.0,0.1,3.0,0.1,0.1,0.1,0.1,3.0,4.0,2.0,3.0,4.0,3.0,3.0,3.0,4.0,3.0,0.1,4.0,,,,,,,,,,,,,,,4.0,3.0,4.0,4.0,4.0,4.0,4.0,4.0,3.0,4.0,3.0,4.0,4.0,4.0,2.0,3.0,3.0,4.0,4.0,4.0,4.0,4.0,4.0,1.0,3.0,4.0,4.0,4.0,3.0,1.0,3.0,2.0,0.0,3.0,4.0,4.0,10.0,4.0
0,三民國中,組長 / 教師（含編制外教學人員）,5.0,1-2 年,,,,,,4,3 - 認同,4 - 非常認同,4 - 非常認同,4 - 非常認同,4 - 非常認同,4 - 非常認同,4 - 非常同意,4 - 非常同意,4 - 非常同意,4 - 非常同意,4 - 非常同意,4 - 非常同意,小於 30 分鐘,2 - 不同意,3 - 同意,2 - 不同意,3 - 認同,4 - 非常認同,4 - 非常認同,我不理解這項 KIST 教學特色,我不理解這項 KIST 教學特色,2 - 不同意,3 - 同意,3 - 同意,2 - 不同意,2 - 不同意,,,,,,,,,,,4 - 非常有幫助,3 - 有幫助,知道但沒有使用過,知道但沒有使用過,雲端共享,知道但沒有使用過,知道但沒有使用過,3 - 有幫助,3 - 有幫助,知道但沒有使用過,知道但沒有使用過,知道但沒有使用過,知道但沒有使用過,3 - 有幫助,4 - 非常有幫助,我不知道這個資源,我不知道這個資源,很少使用（6 個月內 1~2 次）,很少使用（6 個月內 1~2 次）,很少使用（6 個月內 1~2 次）,,3 - 有幫助,3 - 有幫助,知道但沒有使用過,知道但沒有使用過,知道但沒有使用過,知道但沒有使用過,知道但沒有使用過,,,,,,,,,,,,,,,,,,,4,3 - 認同,4,4,4,4,3,4,4,4,4,4,3,4,4,4,3,4,4,4,4,4,4,4,3,打群架的精神、重視品格教育、SEL教育,暫時沒想到,,,4,4,4,4,2,2,3,考慮 1 - 2 年內持續任職,3,2,持續學習應用SEL ,4,8,,4,,,品格力、文化力,,,2026-02-04 15:39:18,689,2401:e180:8841:4814:ad7b:14c5:8a7d:4389,,,,7553b5dde67b5c3e0f3001702378a77d,,,,4.0,3.0,4.0,4.0,4.0,4.0,4.0,4.0,4.0,4.0,4.0,4.0,4.0,,2.0,3.0,2.0,3.0,4.0,4.0,0.0,0.0,2.0,3.0,3.0,2.0,2.0,,,,,,,,,,4.0,3.0,0.1,0.1,0.1,0.1,3.0,3.0,0.1,0.1,0.1,0.1,3.0,4.0,0.0,0.0,2.0,2.0,2.0,3.0,3.0,0.1,0.1,0.1,0.1,0.1,,,,,,,,,,,,,,,4.0,3.0,4.0,4.0,4.0,4.0,3.0,4.0,4.0,4.0,4.0,4.0,3.0,4.0,4.0,4.0,3.0,4.0,4.0,4.0,4.0,4.0,4.0,4.0,3.0,4.0,4.0,4.0,4.0,2.0,2.0,3.0,1.5,3.0,2.0,4.0,8.0,4.0
0,拯民國小,組長 / 教師（含編制外教學人員）,0.0,1 年以下,認同 KIST 的理念,,,"1. 參訪 KIST 學校
2. KIST 夥伴介紹
3. KIST 線上活動 / 工作坊",,4,4 - 非常認同,4 - 非常認同,4 - 非常認同,4 - 非常認同,4 - 非常認同,4 - 非常認同,4 - 非常同意,4 - 非常同意,4 - 非常同意,4 - 非常同意,4 - 非常同意,4 - 非常同意,小於 30 分鐘,3 - 同意,3 - 同意,2 - 不同意,3 - 認同,3 - 認同,3 - 認同,3 - 認同,3 - 認同,3 - 同意,3 - 同意,3 - 同意,3 - 同意,3 - 同意,3 - 有幫助,3 - 有幫助,3 - 有幫助,3 - 有幫助,我不知道這個資源,偶爾使用（6 個月內 3~6 次）,很少使用（6 個月內 1~2 次）,很少使用（6 個月內 1~2 次）,從沒使用過,,知道但沒有使用過,3 - 有幫助,知道但沒有使用過,3 - 有幫助,,知道但沒有使用過,知道但沒有使用過,3 - 有幫助,我不知道這個資源,知道但沒有使用過,我不知道這個資源,我不知道這個資源,3 - 有幫助,知道但沒有使用過,知道但沒有使用過,知道但沒有使用過,我不知道這個資源,從沒使用過,很少使用（6 個月內 1~2 次）,從沒使用過,,知道但沒有使用過,3 - 有幫助,知道但沒有使用過,3 - 有幫助,我不知道這個資源,我不知道這個資源,知道但沒有使用過,,,,,,,,,,,,,,,,,,,4,3 - 認同,4,4,4,4,4,4,4,4,4,4,4,4,4,4,4,4,4,4,4,4,4,4,4,打群架,彈性制度,無,無,4,4,1,1,1,1,2,考慮 1 - 2 年內持續任職,4,4,無,4,10,成就感,4,,,無,無,,2026-02-04 15:39:20,691,2001:b400:e12e:85c5:ac27:6bf5:8387:6851,,,,baa2e909fece36eea817b9117ca3c911,,,,4.0,4.0,4.0,4.0,4.0,4.0,4.0,4.0,4.0,4.0,4.0,4.0,4.0,,3.0,3.0,2.0,3.0,3.0,3.0,3.0,3.0,3.0,3.0,3.0,3.0,3.0,3.0,3.0,3.0,3.0,0.0,3.0,2.0,2.0,1.0,0.1,3.0,0.1,3.0,0.1,0.1,3.0,0.0,0.1,0.0,0.0,3.0,0.1,0.1,0.1,0.0,1.0,2.0,1.0,0.1,3.0,0.1,3.0,0.0,0.0,0.1,,,,,,,,,,,,,,,4.0,3.0,4.0,4.0,4.0,4.0,4.0,4.0,4.0,4.0,4.0,4.0,4.0,4.0,4.0,4.0,4.0,4.0,4.0,4.0,4.0,4.0,4.0,4.0,4.0,4.0,4.0,1.0,1.0,1.0,1.0,2.0,1.5,4.0,4.0,4.0,10.0,4.0
0,內甕國小,校長 / 主任,20.0,1-2 年,,,,,,4,4 - 非常認同,4 - 非常認同,4 - 非常認同,4 - 非常認同,4 - 非常認同,4 - 非常認同,4 - 非常同意,3 - 同意,3 - 同意,3 - 同意,4 - 非常同意,3 - 同意,60~120 分鐘,3 - 同意,3 - 同意,3 - 同意,3 - 認同,3 - 認同,3 - 認同,3 - 認同,我不理解這項 KIST 教學特色,3 - 同意,3 - 同意,3 - 同意,3 - 同意,我不理解這項 KIST 教學特色,,,,,,,,,,,3 - 有幫助,3 - 有幫助,知道但沒有使用過,知道但沒有使用過,,3 - 有幫助,知道但沒有使用過,3 - 有幫助,知道但沒有使用過,知道但沒有使用過,知道但沒有使用過,知道但沒有使用過,知道但沒有使用過,知道但沒有使用過,知道但沒有使用過,知道但沒有使用過,知道但沒有使用過,從沒使用過,從沒使用過,從沒使用過,,3 - 有幫助,3 - 有幫助,知道但沒有使用過,知道但沒有使用過,知道但沒有使用過,知道但沒有使用過,知道但沒有使用過,,知道但沒有使用過,知道但沒有使用過,知道但沒有使用過,3 - 有幫助,3 - 有幫助,,,,,,,,,,,,,4,3 - 認同,4,4,4,4,4,4,4,4,4,4,4,4,4,4,4,4,4,4,4,4,4,4,4,很友善,能更自由 自在,,,4,4,4,4,2,1,1,考慮任職 2 年以上,4,1,順其自然,4,10,,4,,,,,,2026-02-04 15:39:22,680,211.22.7.169,,,,d6b14c068de9986471becaa941fc9795,,,,4.0,4.0,4.0,4.0,4.0,4.0,4.0,4.0,3.0,3.0,3.0,4.0,3.0,60.0,3.0,3.0,3.0,3.0,3.0,3.0,3.0,0.0,3.0,3.0,3.0,3.0,0.0,,,,,,,,,,3.0,3.0,0.1,0.1,3.0,0.1,3.0,0.1,0.1,0.1,0.1,0.1,0.1,0.1,0.1,0.1,1.0,1.0,1.0,3.0,3.0,0.1,0.1,0.1,0.1,0.1,0.1,0.1,0.1,3.0,3.0,,,,,,,,,,4.0,3.0,4.0,4.0,4.0,4.0,4.0,4.0,4.0,4.0,4.0,4.0,4.0,4.0,4.0,4.0,4.0,4.0,4.0,4.0,4.0,4.0,4.0,4.0,4.0,4.0,4.0,4.0,4.0,2.0,1.0,1.0,2.0,4.0,1.0,4.0,10.0,4.0
0,三民國小,組長 / 教師（含編制外教學人員）,7.0,1 年以下,"認同 KIST 的理念
想要投入「偏鄉」教育
TFT 計畫成員分發",,,"1. 友好組織分享（TFT、均一、政大實驗教育中心...）
2. 參訪 KIST 學校
3. 誠致官方網站",,4,4 - 非常認同,4 - 非常認同,4 - 非常認同,3 - 認同,4 - 非常認同,3 - 認同,3 - 同意,4 - 非常同意,4 - 非常同意,3 - 同意,3 - 同意,2 - 不同意,小於 30 分鐘,3 - 同意,2 - 不同意,3 - 同意,4 - 非常認同,4 - 非常認同,4 - 非常認同,3 - 認同,4 - 非常認同,3 - 同意,2 - 不同意,2 - 不同意,2 - 不同意,3 - 同意,3 - 有幫助,4 - 非常有幫助,知道但沒有使用過,知道但沒有使用過,知道但沒有使用過,偶爾使用（6 個月內 3~6 次）,從沒使用過,從沒使用過,從沒使用過,,3 - 有幫助,2 - 沒有幫助,知道但沒有使用過,知道但沒有使用過,,4 - 非常有幫助,知道但沒有使用過,知道但沒有使用過,3 - 有幫助,我不知道這個資源,我不知道這個資源,我不知道這個資源,3 - 有幫助,知道但沒有使用過,知道但沒有使用過,我不知道這個資源,我不知道這個資源,經常使用（6 個月內 7 次以上）,從沒使用過,從沒使用過,,3 - 有幫助,我不知道這個資源,知道但沒有使用過,3 - 有幫助,我不知道這個資源,我不知道這個資源,3 - 有幫助,,,,,,,,,,,,,,,,,,,4,4 - 非常認同,3,4,4,4,4,4,4,4,4,4,4,4,4,4,4,4,4,3,3,3,4,1,4,重視學生的特質與想法，重視品格,目前想不到,,,4,4,4,4,2,2,3,考慮 1 年內持續任職,4,2,想要結合職涯諮詢與教師的工作,4,9,有很多理念相同的夥伴，大家一起為學生努力,4,,,,,,2026-02-04 15:39:26,693,140.131.84.212,,,,f0f260a0770c09ba0a16acdbc0159371,,,,4.0,4.0,4.0,4.0,3.0,4.0,3.0,3.0,4.0,4.0,3.0,3.0,2.0,,3.0,2.0,3.0,4.0,4.0,4.0,3.0,4.0,3.0,2.0,2.0,2.0,3.0,3.0,4.0,0.1,0.1,0.1,3.0,1.0,1.0,1.0,3.0,2.0,0.1,0.1,4.0,0.1,0.1,3.0,0.0,0.0,0.0,3.0,0.1,0.1,0.0,0.0,4.0,1.0,1.0,3.0,0.0,0.1,3.0,0.0,0.0,3.0,,,,,,,,,,,,,,,4.0,4.0,3.0,4.0,4.0,4.0,4.0,4.0,4.0,4.0,4.0,4.0,4.0,4.0,4.0,4.0,4.0,4.0,4.0,3.0,3.0,3.0,4.0,1.0,4.0,4.0,4.0,4.0,4.0,2.0,2.0,3.0,0.5,4.0,2.0,4.0,9.0,4.0
0,拯民國小,"組長 / 教師（含編制外教學人員）
校內教練 / 教召",2.0,3-5 年,,,,,,4,4 - 非常認同,4 - 非常認同,4 - 非常認同,4 - 非常認同,3 - 認同,4 - 非常認同,4 - 非常同意,3 - 同意,4 - 非常同意,4 - 非常同意,3 - 同意,3 - 同意,30~60 分鐘,3 - 同意,2 - 不同意,3 - 同意,3 - 認同,4 - 非常認同,4 - 非常認同,3 - 認同,3 - 認同,3 - 同意,3 - 同意,4 - 非常同意,3 - 同意,3 - 同意,,,,,,,,,,,3 - 有幫助,3 - 有幫助,3 - 有幫助,3 - 有幫助,,3 - 有幫助,知道但沒有使用過,3 - 有幫助,3 - 有幫助,知道但沒有使用過,3 - 有幫助,知道但沒有使用過,3 - 有幫助,3 - 有幫助,知道但沒有使用過,3 - 有幫助,知道但沒有使用過,偶爾使用（6 個月內 3~6 次）,偶爾使用（6 個月內 3~6 次）,偶爾使用（6 個月內 3~6 次）,,3 - 有幫助,3 - 有幫助,3 - 有幫助,3 - 有幫助,3 - 有幫助,3 - 有幫助,3 - 有幫助,,,,,,,,,,,,3 - 有幫助,知道但沒有使用過,3 - 有幫助,知道但沒有使用過,知道但沒有使用過,3 - 有幫助,,4,3 - 認同,4,4,4,4,3,3,3,3,3,4,4,4,4,4,3,3,4,4,3,3,4,4,4,保持開放的心態一起成長,遇到決策跟當事人相關時，可以先找相關當事人先聊聊，聽聽對方的意見，如果最後決策無法符應當事人的需求，也在對談中提到，這樣能讓當事人更受到尊重，而不是被動接收決策，突然地接受，能有舒服的關係經營，為彼此的信任加分。,,,4,4,4,4,4,4,4,考慮任職 2 年以上,4,3,"成為幫助夥伴成長，以及做好自我照顧與自我成長的人，保持友善，發揮自己在學科、非認知能力的影響力。
",4,8,,4,,,,,,2026-02-04 15:39:28,694,211.22.7.170,,,,8ca6ce51ffe68da258edd69ccd9094fb,,,,4.0,4.0,4.0,4.0,4.0,3.0,4.0,4.0,3.0,4.0,4.0,3.0,3.0,30.0,3.0,2.0,3.0,3.0,4.0,4.0,3.0,3.0,3.0,3.0,4.0,3.0,3.0,,,,,,,,,,3.0,3.0,3.0,3.0,3.0,0.1,3.0,3.0,0.1,3.0,0.1,3.0,3.0,0.1,3.0,0.1,3.0,3.0,3.0,3.0,3.0,3.0,3.0,3.0,3.0,3.0,,,,,,,,,3.0,0.1,3.0,0.1,0.1,3.0,4.0,3.0,4.0,4.0,4.0,4.0,3.0,3.0,3.0,3.0,3.0,4.0,4.0,4.0,4.0,4.0,3.0,3.0,4.0,4.0,3.0,3.0,4.0,4.0,4.0,4.0,4.0,4.0,4.0,4.0,4.0,4.0,2.0,4.0,3.0,4.0,8.0,4.0
0,光榮國小,組長 / 教師（含編制外教學人員）,11.0,3-5 年,,,,,,4,4 - 非常認同,4 - 非常認同,4 - 非常認同,4 - 非常認同,4 - 非常認同,4 - 非常認同,4 - 非常同意,4 - 非常同意,4 - 非常同意,4 - 非常同意,4 - 非常同意,4 - 非常同意,60~120 分鐘,4 - 非常同意,3 - 同意,3 - 同意,4 - 非常認同,4 - 非常認同,4 - 非常認同,4 - 非常認同,3 - 認同,3 - 同意,4 - 非常同意,4 - 非常同意,4 - 非常同意,3 - 同意,,,,,,,,,,,4 - 非常有幫助,4 - 非常有幫助,知道但沒有使用過,4 - 非常有幫助,,4 - 非常有幫助,4 - 非常有幫助,3 - 有幫助,知道但沒有使用過,知道但沒有使用過,知道但沒有使用過,知道但沒有使用過,3 - 有幫助,知道但沒有使用過,知道但沒有使用過,知道但沒有使用過,4 - 非常有幫助,很少使用（6 個月內 1~2 次）,很少使用（6 個月內 1~2 次）,很少使用（6 個月內 1~2 次）,,4 - 非常有幫助,知道但沒有使用過,3 - 有幫助,4 - 非常有幫助,知道但沒有使用過,4 - 非常有幫助,4 - 非常有幫助,,,,,,,,,,,,,,,,,,,4,4 - 非常認同,4,4,4,4,4,4,4,4,4,4,4,4,4,4,4,4,4,4,4,4,4,4,4,打群架的不分彼此一起努力,現場有時候真的很需要經費，很感謝所有贊助者,,,4,4,4,4,4,4,4,考慮任職 2 年以上,4,3,成為穩定的陪伴與支持,4,10,每年都成長進步學習著,4,更有每個人真的都很重要的感覺，謝謝校長的用心帶領,給更舒適的研習時間，可以在每區塊都不疾不徐的深入討論、好好聆聽。,,,,2026-02-04 15:39:32,687,2001:b400:e2f0:6f44:d4dd:e837:45a:12f7,,,,c0b9b11f6872a4f92b56a02916393cc9,,,,4.0,4.0,4.0,4.0,4.0,4.0,4.0,4.0,4.0,4.0,4.0,4.0,4.0,60.0,4.0,3.0,3.0,4.0,4.0,4.0,4.0,3.0,3.0,4.0,4.0,4.0,3.0,,,,,,,,,,4.0,4.0,0.1,4.0,4.0,4.0,3.0,0.1,0.1,0.1,0.1,3.0,0.1,0.1,0.1,4.0,2.0,2.0,2.0,4.0,0.1,3.0,4.0,0.1,4.0,4.0,,,,,,,,,,,,,,,4.0,4.0,4.0,4.0,4.0,4.0,4.0,4.0,4.0,4.0,4.0,4.0,4.0,4.0,4.0,4.0,4.0,4.0,4.0,4.0,4.0,4.0,4.0,4.0,4.0,4.0,4.0,4.0,4.0,4.0,4.0,4.0,2.0,4.0,3.0,4.0,10.0,4.0
0,三民國小,組長 / 教師（含編制外教學人員）,5.0,1-2 年,,,,,,4,3 - 認同,3 - 認同,3 - 認同,3 - 認同,3 - 認同,3 - 認同,3 - 同意,3 - 同意,3 - 同意,3 - 同意,3 - 同意,3 - 同意,小於 30 分鐘,3 - 同意,3 - 同意,3 - 同意,3 - 認同,3 - 認同,3 - 認同,3 - 認同,3 - 認同,4 - 非常同意,3 - 同意,3 - 同意,3 - 同意,3 - 同意,,,,,,,,,,,3 - 有幫助,3 - 有幫助,3 - 有幫助,3 - 有幫助,無,3 - 有幫助,3 - 有幫助,3 - 有幫助,3 - 有幫助,3 - 有幫助,3 - 有幫助,3 - 有幫助,3 - 有幫助,3 - 有幫助,3 - 有幫助,3 - 有幫助,3 - 有幫助,很少使用（6 個月內 1~2 次）,偶爾使用（6 個月內 3~6 次）,偶爾使用（6 個月內 3~6 次）,無,3 - 有幫助,3 - 有幫助,3 - 有幫助,3 - 有幫助,3 - 有幫助,3 - 有幫助,3 - 有幫助,無,,,,,,,,,,,,,,,,,,4,3 - 認同,4,4,4,4,4,4,4,4,4,4,4,4,4,4,4,4,4,4,4,4,4,4,4,打群架,觀義課的討論,,,4,4,4,4,4,4,4,考慮任職 2 年以上,4,4,考上正式老師,4,7,無,4,無,無,無,無,謝謝大家的支持及努力,2026-02-04 15:39:34,346,2001:b400:e2f0:b812:40c2:1c6d:61ca:637e,,,,97f18cd7fb1d0ac5ae211565b957411a,,,,4.0,3.0,3.0,3.0,3.0,3.0,3.0,3.0,3.0,3.0,3.0,3.0,3.0,,3.0,3.0,3.0,3.0,3.0,3.0,3.0,3.0,4.0,3.0,3.0,3.0,3.0,,,,,,,,,,3.0,3.0,3.0,3.0,3.0,3.0,3.0,3.0,3.0,3.0,3.0,3.0,3.0,3.0,3.0,3.0,2.0,3.0,3.0,3.0,3.0,3.0,3.0,3.0,3.0,3.0,,,,,,,,,,,,,,,4.0,3.0,4.0,4.0,4.0,4.0,4.0,4.0,4.0,4.0,4.0,4.0,4.0,4.0,4.0,4.0,4.0,4.0,4.0,4.0,4.0,4.0,4.0,4.0,4.0,4.0,4.0,4.0,4.0,4.0,4.0,4.0,2.0,4.0,4.0,4.0,7.0,4.0
0,老梅實小,校長 / 主任,12.0,2-3 年,,,,,,4,4 - 非常認同,4 - 非常認同,4 - 非常認同,4 - 非常認同,4 - 非常認同,4 - 非常認同,3 - 同意,3 - 同意,4 - 非常同意,3 - 同意,3 - 同意,3 - 同意,60~120 分鐘,3 - 同意,3 - 同意,3 - 同意,4 - 非常認同,4 - 非常認同,4 - 非常認同,4 - 非常認同,4 - 非常認同,3 - 同意,3 - 同意,3 - 同意,3 - 同意,3 - 同意,,,,,,,,,,,3 - 有幫助,3 - 有幫助,知道但沒有使用過,3 - 有幫助,,4 - 非常有幫助,3 - 有幫助,3 - 有幫助,3 - 有幫助,知道但沒有使用過,3 - 有幫助,知道但沒有使用過,知道但沒有使用過,知道但沒有使用過,知道但沒有使用過,知道但沒有使用過,3 - 有幫助,經常使用（6 個月內 7 次以上）,很少使用（6 個月內 1~2 次）,很少使用（6 個月內 1~2 次）,,3 - 有幫助,3 - 有幫助,知道但沒有使用過,知道但沒有使用過,知道但沒有使用過,知道但沒有使用過,知道但沒有使用過,,3 - 有幫助,3 - 有幫助,知道但沒有使用過,3 - 有幫助,3 - 有幫助,,,,,,,,,,,,,4,4 - 非常認同,4,4,4,4,4,4,3,4,4,4,4,4,4,4,4,4,4,4,4,4,4,4,4,"全校辦學
SEL",能夠有諮詢的訪校顧問到校提供支持和諮詢,,,4,4,4,3,3,3,3,考慮 1 - 2 年內持續任職,3,3,能做出有擴散性的影響力,4,9,,4,開誠佈公的討論學校事務,知道學校的差異和落差給予不同的支持,以人為本的團隊,,,2026-02-04 15:39:35,700,2001:b400:e3d5:beb8:b1bb:7836:d806:a95d,,,,a412a16edd431bf757c9c291d30ca05d,,,,4.0,4.0,4.0,4.0,4.0,4.0,4.0,3.0,3.0,4.0,3.0,3.0,3.0,60.0,3.0,3.0,3.0,4.0,4.0,4.0,4.0,4.0,3.0,3.0,3.0,3.0,3.0,,,,,,,,,,3.0,3.0,0.1,3.0,4.0,3.0,3.0,3.0,0.1,3.0,0.1,0.1,0.1,0.1,0.1,3.0,4.0,2.0,2.0,3.0,3.0,0.1,0.1,0.1,0.1,0.1,3.0,3.0,0.1,3.0,3.0,,,,,,,,,,4.0,4.0,4.0,4.0,4.0,4.0,4.0,4.0,3.0,4.0,4.0,4.0,4.0,4.0,4.0,4.0,4.0,4.0,4.0,4.0,4.0,4.0,4.0,4.0,4.0,4.0,4.0,4.0,3.0,3.0,3.0,3.0,1.5,3.0,3.0,4.0,9.0,4.0
0,三民國中,組長 / 教師（含編制外教學人員）,4.0,3-5 年,,,,,,4,4 - 非常認同,4 - 非常認同,4 - 非常認同,4 - 非常認同,4 - 非常認同,4 - 非常認同,3 - 同意,3 - 同意,3 - 同意,3 - 同意,4 - 非常同意,1 - 非常不同意,小於 30 分鐘,2 - 不同意,3 - 同意,3 - 同意,3 - 認同,3 - 認同,3 - 認同,3 - 認同,3 - 認同,4 - 非常同意,3 - 同意,3 - 同意,1 - 非常不同意,2 - 不同意,,,,,,,,,,,4 - 非常有幫助,4 - 非常有幫助,知道但沒有使用過,4 - 非常有幫助,,3 - 有幫助,知道但沒有使用過,知道但沒有使用過,知道但沒有使用過,3 - 有幫助,知道但沒有使用過,知道但沒有使用過,4 - 非常有幫助,3 - 有幫助,3 - 有幫助,3 - 有幫助,3 - 有幫助,很少使用（6 個月內 1~2 次）,從沒使用過,很少使用（6 個月內 1~2 次）,,3 - 有幫助,知道但沒有使用過,知道但沒有使用過,知道但沒有使用過,知道但沒有使用過,知道但沒有使用過,知道但沒有使用過,,,,,,,,,,,,,,,,,,,3,3 - 認同,3,4,3,3,3,3,4,4,4,4,3,4,3,3,3,3,4,3,2,3,3,1,4,工作氣氛融洽、目標一致,無,,,4,4,3,4,2,1,2,考慮任職 2 年以上,3,1,無,3,9,有很多成長的經驗與學習但行政工作好累,4,可以在分工體制外，適時的補位協助,峰會共識營安排較鬆馳但內容的品質更能促進自己的思考,沒有想法好像都很好,沒有想法,無,2026-02-04 15:39:37,711,2001:b400:e297:5fb9:6867:f4ff:fe88:c60a,,,,be75fb017ad83e48e07d7961e6d0e38e,,,,4.0,4.0,4.0,4.0,4.0,4.0,4.0,3.0,3.0,3.0,3.0,4.0,1.0,,2.0,3.0,3.0,3.0,3.0,3.0,3.0,3.0,4.0,3.0,3.0,1.0,2.0,,,,,,,,,,4.0,4.0,0.1,4.0,3.0,0.1,0.1,0.1,3.0,0.1,0.1,4.0,3.0,3.0,3.0,3.0,2.0,1.0,2.0,3.0,0.1,0.1,0.1,0.1,0.1,0.1,,,,,,,,,,,,,,,3.0,3.0,3.0,4.0,3.0,3.0,3.0,3.0,4.0,4.0,4.0,4.0,3.0,4.0,3.0,3.0,3.0,3.0,4.0,3.0,2.0,3.0,3.0,1.0,4.0,4.0,4.0,3.0,4.0,2.0,1.0,2.0,2.0,3.0,1.0,3.0,9.0,4.0
0,樟湖生態國中小,"組長 / 教師（含編制外教學人員）
聯盟教練 / 教召",0.0,3-5 年,,,,,,4,3 - 認同,3 - 認同,3 - 認同,3 - 認同,3 - 認同,3 - 認同,3 - 同意,3 - 同意,3 - 同意,3 - 同意,3 - 同意,3 - 同意,30~60 分鐘,3 - 同意,2 - 不同意,3 - 同意,3 - 認同,3 - 認同,3 - 認同,3 - 認同,我不理解這項 KIST 教學特色,3 - 同意,3 - 同意,3 - 同意,3 - 同意,我不理解這項 KIST 教學特色,,,,,,,,,,,3 - 有幫助,3 - 有幫助,2 - 沒有幫助,3 - 有幫助,,知道但沒有使用過,知道但沒有使用過,3 - 有幫助,2 - 沒有幫助,知道但沒有使用過,知道但沒有使用過,知道但沒有使用過,知道但沒有使用過,知道但沒有使用過,知道但沒有使用過,知道但沒有使用過,知道但沒有使用過,偶爾使用（6 個月內 3~6 次）,很少使用（6 個月內 1~2 次）,很少使用（6 個月內 1~2 次）,,3 - 有幫助,知道但沒有使用過,3 - 有幫助,4 - 非常有幫助,知道但沒有使用過,知道但沒有使用過,知道但沒有使用過,,,,,,,,,,,,2 - 沒有幫助,2 - 沒有幫助,2 - 沒有幫助,3 - 有幫助,知道但沒有使用過,知道但沒有使用過,,2,4 - 非常認同,4,4,4,4,4,4,4,3,4,3,4,3,4,4,4,3,3,3,4,3,3,1,3,同事有趣,有理想很重要，考量現實情況彈性調整也很重要,,,3,3,3,3,1,1,3,考慮 1 年內持續任職,3,2,穩定現況，優化課程模組。,3,7,,4,,,,,,2026-02-04 15:39:38,706,2001:b400:e15d:e61:e1f7:19ca:c2b4:6d62,,,,76f168ff1c5295c335ee995beb44e6cd,,,,4.0,3.0,3.0,3.0,3.0,3.0,3.0,3.0,3.0,3.0,3.0,3.0,3.0,30.0,3.0,2.0,3.0,3.0,3.0,3.0,3.0,0.0,3.0,3.0,3.0,3.0,0.0,,,,,,,,,,3.0,3.0,2.0,3.0,0.1,0.1,3.0,2.0,0.1,0.1,0.1,0.1,0.1,0.1,0.1,0.1,3.0,2.0,2.0,3.0,0.1,3.0,4.0,0.1,0.1,0.1,,,,,,,,,2.0,2.0,2.0,3.0,0.1,0.1,2.0,4.0,4.0,4.0,4.0,4.0,4.0,4.0,4.0,3.0,4.0,3.0,4.0,3.0,4.0,4.0,4.0,3.0,3.0,3.0,4.0,3.0,3.0,1.0,3.0,3.0,3.0,3.0,3.0,1.0,1.0,3.0,0.5,3.0,2.0,3.0,7.0,4.0
0,光榮國小,校長 / 主任,2.0,2-3 年,,,,,,4,4 - 非常認同,4 - 非常認同,4 - 非常認同,3 - 認同,3 - 認同,3 - 認同,4 - 非常同意,4 - 非常同意,4 - 非常同意,3 - 同意,4 - 非常同意,3 - 同意,30~60 分鐘,3 - 同意,3 - 同意,3 - 同意,3 - 認同,4 - 非常認同,3 - 認同,3 - 認同,3 - 認同,3 - 同意,3 - 同意,3 - 同意,3 - 同意,3 - 同意,,,,,,,,,,,3 - 有幫助,3 - 有幫助,3 - 有幫助,3 - 有幫助,,3 - 有幫助,4 - 非常有幫助,3 - 有幫助,知道但沒有使用過,知道但沒有使用過,3 - 有幫助,我不知道這個資源,3 - 有幫助,知道但沒有使用過,知道但沒有使用過,知道但沒有使用過,知道但沒有使用過,從沒使用過,很少使用（6 個月內 1~2 次）,很少使用（6 個月內 1~2 次）,,3 - 有幫助,知道但沒有使用過,知道但沒有使用過,知道但沒有使用過,知道但沒有使用過,知道但沒有使用過,知道但沒有使用過,,4 - 非常有幫助,3 - 有幫助,知道但沒有使用過,3 - 有幫助,3 - 有幫助,,,,,,,,,,,,,4,3 - 認同,3,4,4,4,4,4,3,4,4,4,4,4,4,4,4,3,3,3,3,3,3,2,4,"一群志同道合夥伴一起往同個目標前進
",設計個人化的領導人培訓與支持，符合個人需求,,,4,4,4,3,4,3,3,考慮 1 年內持續任職,3,3,期許有更多的成長與嘗試機會,4,8,,3,針對新手教師有更多的支持與陪伴,,定錨聯盟發展方向，讓學校、老師可以知道方向,,,2026-02-04 15:39:45,709,211.22.7.170,,,,49065f7f00b8c999e895aef478e3679f,,,,4.0,4.0,4.0,4.0,3.0,3.0,3.0,4.0,4.0,4.0,3.0,4.0,3.0,30.0,3.0,3.0,3.0,3.0,4.0,3.0,3.0,3.0,3.0,3.0,3.0,3.0,3.0,,,,,,,,,,3.0,3.0,3.0,3.0,3.0,4.0,3.0,0.1,0.1,3.0,0.0,3.0,0.1,0.1,0.1,0.1,1.0,2.0,2.0,3.0,0.1,0.1,0.1,0.1,0.1,0.1,4.0,3.0,0.1,3.0,3.0,,,,,,,,,,4.0,3.0,3.0,4.0,4.0,4.0,4.0,4.0,3.0,4.0,4.0,4.0,4.0,4.0,4.0,4.0,4.0,3.0,3.0,3.0,3.0,3.0,3.0,2.0,4.0,4.0,4.0,4.0,3.0,4.0,3.0,3.0,0.5,3.0,3.0,4.0,8.0,3.0
0,桃源國小,校長 / 主任,19.0,3-5 年,,,,,,4,4 - 非常認同,4 - 非常認同,4 - 非常認同,4 - 非常認同,4 - 非常認同,4 - 非常認同,4 - 非常同意,4 - 非常同意,4 - 非常同意,4 - 非常同意,4 - 非常同意,4 - 非常同意,30~60 分鐘,3 - 同意,3 - 同意,3 - 同意,3 - 認同,3 - 認同,3 - 認同,4 - 非常認同,3 - 認同,3 - 同意,3 - 同意,3 - 同意,4 - 非常同意,2 - 不同意,,,,,,,,,,,4 - 非常有幫助,4 - 非常有幫助,知道但沒有使用過,知道但沒有使用過,,3 - 有幫助,3 - 有幫助,4 - 非常有幫助,3 - 有幫助,3 - 有幫助,3 - 有幫助,4 - 非常有幫助,知道但沒有使用過,知道但沒有使用過,知道但沒有使用過,知道但沒有使用過,知道但沒有使用過,從沒使用過,很少使用（6 個月內 1~2 次）,從沒使用過,,3 - 有幫助,知道但沒有使用過,3 - 有幫助,4 - 非常有幫助,3 - 有幫助,3 - 有幫助,3 - 有幫助,,4 - 非常有幫助,4 - 非常有幫助,3 - 有幫助,4 - 非常有幫助,知道但沒有使用過,,,,,,,,,,,,,4,4 - 非常認同,4,4,4,4,4,3,3,3,4,3,4,3,3,4,4,4,4,4,4,4,4,4,4,包容互信,互信互補,,,4,4,4,4,4,4,4,考慮任職 2 年以上,2,2,無,4,8,無,4,,,持續相信老師,協助行政減量,,2026-02-04 15:39:57,605,2401:e180:8861:e3be:332a:a7e3:9fe1:bb81,,,,e83d16d42c279f2d832abdb2e8880df2,,,,4.0,4.0,4.0,4.0,4.0,4.0,4.0,4.0,4.0,4.0,4.0,4.0,4.0,30.0,3.0,3.0,3.0,3.0,3.0,3.0,4.0,3.0,3.0,3.0,3.0,4.0,2.0,,,,,,,,,,4.0,4.0,0.1,0.1,3.0,3.0,4.0,3.0,3.0,3.0,4.0,0.1,0.1,0.1,0.1,0.1,1.0,2.0,1.0,3.0,0.1,3.0,4.0,3.0,3.0,3.0,4.0,4.0,3.0,4.0,0.1,,,,,,,,,,4.0,4.0,4.0,4.0,4.0,4.0,4.0,3.0,3.0,3.0,4.0,3.0,4.0,3.0,3.0,4.0,4.0,4.0,4.0,4.0,4.0,4.0,4.0,4.0,4.0,4.0,4.0,4.0,4.0,4.0,4.0,4.0,2.0,2.0,2.0,4.0,8.0,4.0
0,桃源國小,組長 / 教師（含編制外教學人員）,3.0,3-5 年,,,,,,4,4 - 非常認同,4 - 非常認同,4 - 非常認同,4 - 非常認同,4 - 非常認同,4 - 非常認同,4 - 非常同意,4 - 非常同意,4 - 非常同意,4 - 非常同意,4 - 非常同意,4 - 非常同意,60~120 分鐘,3 - 同意,3 - 同意,4 - 非常同意,3 - 認同,4 - 非常認同,4 - 非常認同,4 - 非常認同,4 - 非常認同,3 - 同意,4 - 非常同意,4 - 非常同意,4 - 非常同意,4 - 非常同意,,,,,,,,,,,4 - 非常有幫助,4 - 非常有幫助,知道但沒有使用過,3 - 有幫助,,知道但沒有使用過,知道但沒有使用過,4 - 非常有幫助,4 - 非常有幫助,知道但沒有使用過,知道但沒有使用過,知道但沒有使用過,知道但沒有使用過,3 - 有幫助,3 - 有幫助,4 - 非常有幫助,知道但沒有使用過,從沒使用過,很少使用（6 個月內 1~2 次）,從沒使用過,,3 - 有幫助,3 - 有幫助,知道但沒有使用過,4 - 非常有幫助,知道但沒有使用過,3 - 有幫助,3 - 有幫助,,,,,,,,,,,,,,,,,,,4,4 - 非常認同,4,4,4,4,4,4,4,4,4,4,4,4,4,4,4,4,4,4,4,4,4,3,4,持續進步！一起往前走❤️,願景很棒但要多考量現有資源。 ,,,4,4,4,4,4,3,4,考慮 1 - 2 年內持續任職,3,3,期待能嘗試挑戰不一樣的領域,4,10,,4,持續進步、效率提高。看到內部人員相處也越來越好！,,結合大環境下的變動持續精進教學。,"確認大家都「做好了」才繼續新的東西
不要一直「塞」東西。適時的慢下來把基礎打好。",,2026-02-04 15:40:01,668,2402:7500:506:692a:f47b:63:fe5a:d95b,,,,501d2620c0bbacba8d09ad6bfdd02be8,,,,4.0,4.0,4.0,4.0,4.0,4.0,4.0,4.0,4.0,4.0,4.0,4.0,4.0,60.0,3.0,3.0,4.0,3.0,4.0,4.0,4.0,4.0,3.0,4.0,4.0,4.0,4.0,,,,,,,,,,4.0,4.0,0.1,3.0,0.1,0.1,4.0,4.0,0.1,0.1,0.1,0.1,3.0,3.0,4.0,0.1,1.0,2.0,1.0,3.0,3.0,0.1,4.0,0.1,3.0,3.0,,,,,,,,,,,,,,,4.0,4.0,4.0,4.0,4.0,4.0,4.0,4.0,4.0,4.0,4.0,4.0,4.0,4.0,4.0,4.0,4.0,4.0,4.0,4.0,4.0,4.0,4.0,3.0,4.0,4.0,4.0,4.0,4.0,4.0,3.0,4.0,1.5,3.0,3.0,4.0,10.0,4.0
0,峨眉國中,組長 / 教師（含編制外教學人員）,5.0,1 年以下,其他：請於下題說明,可以做自己想要的教學,,1. 其他,原本的兼任老師,4,4 - 非常認同,4 - 非常認同,4 - 非常認同,4 - 非常認同,4 - 非常認同,4 - 非常認同,4 - 非常同意,4 - 非常同意,3 - 同意,4 - 非常同意,4 - 非常同意,3 - 同意,小於 30 分鐘,2 - 不同意,2 - 不同意,2 - 不同意,4 - 非常認同,4 - 非常認同,4 - 非常認同,4 - 非常認同,4 - 非常認同,4 - 非常同意,4 - 非常同意,4 - 非常同意,4 - 非常同意,4 - 非常同意,3 - 有幫助,4 - 非常有幫助,我不知道這個資源,知道但沒有使用過,知道但沒有使用過,從沒使用過,從沒使用過,從沒使用過,從沒使用過,,3 - 有幫助,3 - 有幫助,3 - 有幫助,知道但沒有使用過,,3 - 有幫助,知道但沒有使用過,知道但沒有使用過,知道但沒有使用過,知道但沒有使用過,知道但沒有使用過,我不知道這個資源,知道但沒有使用過,我不知道這個資源,我不知道這個資源,我不知道這個資源,我不知道這個資源,從沒使用過,從沒使用過,從沒使用過,,2 - 沒有幫助,2 - 沒有幫助,我不知道這個資源,知道但沒有使用過,我不知道這個資源,知道但沒有使用過,知道但沒有使用過,,,,,,,,,,,,,,,,,,,4,3 - 認同,4,4,4,4,4,4,4,4,4,4,4,4,4,4,4,4,4,4,4,4,4,4,4,更多可能,更多的彈性研習時間,更多教學上的可能,無,4,4,4,4,1,4,4,考慮 1 年內持續任職,4,4,教學研發,4,10,,4,,,堅毅,,,2026-02-04 15:40:07,739,42.70.66.248,,,,9db34dead3d56821d27567f17ba842b4,,,,4.0,4.0,4.0,4.0,4.0,4.0,4.0,4.0,4.0,3.0,4.0,4.0,3.0,,2.0,2.0,2.0,4.0,4.0,4.0,4.0,4.0,4.0,4.0,4.0,4.0,4.0,3.0,4.0,0.0,0.1,0.1,1.0,1.0,1.0,1.0,3.0,3.0,3.0,0.1,3.0,0.1,0.1,0.1,0.1,0.1,0.0,0.1,0.0,0.0,0.0,0.0,1.0,1.0,1.0,2.0,2.0,0.0,0.1,0.0,0.1,0.1,,,,,,,,,,,,,,,4.0,3.0,4.0,4.0,4.0,4.0,4.0,4.0,4.0,4.0,4.0,4.0,4.0,4.0,4.0,4.0,4.0,4.0,4.0,4.0,4.0,4.0,4.0,4.0,4.0,4.0,4.0,4.0,4.0,1.0,4.0,4.0,0.5,4.0,4.0,4.0,10.0,4.0
0,富田國小,組長 / 教師（含編制外教學人員）,2.0,3-5 年,,,,,,3,4 - 非常認同,3 - 認同,3 - 認同,3 - 認同,3 - 認同,3 - 認同,3 - 同意,3 - 同意,3 - 同意,3 - 同意,3 - 同意,2 - 不同意,小於 30 分鐘,3 - 同意,2 - 不同意,3 - 同意,3 - 認同,3 - 認同,3 - 認同,3 - 認同,2 - 不認同,2 - 不同意,3 - 同意,3 - 同意,3 - 同意,2 - 不同意,,,,,,,,,,,3 - 有幫助,3 - 有幫助,1 - 完全沒有幫助,3 - 有幫助,,3 - 有幫助,知道但沒有使用過,知道但沒有使用過,知道但沒有使用過,知道但沒有使用過,知道但沒有使用過,知道但沒有使用過,知道但沒有使用過,2 - 沒有幫助,知道但沒有使用過,2 - 沒有幫助,3 - 有幫助,很少使用（6 個月內 1~2 次）,從沒使用過,從沒使用過,,知道但沒有使用過,知道但沒有使用過,知道但沒有使用過,知道但沒有使用過,知道但沒有使用過,知道但沒有使用過,知道但沒有使用過,,,,,,,,,,,,,,,,,,,2,3 - 認同,3,3,3,3,3,3,3,3,3,3,3,3,3,3,3,3,3,3,3,2,3,2,3,團隊氣氛不錯，同溫層,工作量可以再減少,,,3,3,2,2,1,1,2,考慮 1 年內持續任職,2,1,還沒有特別的規劃,2,7,,2,,,,,,2026-02-04 15:40:13,735,2401:e180:8881:c3d0:fc85:fe5a:a003:de44,,,,547dc46dd250db4546c45a34a72f1ba3,,,,3.0,4.0,3.0,3.0,3.0,3.0,3.0,3.0,3.0,3.0,3.0,3.0,2.0,,3.0,2.0,3.0,3.0,3.0,3.0,3.0,2.0,2.0,3.0,3.0,3.0,2.0,,,,,,,,,,3.0,3.0,1.0,3.0,3.0,0.1,0.1,0.1,0.1,0.1,0.1,0.1,2.0,0.1,2.0,3.0,2.0,1.0,1.0,0.1,0.1,0.1,0.1,0.1,0.1,0.1,,,,,,,,,,,,,,,2.0,3.0,3.0,3.0,3.0,3.0,3.0,3.0,3.0,3.0,3.0,3.0,3.0,3.0,3.0,3.0,3.0,3.0,3.0,3.0,3.0,2.0,3.0,2.0,3.0,3.0,3.0,2.0,2.0,1.0,1.0,2.0,0.5,2.0,1.0,2.0,7.0,2.0
0,光榮國小,校長 / 主任,4.0,3-5 年,,,,,,4,4 - 非常認同,3 - 認同,3 - 認同,4 - 非常認同,4 - 非常認同,4 - 非常認同,4 - 非常同意,3 - 同意,3 - 同意,3 - 同意,3 - 同意,1 - 非常不同意,30~60 分鐘,3 - 同意,2 - 不同意,3 - 同意,4 - 非常認同,4 - 非常認同,3 - 認同,4 - 非常認同,4 - 非常認同,3 - 同意,4 - 非常同意,3 - 同意,3 - 同意,2 - 不同意,,,,,,,,,,,3 - 有幫助,2 - 沒有幫助,3 - 有幫助,知道但沒有使用過,,知道但沒有使用過,3 - 有幫助,2 - 沒有幫助,3 - 有幫助,知道但沒有使用過,2 - 沒有幫助,知道但沒有使用過,知道但沒有使用過,知道但沒有使用過,3 - 有幫助,知道但沒有使用過,3 - 有幫助,很少使用（6 個月內 1~2 次）,很少使用（6 個月內 1~2 次）,偶爾使用（6 個月內 3~6 次）,,1 - 完全沒有幫助,3 - 有幫助,3 - 有幫助,我不知道這個資源,2 - 沒有幫助,知道但沒有使用過,3 - 有幫助,,4 - 非常有幫助,知道但沒有使用過,知道但沒有使用過,3 - 有幫助,3 - 有幫助,,,,,,,,,,,,,2,3 - 認同,3,4,4,4,3,2,3,3,4,2,3,3,4,3,4,2,3,3,3,3,4,1,3,能和一些一直在努力、實現教育理念的夥伴共事,在支持陪伴新進教師時，也陪伴支持熟手老師。希望可以找到真的讓生活更有喘息的具體方法。,,,4,3,4,2,3,2,3,考慮 1 年內持續任職,3,3,仍在思考中,3,7,能與一群有共同理念的夥伴一起努力，是很棒的事。但真的太疲憊了。,3,,,創新,部分一致化的計畫推動,,2026-02-04 15:40:15,741,2001:b400:e48e:5cda:9cb:dd24:23bb:982b,,,,8c44c391160471b162ce30d3107f2a40,,,,4.0,4.0,3.0,3.0,4.0,4.0,4.0,4.0,3.0,3.0,3.0,3.0,1.0,30.0,3.0,2.0,3.0,4.0,4.0,3.0,4.0,4.0,3.0,4.0,3.0,3.0,2.0,,,,,,,,,,3.0,2.0,3.0,0.1,0.1,3.0,2.0,3.0,0.1,2.0,0.1,0.1,0.1,3.0,0.1,3.0,2.0,2.0,3.0,1.0,3.0,3.0,0.0,2.0,0.1,3.0,4.0,0.1,0.1,3.0,3.0,,,,,,,,,,2.0,3.0,3.0,4.0,4.0,4.0,3.0,2.0,3.0,3.0,4.0,2.0,3.0,3.0,4.0,3.0,4.0,2.0,3.0,3.0,3.0,3.0,4.0,1.0,3.0,4.0,3.0,4.0,2.0,3.0,2.0,3.0,0.5,3.0,3.0,3.0,7.0,3.0
0,富田國小,組長 / 教師（含編制外教學人員）,16.0,3-5 年,,,,,,4,3 - 認同,4 - 非常認同,4 - 非常認同,3 - 認同,4 - 非常認同,4 - 非常認同,3 - 同意,3 - 同意,3 - 同意,3 - 同意,3 - 同意,3 - 同意,30~60 分鐘,4 - 非常同意,4 - 非常同意,4 - 非常同意,4 - 非常認同,4 - 非常認同,4 - 非常認同,4 - 非常認同,3 - 認同,3 - 同意,3 - 同意,3 - 同意,3 - 同意,3 - 同意,,,,,,,,,,,3 - 有幫助,3 - 有幫助,知道但沒有使用過,3 - 有幫助,,我不知道這個資源,知道但沒有使用過,知道但沒有使用過,2 - 沒有幫助,我不知道這個資源,知道但沒有使用過,我不知道這個資源,我不知道這個資源,知道但沒有使用過,3 - 有幫助,我不知道這個資源,3 - 有幫助,從沒使用過,很少使用（6 個月內 1~2 次）,從沒使用過,,3 - 有幫助,知道但沒有使用過,知道但沒有使用過,知道但沒有使用過,2 - 沒有幫助,2 - 沒有幫助,2 - 沒有幫助,,,,,,,,,,,,,,,,,,,4,3 - 認同,4,4,4,4,4,4,4,4,4,4,4,4,4,4,4,4,4,4,4,4,4,1,2,活潑有趣、具支持性,針對各校重點與特色，提供直接資源,,,4,4,1,1,2,2,2,考慮任職 2 年以上,1,1,做好本質 為學生提供發展表現愛的機會與策略,4,9,持續進步,3,,,入校關懷陪伴成長,,,2026-02-04 15:40:15,741,211.22.7.170,,,,e1d06b891d4ac4b3520e7d1e86ad23a1,,,,4.0,3.0,4.0,4.0,3.0,4.0,4.0,3.0,3.0,3.0,3.0,3.0,3.0,30.0,4.0,4.0,4.0,4.0,4.0,4.0,4.0,3.0,3.0,3.0,3.0,3.0,3.0,,,,,,,,,,3.0,3.0,0.1,3.0,0.0,0.1,0.1,2.0,0.0,0.1,0.0,0.0,0.1,3.0,0.0,3.0,1.0,2.0,1.0,3.0,0.1,0.1,0.1,2.0,2.0,2.0,,,,,,,,,,,,,,,4.0,3.0,4.0,4.0,4.0,4.0,4.0,4.0,4.0,4.0,4.0,4.0,4.0,4.0,4.0,4.0,4.0,4.0,4.0,4.0,4.0,4.0,4.0,1.0,2.0,4.0,4.0,1.0,1.0,2.0,2.0,2.0,2.0,1.0,1.0,4.0,9.0,3.0
0,樟湖生態國中小,組長 / 教師（含編制外教學人員）,0.0,1 年以下,認同 KIST 的理念,,,"1. KIST 夥伴介紹
2. 親友介紹（非 KIST 夥伴，如大學教授、過往的同事...）",,4,4 - 非常認同,4 - 非常認同,4 - 非常認同,4 - 非常認同,4 - 非常認同,4 - 非常認同,4 - 非常同意,4 - 非常同意,4 - 非常同意,4 - 非常同意,4 - 非常同意,4 - 非常同意,小於 30 分鐘,3 - 同意,3 - 同意,3 - 同意,3 - 認同,3 - 認同,3 - 認同,3 - 認同,3 - 認同,3 - 同意,3 - 同意,3 - 同意,3 - 同意,3 - 同意,4 - 非常有幫助,4 - 非常有幫助,4 - 非常有幫助,4 - 非常有幫助,4 - 非常有幫助,很少使用（6 個月內 1~2 次）,很少使用（6 個月內 1~2 次）,很少使用（6 個月內 1~2 次）,偶爾使用（6 個月內 3~6 次）,,3 - 有幫助,3 - 有幫助,3 - 有幫助,3 - 有幫助,,3 - 有幫助,3 - 有幫助,3 - 有幫助,3 - 有幫助,3 - 有幫助,3 - 有幫助,3 - 有幫助,3 - 有幫助,3 - 有幫助,3 - 有幫助,3 - 有幫助,3 - 有幫助,很少使用（6 個月內 1~2 次）,很少使用（6 個月內 1~2 次）,很少使用（6 個月內 1~2 次）,,3 - 有幫助,3 - 有幫助,3 - 有幫助,3 - 有幫助,3 - 有幫助,3 - 有幫助,3 - 有幫助,,,,,,,,,,,,,,,,,,,4,3 - 認同,4,4,4,4,4,4,4,4,4,4,4,4,4,4,4,4,4,4,4,4,4,2,4,打群架的感覺,一直衝的同時也要顧慮同仁心情,大家互相幫助,需要適時放鬆,4,4,3,4,2,2,2,考慮 1 - 2 年內持續任職,3,3,好好上班,4,9,,4,,,對教育的熱忱,避免老師壓力過大,,2026-02-04 15:40:16,542,2401:e180:8d80:51f3:543b:b783:3d65:f2f8,,,,4c3da7e8f4167e7b1a51c2546c0756d5,,,,4.0,4.0,4.0,4.0,4.0,4.0,4.0,4.0,4.0,4.0,4.0,4.0,4.0,,3.0,3.0,3.0,3.0,3.0,3.0,3.0,3.0,3.0,3.0,3.0,3.0,3.0,4.0,4.0,4.0,4.0,4.0,2.0,2.0,2.0,3.0,3.0,3.0,3.0,3.0,3.0,3.0,3.0,3.0,3.0,3.0,3.0,3.0,3.0,3.0,3.0,3.0,2.0,2.0,2.0,3.0,3.0,3.0,3.0,3.0,3.0,3.0,,,,,,,,,,,,,,,4.0,3.0,4.0,4.0,4.0,4.0,4.0,4.0,4.0,4.0,4.0,4.0,4.0,4.0,4.0,4.0,4.0,4.0,4.0,4.0,4.0,4.0,4.0,2.0,4.0,4.0,4.0,3.0,4.0,2.0,2.0,2.0,1.5,3.0,3.0,4.0,9.0,4.0
0,三民國小,"組長 / 教師（含編制外教學人員）
校內教練 / 教召",0.0,3-5 年,,,,,,4,3 - 認同,4 - 非常認同,4 - 非常認同,3 - 認同,4 - 非常認同,4 - 非常認同,3 - 同意,3 - 同意,4 - 非常同意,4 - 非常同意,4 - 非常同意,3 - 同意,30~60 分鐘,3 - 同意,3 - 同意,3 - 同意,3 - 認同,4 - 非常認同,4 - 非常認同,3 - 認同,3 - 認同,2 - 不同意,3 - 同意,3 - 同意,3 - 同意,2 - 不同意,,,,,,,,,,,3 - 有幫助,3 - 有幫助,3 - 有幫助,3 - 有幫助,,3 - 有幫助,4 - 非常有幫助,3 - 有幫助,2 - 沒有幫助,知道但沒有使用過,知道但沒有使用過,3 - 有幫助,知道但沒有使用過,3 - 有幫助,知道但沒有使用過,知道但沒有使用過,知道但沒有使用過,很少使用（6 個月內 1~2 次）,很少使用（6 個月內 1~2 次）,從沒使用過,,2 - 沒有幫助,3 - 有幫助,3 - 有幫助,知道但沒有使用過,知道但沒有使用過,知道但沒有使用過,知道但沒有使用過,,,,,,,,,,,,3 - 有幫助,3 - 有幫助,我不知道有這個資源,3 - 有幫助,知道但沒有使用過,3 - 有幫助,,3,4 - 非常認同,3,3,3,3,3,3,3,3,4,3,3,3,3,3,3,3,3,3,3,3,3,2,3,互相支持與合作,更積極將教師身心健康與工作意義感拿進學校發展目標之一,,,3,3,2,3,1,3,3,考慮 1 年內持續任職,2,2,擔任分享者,3,7,,3,,,,,,2026-02-04 15:40:19,472,2402:7500:4e6:cc1c:c046:6297:33df:b905,,,,6647d23bcf0b9f4e8df1a4a915ba2652,,,,4.0,3.0,4.0,4.0,3.0,4.0,4.0,3.0,3.0,4.0,4.0,4.0,3.0,30.0,3.0,3.0,3.0,3.0,4.0,4.0,3.0,3.0,2.0,3.0,3.0,3.0,2.0,,,,,,,,,,3.0,3.0,3.0,3.0,3.0,4.0,3.0,2.0,0.1,0.1,3.0,0.1,3.0,0.1,0.1,0.1,2.0,2.0,1.0,2.0,3.0,3.0,0.1,0.1,0.1,0.1,,,,,,,,,3.0,3.0,0.0,3.0,0.1,3.0,3.0,4.0,3.0,3.0,3.0,3.0,3.0,3.0,3.0,3.0,4.0,3.0,3.0,3.0,3.0,3.0,3.0,3.0,3.0,3.0,3.0,3.0,3.0,2.0,3.0,3.0,3.0,2.0,3.0,1.0,3.0,3.0,0.5,2.0,2.0,3.0,7.0,3.0
0,光榮國小,校長 / 主任,2.0,5 年以上,,,,,,4,4 - 非常認同,4 - 非常認同,4 - 非常認同,4 - 非常認同,4 - 非常認同,4 - 非常認同,4 - 非常同意,4 - 非常同意,3 - 同意,4 - 非常同意,4 - 非常同意,3 - 同意,60~120 分鐘,2 - 不同意,4 - 非常同意,3 - 同意,4 - 非常認同,4 - 非常認同,4 - 非常認同,3 - 認同,4 - 非常認同,4 - 非常同意,4 - 非常同意,4 - 非常同意,3 - 同意,3 - 同意,,,,,,,,,,,3 - 有幫助,3 - 有幫助,3 - 有幫助,3 - 有幫助,,3 - 有幫助,3 - 有幫助,2 - 沒有幫助,2 - 沒有幫助,2 - 沒有幫助,2 - 沒有幫助,我不知道這個資源,知道但沒有使用過,知道但沒有使用過,2 - 沒有幫助,知道但沒有使用過,4 - 非常有幫助,從沒使用過,從沒使用過,從沒使用過,,知道但沒有使用過,3 - 有幫助,3 - 有幫助,4 - 非常有幫助,3 - 有幫助,3 - 有幫助,3 - 有幫助,,4 - 非常有幫助,3 - 有幫助,3 - 有幫助,3 - 有幫助,2 - 沒有幫助,,,,,,,,,,,,,4,4 - 非常認同,4,4,4,4,4,4,4,4,4,4,4,3,3,3,4,4,3,4,4,3,4,1,4,"做有意義、有品質的教育！
與一群共同理念的人工作",工作負擔程度優化,,,4,4,4,2,4,4,3,不考慮持續任職,4,4,一對一聊聊，聚焦個人發展藍圖,4,8,持續學習與成長，與一群認真的人一起工作,4,氛圍變得更加正向且有能量，文化更好,持續成長，後台變動及AI應用大躍昇,,,,2026-02-04 15:40:31,756,2001:b400:e20b:a22d:3d20:47ef:8b0c:b2ea,,,,6c28862f77209ee77666e786f7993600,,,,4.0,4.0,4.0,4.0,4.0,4.0,4.0,4.0,4.0,3.0,4.0,4.0,3.0,60.0,2.0,4.0,3.0,4.0,4.0,4.0,3.0,4.0,4.0,4.0,4.0,3.0,3.0,,,,,,,,,,3.0,3.0,3.0,3.0,3.0,3.0,2.0,2.0,2.0,2.0,0.0,0.1,0.1,2.0,0.1,4.0,1.0,1.0,1.0,0.1,3.0,3.0,4.0,3.0,3.0,3.0,4.0,3.0,3.0,3.0,2.0,,,,,,,,,,4.0,4.0,4.0,4.0,4.0,4.0,4.0,4.0,4.0,4.0,4.0,4.0,4.0,3.0,3.0,3.0,4.0,4.0,3.0,4.0,4.0,3.0,4.0,1.0,4.0,4.0,4.0,4.0,2.0,4.0,4.0,3.0,0.0,4.0,4.0,4.0,8.0,4.0
0,光榮國小,組長 / 教師（含編制外教學人員）,0.5,1 年以下,認同 KIST 的理念,,,"1. 參訪 KIST 學校
2. KIST 線上活動 / 工作坊",,4,3 - 認同,4 - 非常認同,4 - 非常認同,4 - 非常認同,4 - 非常認同,4 - 非常認同,3 - 同意,4 - 非常同意,4 - 非常同意,4 - 非常同意,4 - 非常同意,4 - 非常同意,小於 30 分鐘,2 - 不同意,2 - 不同意,3 - 同意,4 - 非常認同,3 - 認同,3 - 認同,4 - 非常認同,3 - 認同,2 - 不同意,4 - 非常同意,4 - 非常同意,4 - 非常同意,4 - 非常同意,4 - 非常有幫助,4 - 非常有幫助,知道但沒有使用過,3 - 有幫助,我不知道這個資源,很少使用（6 個月內 1~2 次）,很少使用（6 個月內 1~2 次）,從沒使用過,從沒使用過,,4 - 非常有幫助,4 - 非常有幫助,知道但沒有使用過,4 - 非常有幫助,,4 - 非常有幫助,知道但沒有使用過,4 - 非常有幫助,知道但沒有使用過,我不知道這個資源,知道但沒有使用過,知道但沒有使用過,4 - 非常有幫助,知道但沒有使用過,知道但沒有使用過,4 - 非常有幫助,4 - 非常有幫助,從沒使用過,很少使用（6 個月內 1~2 次）,偶爾使用（6 個月內 3~6 次）,,知道但沒有使用過,我不知道這個資源,知道但沒有使用過,知道但沒有使用過,我不知道這個資源,4 - 非常有幫助,4 - 非常有幫助,,,,,,,,,,,,,,,,,,,4,4 - 非常認同,4,4,4,4,4,4,4,4,4,4,4,4,4,4,4,4,4,4,4,4,4,4,4,人的相處,沒有,大家溝通的方式,給學生的自由度較大,4,4,4,4,1,1,1,考慮 1 - 2 年內持續任職,2,3,我希望自己可以慢慢把kist的東西學起來,4,7,,4,,,努力學習、友善待人,不知道,,2026-02-04 15:40:41,768,211.22.7.170,,,,19d494fff8970b8ac0fcfd42bb07c7ad,,,,4.0,3.0,4.0,4.0,4.0,4.0,4.0,3.0,4.0,4.0,4.0,4.0,4.0,,2.0,2.0,3.0,4.0,3.0,3.0,4.0,3.0,2.0,4.0,4.0,4.0,4.0,4.0,4.0,0.1,3.0,0.0,2.0,2.0,1.0,1.0,4.0,4.0,0.1,4.0,4.0,0.1,4.0,0.1,0.0,0.1,0.1,4.0,0.1,0.1,4.0,4.0,1.0,2.0,3.0,0.1,0.0,0.1,0.1,0.0,4.0,4.0,,,,,,,,,,,,,,,4.0,4.0,4.0,4.0,4.0,4.0,4.0,4.0,4.0,4.0,4.0,4.0,4.0,4.0,4.0,4.0,4.0,4.0,4.0,4.0,4.0,4.0,4.0,4.0,4.0,4.0,4.0,4.0,4.0,1.0,1.0,1.0,1.5,2.0,3.0,4.0,7.0,4.0
0,光榮國小,組長 / 教師（含編制外教學人員）,0.0,1-2 年,,,,,,4,4 - 非常認同,3 - 認同,3 - 認同,3 - 認同,4 - 非常認同,3 - 認同,4 - 非常同意,3 - 同意,3 - 同意,3 - 同意,4 - 非常同意,2 - 不同意,小於 30 分鐘,4 - 非常同意,1 - 非常不同意,3 - 同意,4 - 非常認同,4 - 非常認同,3 - 認同,4 - 非常認同,3 - 認同,4 - 非常同意,4 - 非常同意,3 - 同意,3 - 同意,4 - 非常同意,,,,,,,,,,,3 - 有幫助,3 - 有幫助,知道但沒有使用過,知道但沒有使用過,,3 - 有幫助,知道但沒有使用過,3 - 有幫助,知道但沒有使用過,知道但沒有使用過,知道但沒有使用過,知道但沒有使用過,知道但沒有使用過,3 - 有幫助,3 - 有幫助,知道但沒有使用過,知道但沒有使用過,很少使用（6 個月內 1~2 次）,偶爾使用（6 個月內 3~6 次）,很少使用（6 個月內 1~2 次）,,3 - 有幫助,2 - 沒有幫助,知道但沒有使用過,知道但沒有使用過,知道但沒有使用過,知道但沒有使用過,3 - 有幫助,,,,,,,,,,,,,,,,,,,3,3 - 認同,4,4,4,4,4,4,3,3,4,4,4,4,4,3,4,3,3,4,4,4,4,2,4,"集體追求精進的目標與心態
正向回饋的語言
直呼名字而非職稱輩份的親近感","工作壓力太大，可能來自個人也可能來自團體，雖然有正向回饋的語言，但很少有心裡感受到較延續的「我被肯定了」的安心感。
但我目前還沒有想到方法提升「心理被肯定」的踏實感🥲",,,4,4,4,3,3,3,3,不考慮持續任職,4,4,目前準備到其他公立學校完成半年教育實習，但很期待聯盟內學校可以開正式缺考回來繼續打群架！,4,6,,4,教師氛圍,峰會任務有感減量、上完不會有頭超痛或煩躁的情緒，有很沈浸的放鬆玩,繼續保持峰會或共識營的課前課中課後任務減量，放假可以聚集但讓大家好好邊休息邊輕量增能,,謝謝聯盟的各式各樣的支持，身為新手老師有感於自己的成長非！常！多！很喜歡自己在這裡和夥伴的連結感,2026-02-04 15:40:50,772,2a09:bac2:5809:323::50:1ac,,,,75b151b9bb42522a1fe4be6c56746792,,,,4.0,4.0,3.0,3.0,3.0,4.0,3.0,4.0,3.0,3.0,3.0,4.0,2.0,,4.0,1.0,3.0,4.0,4.0,3.0,4.0,3.0,4.0,4.0,3.0,3.0,4.0,,,,,,,,,,3.0,3.0,0.1,0.1,3.0,0.1,3.0,0.1,0.1,0.1,0.1,0.1,3.0,3.0,0.1,0.1,2.0,3.0,2.0,3.0,2.0,0.1,0.1,0.1,0.1,3.0,,,,,,,,,,,,,,,3.0,3.0,4.0,4.0,4.0,4.0,4.0,4.0,3.0,3.0,4.0,4.0,4.0,4.0,4.0,3.0,4.0,3.0,3.0,4.0,4.0,4.0,4.0,2.0,4.0,4.0,4.0,4.0,3.0,3.0,3.0,3.0,0.0,4.0,4.0,4.0,6.0,4.0
0,仙草實小,校長 / 主任,18.0,3-5 年,,,,,,4,4 - 非常認同,4 - 非常認同,4 - 非常認同,4 - 非常認同,4 - 非常認同,4 - 非常認同,3 - 同意,4 - 非常同意,4 - 非常同意,3 - 同意,4 - 非常同意,3 - 同意,小於 30 分鐘,2 - 不同意,3 - 同意,3 - 同意,4 - 非常認同,4 - 非常認同,4 - 非常認同,4 - 非常認同,4 - 非常認同,3 - 同意,3 - 同意,4 - 非常同意,3 - 同意,3 - 同意,,,,,,,,,,,4 - 非常有幫助,3 - 有幫助,4 - 非常有幫助,3 - 有幫助,,3 - 有幫助,4 - 非常有幫助,3 - 有幫助,4 - 非常有幫助,知道但沒有使用過,3 - 有幫助,知道但沒有使用過,知道但沒有使用過,3 - 有幫助,知道但沒有使用過,知道但沒有使用過,知道但沒有使用過,經常使用（6 個月內 7 次以上）,很少使用（6 個月內 1~2 次）,經常使用（6 個月內 7 次以上）,,3 - 有幫助,3 - 有幫助,我不知道這個資源,3 - 有幫助,知道但沒有使用過,知道但沒有使用過,知道但沒有使用過,,4 - 非常有幫助,知道但沒有使用過,4 - 非常有幫助,3 - 有幫助,知道但沒有使用過,,,,,,,,,,,,,4,4 - 非常認同,3,4,4,4,4,4,4,4,4,4,4,4,4,4,4,4,4,4,4,4,4,4,4,一個很Open mind的氛圍,外部需求數量調整,,,4,4,3,4,4,3,2,考慮任職 2 年以上,4,2,在自己可負擔的範圍內，提升自己,4,10,,4,,,下次E S的調查可以早點給,,,2026-02-04 15:40:52,750,2001:b400:e12a:61bf:9d3f:3a7b:c941:5ae1,,,,ad5cc963840cf5822cb8c79dac8d9cad,,,,4.0,4.0,4.0,4.0,4.0,4.0,4.0,3.0,4.0,4.0,3.0,4.0,3.0,,2.0,3.0,3.0,4.0,4.0,4.0,4.0,4.0,3.0,3.0,4.0,3.0,3.0,,,,,,,,,,4.0,3.0,4.0,3.0,3.0,4.0,3.0,4.0,0.1,3.0,0.1,0.1,3.0,0.1,0.1,0.1,4.0,2.0,4.0,3.0,3.0,0.0,3.0,0.1,0.1,0.1,4.0,0.1,4.0,3.0,0.1,,,,,,,,,,4.0,4.0,3.0,4.0,4.0,4.0,4.0,4.0,4.0,4.0,4.0,4.0,4.0,4.0,4.0,4.0,4.0,4.0,4.0,4.0,4.0,4.0,4.0,4.0,4.0,4.0,4.0,3.0,4.0,4.0,3.0,2.0,2.0,4.0,2.0,4.0,10.0,4.0
0,富田國小,校長 / 主任,17.0,3-5 年,,,,,,4,4 - 非常認同,4 - 非常認同,4 - 非常認同,4 - 非常認同,4 - 非常認同,4 - 非常認同,4 - 非常同意,4 - 非常同意,4 - 非常同意,4 - 非常同意,4 - 非常同意,3 - 同意,30~60 分鐘,4 - 非常同意,4 - 非常同意,3 - 同意,4 - 非常認同,4 - 非常認同,3 - 認同,4 - 非常認同,3 - 認同,4 - 非常同意,4 - 非常同意,3 - 同意,4 - 非常同意,3 - 同意,,,,,,,,,,,3 - 有幫助,3 - 有幫助,3 - 有幫助,知道但沒有使用過,,知道但沒有使用過,4 - 非常有幫助,3 - 有幫助,知道但沒有使用過,知道但沒有使用過,知道但沒有使用過,知道但沒有使用過,知道但沒有使用過,知道但沒有使用過,2 - 沒有幫助,知道但沒有使用過,知道但沒有使用過,從沒使用過,偶爾使用（6 個月內 3~6 次）,很少使用（6 個月內 1~2 次）,,4 - 非常有幫助,我不知道這個資源,3 - 有幫助,知道但沒有使用過,知道但沒有使用過,知道但沒有使用過,知道但沒有使用過,,3 - 有幫助,知道但沒有使用過,知道但沒有使用過,3 - 有幫助,3 - 有幫助,,,,,,,,,,,,,4,4 - 非常認同,4,4,4,4,4,4,4,4,4,4,4,4,3,4,4,4,4,4,4,4,4,4,4,有共同的信念，都會好好對待孩子,相互鼓勵與肯定多一點，不要把自己逼太緊,,,4,4,4,3,4,4,4,考慮 1 年內持續任職,3,4,能在課程領導、教學領導上持續有舞台,4,9,,4,更重視老師的身心平衡,更多調整是回到如何真的對老師有幫助上,,,,2026-02-04 15:40:52,776,2402:7500:a01:5989:c0f2:e4f3:3256:7eea,,,,05d79c72548c0be4b0194cf1aaa1dc70,,,,4.0,4.0,4.0,4.0,4.0,4.0,4.0,4.0,4.0,4.0,4.0,4.0,3.0,30.0,4.0,4.0,3.0,4.0,4.0,3.0,4.0,3.0,4.0,4.0,3.0,4.0,3.0,,,,,,,,,,3.0,3.0,3.0,0.1,0.1,4.0,3.0,0.1,0.1,0.1,0.1,0.1,0.1,2.0,0.1,0.1,1.0,3.0,2.0,4.0,0.0,3.0,0.1,0.1,0.1,0.1,3.0,0.1,0.1,3.0,3.0,,,,,,,,,,4.0,4.0,4.0,4.0,4.0,4.0,4.0,4.0,4.0,4.0,4.0,4.0,4.0,4.0,3.0,4.0,4.0,4.0,4.0,4.0,4.0,4.0,4.0,4.0,4.0,4.0,4.0,4.0,3.0,4.0,4.0,4.0,0.5,3.0,4.0,4.0,9.0,4.0
0,宜梧國中,校長 / 主任,17.0,1 年以下,"認同 KIST 的理念
想要投入「偏鄉」教育
轉型前便服務於這所學校",,,1. 方大哥 / 李老師 / 柱督 / 校長專訪或演講,,4,4 - 非常認同,4 - 非常認同,4 - 非常認同,4 - 非常認同,4 - 非常認同,4 - 非常認同,4 - 非常同意,4 - 非常同意,4 - 非常同意,4 - 非常同意,4 - 非常同意,4 - 非常同意,60~120 分鐘,3 - 同意,4 - 非常同意,3 - 同意,4 - 非常認同,4 - 非常認同,4 - 非常認同,4 - 非常認同,3 - 認同,3 - 同意,4 - 非常同意,3 - 同意,3 - 同意,3 - 同意,知道但沒有使用過,3 - 有幫助,4 - 非常有幫助,3 - 有幫助,3 - 有幫助,偶爾使用（6 個月內 3~6 次）,偶爾使用（6 個月內 3~6 次）,經常使用（6 個月內 7 次以上）,很少使用（6 個月內 1~2 次）,,3 - 有幫助,4 - 非常有幫助,知道但沒有使用過,知道但沒有使用過,,4 - 非常有幫助,4 - 非常有幫助,3 - 有幫助,3 - 有幫助,3 - 有幫助,知道但沒有使用過,3 - 有幫助,3 - 有幫助,3 - 有幫助,4 - 非常有幫助,4 - 非常有幫助,3 - 有幫助,偶爾使用（6 個月內 3~6 次）,偶爾使用（6 個月內 3~6 次）,偶爾使用（6 個月內 3~6 次）,,2 - 沒有幫助,3 - 有幫助,知道但沒有使用過,知道但沒有使用過,知道但沒有使用過,4 - 非常有幫助,4 - 非常有幫助,,4 - 非常有幫助,知道但沒有使用過,知道但沒有使用過,知道但沒有使用過,3 - 有幫助,,4 - 非常有幫助,3 - 有幫助,4 - 非常有幫助,,,,,,,,,4,4 - 非常認同,4,4,4,4,4,4,4,3,4,4,4,4,4,4,4,4,4,4,4,4,4,4,4,一群人一起走得更遠,持續用愛心說真話，繼續讓自己健康幸福,多向溝通，更多對話,沒有耶！如果硬要說可能就是昨天尾牙沒中獎,4,4,4,4,3,4,2,考慮任職 2 年以上,4,4,持續帶著發亮的眼神迎向未來,4,10,,4,,,,,,2026-02-04 15:40:54,777,2001:b400:e250:cb06:980f:30ff:e26e:fa80,,,,a9152ea813f847c45ae025a30b226d8b,,,,4.0,4.0,4.0,4.0,4.0,4.0,4.0,4.0,4.0,4.0,4.0,4.0,4.0,60.0,3.0,4.0,3.0,4.0,4.0,4.0,4.0,3.0,3.0,4.0,3.0,3.0,3.0,0.1,3.0,4.0,3.0,3.0,3.0,3.0,4.0,2.0,3.0,4.0,0.1,0.1,4.0,4.0,3.0,3.0,3.0,0.1,3.0,3.0,3.0,4.0,4.0,3.0,3.0,3.0,3.0,2.0,3.0,0.1,0.1,0.1,4.0,4.0,4.0,0.1,0.1,0.1,3.0,4.0,3.0,4.0,,,,,,,4.0,4.0,4.0,4.0,4.0,4.0,4.0,4.0,4.0,3.0,4.0,4.0,4.0,4.0,4.0,4.0,4.0,4.0,4.0,4.0,4.0,4.0,4.0,4.0,4.0,4.0,4.0,4.0,4.0,3.0,4.0,2.0,2.0,4.0,4.0,4.0,10.0,4.0
0,光榮國小,組長 / 教師（含編制外教學人員）,13.0,2-3 年,,,,,,4,4 - 非常認同,4 - 非常認同,4 - 非常認同,4 - 非常認同,3 - 認同,2 - 不認同,4 - 非常同意,4 - 非常同意,4 - 非常同意,3 - 同意,3 - 同意,2 - 不同意,120 分鐘以上,4 - 非常同意,3 - 同意,3 - 同意,3 - 認同,3 - 認同,3 - 認同,3 - 認同,3 - 認同,3 - 同意,3 - 同意,3 - 同意,3 - 同意,3 - 同意,,,,,,,,,,,3 - 有幫助,3 - 有幫助,2 - 沒有幫助,2 - 沒有幫助,,知道但沒有使用過,知道但沒有使用過,知道但沒有使用過,知道但沒有使用過,知道但沒有使用過,知道但沒有使用過,知道但沒有使用過,知道但沒有使用過,知道但沒有使用過,知道但沒有使用過,知道但沒有使用過,3 - 有幫助,從沒使用過,從沒使用過,從沒使用過,,2 - 沒有幫助,知道但沒有使用過,知道但沒有使用過,我不知道這個資源,知道但沒有使用過,知道但沒有使用過,知道但沒有使用過,,,,,,,,,,,,,,,,,,,2,學校有溝通，但我不太理解,3,4,3,3,3,2,3,3,3,3,3,3,3,3,3,3,3,4,3,3,3,1,3,友善待人,希望老師流動率可以低一點，學校夥伴流動太高，每年都要重來，很累人＠＠會讓學校長久發展很緩慢～,,,3,3,2,1,1,3,3,考慮 1 年內持續任職,1,1,無,3,7,,2,,,,,,2026-02-04 15:41:11,777,211.22.7.169,,,,2b7a6f02d4305e40f7ed3ea7fb86dff3,,,,4.0,4.0,4.0,4.0,4.0,3.0,2.0,4.0,4.0,4.0,3.0,3.0,2.0,,4.0,3.0,3.0,3.0,3.0,3.0,3.0,3.0,3.0,3.0,3.0,3.0,3.0,,,,,,,,,,3.0,3.0,2.0,2.0,0.1,0.1,0.1,0.1,0.1,0.1,0.1,0.1,0.1,0.1,0.1,3.0,1.0,1.0,1.0,2.0,0.1,0.1,0.0,0.1,0.1,0.1,,,,,,,,,,,,,,,2.0,,3.0,4.0,3.0,3.0,3.0,2.0,3.0,3.0,3.0,3.0,3.0,3.0,3.0,3.0,3.0,3.0,3.0,4.0,3.0,3.0,3.0,1.0,3.0,3.0,3.0,2.0,1.0,1.0,3.0,3.0,0.5,1.0,1.0,3.0,7.0,2.0
0,坪林實中,組長 / 教師（含編制外教學人員）,4.0,3-5 年,,,,,,4,4 - 非常認同,4 - 非常認同,4 - 非常認同,4 - 非常認同,4 - 非常認同,4 - 非常認同,3 - 同意,4 - 非常同意,3 - 同意,4 - 非常同意,3 - 同意,3 - 同意,60~120 分鐘,3 - 同意,2 - 不同意,3 - 同意,3 - 認同,3 - 認同,3 - 認同,4 - 非常認同,3 - 認同,3 - 同意,3 - 同意,3 - 同意,4 - 非常同意,3 - 同意,,,,,,,,,,,3 - 有幫助,3 - 有幫助,3 - 有幫助,3 - 有幫助,,3 - 有幫助,3 - 有幫助,4 - 非常有幫助,2 - 沒有幫助,知道但沒有使用過,2 - 沒有幫助,知道但沒有使用過,知道但沒有使用過,3 - 有幫助,知道但沒有使用過,3 - 有幫助,知道但沒有使用過,很少使用（6 個月內 1~2 次）,很少使用（6 個月內 1~2 次）,很少使用（6 個月內 1~2 次）,,3 - 有幫助,3 - 有幫助,知道但沒有使用過,3 - 有幫助,知道但沒有使用過,知道但沒有使用過,知道但沒有使用過,,,,,,,,,,,,,,,,,,,4,3 - 認同,3,4,3,3,3,4,2,2,3,3,4,3,3,4,2,3,2,3,4,2,2,1,2,互相幫助,有效的校際交流安排,,,3,4,3,3,1,2,2,考慮 1 - 2 年內持續任職,1,1,無特別想法,3,8,,4,,,互相交流、專業成長,讓大家早點下班,,2026-02-04 15:41:15,445,2402:7500:500:7ecc:7581:c56d:5975:91a0,,,,a75399b4beed6ab4793a01939fd93e4a,,,,4.0,4.0,4.0,4.0,4.0,4.0,4.0,3.0,4.0,3.0,4.0,3.0,3.0,60.0,3.0,2.0,3.0,3.0,3.0,3.0,4.0,3.0,3.0,3.0,3.0,4.0,3.0,,,,,,,,,,3.0,3.0,3.0,3.0,3.0,3.0,4.0,2.0,0.1,2.0,0.1,0.1,3.0,0.1,3.0,0.1,2.0,2.0,2.0,3.0,3.0,0.1,3.0,0.1,0.1,0.1,,,,,,,,,,,,,,,4.0,3.0,3.0,4.0,3.0,3.0,3.0,4.0,2.0,2.0,3.0,3.0,4.0,3.0,3.0,4.0,2.0,3.0,2.0,3.0,4.0,2.0,2.0,1.0,2.0,3.0,4.0,3.0,3.0,1.0,2.0,2.0,1.5,1.0,1.0,3.0,8.0,4.0
0,拯民國小,"組長 / 教師（含編制外教學人員）
校內教練 / 教召",0.0,5 年以上,,,,,,4,4 - 非常認同,4 - 非常認同,3 - 認同,3 - 認同,4 - 非常認同,3 - 認同,3 - 同意,4 - 非常同意,3 - 同意,4 - 非常同意,4 - 非常同意,3 - 同意,小於 30 分鐘,2 - 不同意,3 - 同意,3 - 同意,4 - 非常認同,4 - 非常認同,4 - 非常認同,4 - 非常認同,4 - 非常認同,3 - 同意,4 - 非常同意,4 - 非常同意,3 - 同意,3 - 同意,,,,,,,,,,,4 - 非常有幫助,3 - 有幫助,知道但沒有使用過,2 - 沒有幫助,是否有個彙整平臺可供搜尋？,3 - 有幫助,4 - 非常有幫助,我不知道這個資源,3 - 有幫助,3 - 有幫助,2 - 沒有幫助,知道但沒有使用過,知道但沒有使用過,3 - 有幫助,3 - 有幫助,我不知道這個資源,知道但沒有使用過,很少使用（6 個月內 1~2 次）,從沒使用過,很少使用（6 個月內 1~2 次）,,3 - 有幫助,3 - 有幫助,3 - 有幫助,4 - 非常有幫助,3 - 有幫助,4 - 非常有幫助,知道但沒有使用過,,,,,,,,,,,,知道但沒有使用過,我不知道有這個資源,我不知道有這個資源,知道但沒有使用過,3 - 有幫助,3 - 有幫助,,3,3 - 認同,4,4,4,4,4,4,4,3,3,3,4,4,4,4,4,3,3,4,4,4,3,2,3,成長型思維的團隊,有足夠的時間先脫離工作場域去展開新的視野,,,4,4,4,4,3,4,4,考慮 1 - 2 年內持續任職,4,3,期待自己在教學的專業能開展影響力，帶領其他的人一同成長,4,9,我的確在成為更好的人的路上,4,大家變得比較友善且積極,重視使用者回饋,大家好好照顧自己,無效溝通的時間,,2026-02-04 15:41:16,801,2001:b400:e3ed:5d29:a8c2:4478:41de:f0a9,,,,608367262d17cc44bb593864ef22db43,,,,4.0,4.0,4.0,3.0,3.0,4.0,3.0,3.0,4.0,3.0,4.0,4.0,3.0,,2.0,3.0,3.0,4.0,4.0,4.0,4.0,4.0,3.0,4.0,4.0,3.0,3.0,,,,,,,,,,4.0,3.0,0.1,2.0,3.0,4.0,0.0,3.0,3.0,2.0,0.1,0.1,3.0,3.0,0.0,0.1,2.0,1.0,2.0,3.0,3.0,3.0,4.0,3.0,4.0,0.1,,,,,,,,,0.1,0.0,0.0,0.1,3.0,3.0,3.0,3.0,4.0,4.0,4.0,4.0,4.0,4.0,4.0,3.0,3.0,3.0,4.0,4.0,4.0,4.0,4.0,3.0,3.0,4.0,4.0,4.0,3.0,2.0,3.0,4.0,4.0,4.0,4.0,3.0,4.0,4.0,1.5,4.0,3.0,4.0,9.0,4.0
0,內甕國小,組長 / 教師（含編制外教學人員）,10.0,1 年以下,"認同 KIST 的理念
想要投入「實驗」教育",,,1. 【KIST 教育實驗室】Facebook,,4,4 - 非常認同,4 - 非常認同,4 - 非常認同,4 - 非常認同,4 - 非常認同,4 - 非常認同,4 - 非常同意,4 - 非常同意,3 - 同意,4 - 非常同意,3 - 同意,3 - 同意,小於 30 分鐘,3 - 同意,2 - 不同意,2 - 不同意,4 - 非常認同,4 - 非常認同,3 - 認同,4 - 非常認同,我不理解這項 KIST 教學特色,3 - 同意,3 - 同意,3 - 同意,3 - 同意,我不理解這項 KIST 教學特色,我不知道這個資源,3 - 有幫助,知道但沒有使用過,知道但沒有使用過,知道但沒有使用過,很少使用（6 個月內 1~2 次）,從沒使用過,從沒使用過,從沒使用過,,4 - 非常有幫助,3 - 有幫助,知道但沒有使用過,知道但沒有使用過,,3 - 有幫助,知道但沒有使用過,知道但沒有使用過,知道但沒有使用過,我不知道這個資源,我不知道這個資源,知道但沒有使用過,知道但沒有使用過,我不知道這個資源,知道但沒有使用過,3 - 有幫助,我不知道這個資源,從沒使用過,從沒使用過,從沒使用過,,3 - 有幫助,知道但沒有使用過,4 - 非常有幫助,我不知道這個資源,我不知道這個資源,知道但沒有使用過,知道但沒有使用過,,,,,,,,,,,,,,,,,,,3,4 - 非常認同,4,4,4,4,4,4,4,3,2,2,3,3,3,4,3,4,4,3,3,4,4,1,4,包容度與大家透過一次又一次的溝通越來越有共識,"提供老師平時出差或是參加研習的費用
1.代課鐘點費
2.差旅費",有充足的團隊文化與思維調解可以越來越一致,有很多的表件重新解釋了外界的名詞，需要重新理解與接受,4,4,1,4,4,4,4,考慮任職 2 年以上,3,3,期待真的能發揮燈塔般的效應,4,7,,2,,,溝通的和諧,過多的表件,,2026-02-04 15:41:22,815,2001:b400:e250:dd64:68c4:5bce:8585:7d86,,,,dabdac4a78f18268702d715fad047d81,,,,4.0,4.0,4.0,4.0,4.0,4.0,4.0,4.0,4.0,3.0,4.0,3.0,3.0,,3.0,2.0,2.0,4.0,4.0,3.0,4.0,0.0,3.0,3.0,3.0,3.0,0.0,0.0,3.0,0.1,0.1,0.1,2.0,1.0,1.0,1.0,4.0,3.0,0.1,0.1,3.0,0.1,0.1,0.1,0.0,0.0,0.1,0.1,0.0,0.1,3.0,0.0,1.0,1.0,1.0,3.0,0.1,4.0,0.0,0.0,0.1,0.1,,,,,,,,,,,,,,,3.0,4.0,4.0,4.0,4.0,4.0,4.0,4.0,4.0,3.0,2.0,2.0,3.0,3.0,3.0,4.0,3.0,4.0,4.0,3.0,3.0,4.0,4.0,1.0,4.0,4.0,4.0,1.0,4.0,4.0,4.0,4.0,2.0,3.0,3.0,4.0,7.0,2.0
0,拯民國小,組長 / 教師（含編制外教學人員）,1.0,1 年以下,認同 KIST 的理念,,,"1. 【KIST 教育實驗室】Facebook
2. 親友介紹（非 KIST 夥伴，如大學教授、過往的同事...）",,4,3 - 認同,3 - 認同,3 - 認同,3 - 認同,3 - 認同,3 - 認同,3 - 同意,3 - 同意,3 - 同意,3 - 同意,3 - 同意,3 - 同意,30~60 分鐘,3 - 同意,2 - 不同意,3 - 同意,3 - 認同,3 - 認同,3 - 認同,3 - 認同,3 - 認同,3 - 同意,3 - 同意,3 - 同意,3 - 同意,3 - 同意,3 - 有幫助,3 - 有幫助,知道但沒有使用過,知道但沒有使用過,知道但沒有使用過,偶爾使用（6 個月內 3~6 次）,從沒使用過,從沒使用過,從沒使用過,有模組的教案和學習鷹架,3 - 有幫助,3 - 有幫助,3 - 有幫助,3 - 有幫助,,3 - 有幫助,3 - 有幫助,我不知道這個資源,知道但沒有使用過,知道但沒有使用過,知道但沒有使用過,我不知道這個資源,我不知道這個資源,3 - 有幫助,3 - 有幫助,3 - 有幫助,3 - 有幫助,從沒使用過,從沒使用過,從沒使用過,,3 - 有幫助,3 - 有幫助,3 - 有幫助,4 - 非常有幫助,3 - 有幫助,3 - 有幫助,3 - 有幫助,,,,,,,,,,,,,,,,,,,4,3 - 認同,3,3,3,3,3,3,3,3,3,3,3,3,3,3,3,3,3,3,3,3,3,2,2,很有溫度的陪伴大家,學校已經很棒了,Na,Na,3,3,3,3,3,3,3,考慮 1 - 2 年內持續任職,3,3,期待讓自己更有勇氣做想做的事情,3,6,,3,,,,,,2026-02-04 15:41:38,823,2401:e180:8841:9a7b:bc9e:f91c:7fb1:6025,,,,63a3e254ab4d36a3150f5ce1a372d15f,,,,4.0,3.0,3.0,3.0,3.0,3.0,3.0,3.0,3.0,3.0,3.0,3.0,3.0,30.0,3.0,2.0,3.0,3.0,3.0,3.0,3.0,3.0,3.0,3.0,3.0,3.0,3.0,3.0,3.0,0.1,0.1,0.1,3.0,1.0,1.0,1.0,3.0,3.0,3.0,3.0,3.0,3.0,0.0,0.1,0.1,0.1,0.0,0.0,3.0,3.0,3.0,3.0,1.0,1.0,1.0,3.0,3.0,3.0,4.0,3.0,3.0,3.0,,,,,,,,,,,,,,,4.0,3.0,3.0,3.0,3.0,3.0,3.0,3.0,3.0,3.0,3.0,3.0,3.0,3.0,3.0,3.0,3.0,3.0,3.0,3.0,3.0,3.0,3.0,2.0,2.0,3.0,3.0,3.0,3.0,3.0,3.0,3.0,1.5,3.0,3.0,3.0,6.0,3.0
0,仙草實小,組長 / 教師（含編制外教學人員）,0.5,1 年以下,TFT 計畫成員分發,,,1. 友好組織分享（TFT、均一、政大實驗教育中心...）,,3,3 - 認同,3 - 認同,3 - 認同,3 - 認同,3 - 認同,3 - 認同,3 - 同意,3 - 同意,3 - 同意,3 - 同意,3 - 同意,3 - 同意,小於 30 分鐘,3 - 同意,2 - 不同意,3 - 同意,3 - 認同,3 - 認同,3 - 認同,3 - 認同,3 - 認同,3 - 同意,2 - 不同意,2 - 不同意,2 - 不同意,2 - 不同意,3 - 有幫助,3 - 有幫助,2 - 沒有幫助,我不知道這個資源,知道但沒有使用過,很少使用（6 個月內 1~2 次）,從沒使用過,從沒使用過,從沒使用過,,3 - 有幫助,3 - 有幫助,我不知有這個資源,知道但沒有使用過,,3 - 有幫助,知道但沒有使用過,知道但沒有使用過,3 - 有幫助,知道但沒有使用過,我不知道這個資源,知道但沒有使用過,我不知道這個資源,我不知道這個資源,知道但沒有使用過,知道但沒有使用過,我不知道這個資源,很少使用（6 個月內 1~2 次）,從沒使用過,從沒使用過,,2 - 沒有幫助,我不知道這個資源,我不知道這個資源,知道但沒有使用過,我不知道這個資源,我不知道這個資源,知道但沒有使用過,,,,,,,,,,,,,,,,,,,2,3 - 認同,3,3,3,3,3,3,3,3,3,3,3,3,3,3,3,4,4,3,3,3,3,3,4,有效的增能,暫時想不到,Na ,Na,3,4,2,3,2,2,2,考慮 1 - 2 年內持續任職,3,3,暫時沒有,3,6,,3,,,,,,2026-02-04 15:41:47,832,2001:b400:e66a:68d1:ed38:4fa2:7766:ef3c,,,,1f03c4ed2426d47dd739680f9e76d885,,,,3.0,3.0,3.0,3.0,3.0,3.0,3.0,3.0,3.0,3.0,3.0,3.0,3.0,,3.0,2.0,3.0,3.0,3.0,3.0,3.0,3.0,3.0,2.0,2.0,2.0,2.0,3.0,3.0,2.0,0.0,0.1,2.0,1.0,1.0,1.0,3.0,3.0,,0.1,3.0,0.1,0.1,3.0,0.1,0.0,0.1,0.0,0.0,0.1,0.1,0.0,2.0,1.0,1.0,2.0,0.0,0.0,0.1,0.0,0.0,0.1,,,,,,,,,,,,,,,2.0,3.0,3.0,3.0,3.0,3.0,3.0,3.0,3.0,3.0,3.0,3.0,3.0,3.0,3.0,3.0,3.0,4.0,4.0,3.0,3.0,3.0,3.0,3.0,4.0,3.0,4.0,2.0,3.0,2.0,2.0,2.0,1.5,3.0,3.0,3.0,6.0,3.0
0,三民國小,組長 / 教師（含編制外教學人員）,4.0,3-5 年,,,,,,3,3 - 認同,3 - 認同,3 - 認同,3 - 認同,3 - 認同,3 - 認同,3 - 同意,3 - 同意,3 - 同意,3 - 同意,3 - 同意,3 - 同意,30~60 分鐘,3 - 同意,3 - 同意,1 - 非常不同意,3 - 認同,3 - 認同,我不理解這項 KIST 教學特色,3 - 認同,我不理解這項 KIST 教學特色,3 - 同意,3 - 同意,我不理解這項 KIST 教學特色,3 - 同意,我不理解這項 KIST 教學特色,,,,,,,,,,,2 - 沒有幫助,2 - 沒有幫助,知道但沒有使用過,知道但沒有使用過,,3 - 有幫助,3 - 有幫助,知道但沒有使用過,1 - 完全沒有幫助,知道但沒有使用過,知道但沒有使用過,知道但沒有使用過,知道但沒有使用過,知道但沒有使用過,2 - 沒有幫助,2 - 沒有幫助,2 - 沒有幫助,從沒使用過,很少使用（6 個月內 1~2 次）,很少使用（6 個月內 1~2 次）,,2 - 沒有幫助,2 - 沒有幫助,知道但沒有使用過,3 - 有幫助,知道但沒有使用過,2 - 沒有幫助,2 - 沒有幫助,,,,,,,,,,,,,,,,,,,2,我的學校未清楚溝通願景與目標,1,3,2,2,3,2,1,1,1,1,2,1,1,1,1,1,1,1,1,1,1,4,1,.,.,,,3,3,2,2,2,2,2,考慮任職 2 年以上,2,1,.,2,2,,2,,,,,,2026-02-04 15:41:51,562,2001:b400:e2af:5fc0:9dc:27a0:e3f9:a57,,,,bdbb4e1af35df624e9a32fe89be1e75e,,,,3.0,3.0,3.0,3.0,3.0,3.0,3.0,3.0,3.0,3.0,3.0,3.0,3.0,30.0,3.0,3.0,1.0,3.0,3.0,0.0,3.0,0.0,3.0,3.0,0.0,3.0,0.0,,,,,,,,,,2.0,2.0,0.1,0.1,3.0,3.0,0.1,1.0,0.1,0.1,0.1,0.1,0.1,2.0,2.0,2.0,1.0,2.0,2.0,2.0,2.0,0.1,3.0,0.1,2.0,2.0,,,,,,,,,,,,,,,2.0,,1.0,3.0,2.0,2.0,3.0,2.0,1.0,1.0,1.0,1.0,2.0,1.0,1.0,1.0,1.0,1.0,1.0,1.0,1.0,1.0,1.0,4.0,1.0,3.0,3.0,2.0,2.0,2.0,2.0,2.0,2.0,2.0,1.0,2.0,2.0,2.0
0,光榮國小,校長 / 主任,15.0,1 年以下,認同 KIST 的理念,,,,112學年度教師甄選簡章,4,4 - 非常認同,4 - 非常認同,4 - 非常認同,4 - 非常認同,4 - 非常認同,4 - 非常認同,4 - 非常同意,4 - 非常同意,4 - 非常同意,4 - 非常同意,4 - 非常同意,4 - 非常同意,60~120 分鐘,3 - 同意,3 - 同意,4 - 非常同意,4 - 非常認同,4 - 非常認同,4 - 非常認同,4 - 非常認同,4 - 非常認同,4 - 非常同意,4 - 非常同意,4 - 非常同意,4 - 非常同意,4 - 非常同意,4 - 非常有幫助,4 - 非常有幫助,4 - 非常有幫助,4 - 非常有幫助,4 - 非常有幫助,經常使用（6 個月內 7 次以上）,經常使用（6 個月內 7 次以上）,經常使用（6 個月內 7 次以上）,很少使用（6 個月內 1~2 次）,"建議新增幼兒園部分的教師手冊
除了蒙特梭利教學法
必須融入KIST理念
以求KIST學校從附幼到國小銜接一致
在大架構（KIST學校）下有差異性（蒙氏教學法）",4 - 非常有幫助,4 - 非常有幫助,4 - 非常有幫助,4 - 非常有幫助,"生命教練
O3
顧問進班聊聊",3 - 有幫助,知道但沒有使用過,4 - 非常有幫助,4 - 非常有幫助,知道但沒有使用過,3 - 有幫助,知道但沒有使用過,知道但沒有使用過,3 - 有幫助,知道但沒有使用過,知道但沒有使用過,4 - 非常有幫助,偶爾使用（6 個月內 3~6 次）,偶爾使用（6 個月內 3~6 次）,偶爾使用（6 個月內 3~6 次）,無,4 - 非常有幫助,4 - 非常有幫助,知道但沒有使用過,知道但沒有使用過,知道但沒有使用過,知道但沒有使用過,知道但沒有使用過,無,4 - 非常有幫助,知道但沒有使用過,知道但沒有使用過,4 - 非常有幫助,4 - 非常有幫助,領導工坊學習獲得很多,,,,,,,,,,,,4,4 - 非常認同,4,4,4,4,4,4,4,4,4,4,4,4,4,4,4,4,4,4,4,4,4,4,4,"光榮很有生命力
KIST每個學校夥伴都很有愛也很有熱忱",資源共享的部分延伸/顧及考量到幼兒園部分更佳,"包容性強
人與人的互動連結強
資源豐富
理念善且真
對教育未來有幫助
令人熱血沸騰🥰","偶爾太操🥹
但還可以承受啦🥰",4,4,4,4,4,4,4,考慮任職 2 年以上,4,4,"持續成為更好的人/老師
",4,10,我愛誠致🥰,4,"需要穩定老師 身心靈健康
邁向幸福光榮願景",無,資源共享,目標不要太多,"愛光榮
",2026-02-04 15:42:03,852,2402:7500:95a:cd6b:a8b4:4db3:b7e9:8fbd,,,,61ebb14461ed61b79342da2651af1e5e,,,,4.0,4.0,4.0,4.0,4.0,4.0,4.0,4.0,4.0,4.0,4.0,4.0,4.0,60.0,3.0,3.0,4.0,4.0,4.0,4.0,4.0,4.0,4.0,4.0,4.0,4.0,4.0,4.0,4.0,4.0,4.0,4.0,4.0,4.0,4.0,2.0,4.0,4.0,4.0,4.0,3.0,0.1,4.0,4.0,0.1,3.0,0.1,0.1,3.0,0.1,0.1,4.0,3.0,3.0,3.0,4.0,4.0,0.1,0.1,0.1,0.1,0.1,4.0,0.1,0.1,4.0,4.0,,,,,,,,,,4.0,4.0,4.0,4.0,4.0,4.0,4.0,4.0,4.0,4.0,4.0,4.0,4.0,4.0,4.0,4.0,4.0,4.0,4.0,4.0,4.0,4.0,4.0,4.0,4.0,4.0,4.0,4.0,4.0,4.0,4.0,4.0,2.0,4.0,4.0,4.0,10.0,4.0
0,仙草實小,組長 / 教師（含編制外教學人員）,17.0,3-5 年,,,,,,4,3 - 認同,3 - 認同,4 - 非常認同,3 - 認同,3 - 認同,4 - 非常認同,3 - 同意,3 - 同意,3 - 同意,3 - 同意,3 - 同意,3 - 同意,60~120 分鐘,2 - 不同意,3 - 同意,3 - 同意,3 - 認同,4 - 非常認同,4 - 非常認同,3 - 認同,3 - 認同,3 - 同意,3 - 同意,3 - 同意,3 - 同意,3 - 同意,,,,,,,,,,,4 - 非常有幫助,知道但沒有使用過,3 - 有幫助,3 - 有幫助,,3 - 有幫助,3 - 有幫助,3 - 有幫助,3 - 有幫助,知道但沒有使用過,3 - 有幫助,知道但沒有使用過,知道但沒有使用過,3 - 有幫助,知道但沒有使用過,3 - 有幫助,3 - 有幫助,經常使用（6 個月內 7 次以上）,很少使用（6 個月內 1~2 次）,很少使用（6 個月內 1~2 次）,,3 - 有幫助,3 - 有幫助,知道但沒有使用過,3 - 有幫助,知道但沒有使用過,知道但沒有使用過,知道但沒有使用過,,,,,,,,,,,,,,,,,,,4,3 - 認同,4,4,4,4,4,4,4,4,4,4,4,4,4,4,4,4,4,4,4,4,4,4,4,大家一起想辦法的凝聚力及行力！,目前想不到,,,4,4,4,4,1,1,1,考慮任職 2 年以上,3,2,目前想不到,4,8,充分重視及信任,4,,,不斷學習進步,工作負擔,,2026-02-04 15:42:05,843,140.131.84.212,,,,f1495bf477f887eb247123d01c7154d0,,,,4.0,3.0,3.0,4.0,3.0,3.0,4.0,3.0,3.0,3.0,3.0,3.0,3.0,60.0,2.0,3.0,3.0,3.0,4.0,4.0,3.0,3.0,3.0,3.0,3.0,3.0,3.0,,,,,,,,,,4.0,0.1,3.0,3.0,3.0,3.0,3.0,3.0,0.1,3.0,0.1,0.1,3.0,0.1,3.0,3.0,4.0,2.0,2.0,3.0,3.0,0.1,3.0,0.1,0.1,0.1,,,,,,,,,,,,,,,4.0,3.0,4.0,4.0,4.0,4.0,4.0,4.0,4.0,4.0,4.0,4.0,4.0,4.0,4.0,4.0,4.0,4.0,4.0,4.0,4.0,4.0,4.0,4.0,4.0,4.0,4.0,4.0,4.0,1.0,1.0,1.0,2.0,3.0,2.0,4.0,8.0,4.0
0,峨眉國中,校內教練 / 教召,18.0,5 年以上,,,,,,4,4 - 非常認同,4 - 非常認同,4 - 非常認同,4 - 非常認同,4 - 非常認同,4 - 非常認同,3 - 同意,3 - 同意,3 - 同意,3 - 同意,4 - 非常同意,3 - 同意,30~60 分鐘,3 - 同意,2 - 不同意,2 - 不同意,4 - 非常認同,4 - 非常認同,4 - 非常認同,4 - 非常認同,3 - 認同,4 - 非常同意,4 - 非常同意,4 - 非常同意,4 - 非常同意,3 - 同意,,,,,,,,,,,3 - 有幫助,3 - 有幫助,3 - 有幫助,4 - 非常有幫助,,3 - 有幫助,3 - 有幫助,知道但沒有使用過,3 - 有幫助,3 - 有幫助,知道但沒有使用過,我不知道這個資源,知道但沒有使用過,知道但沒有使用過,知道但沒有使用過,知道但沒有使用過,我不知道這個資源,從沒使用過,從沒使用過,從沒使用過,,3 - 有幫助,3 - 有幫助,3 - 有幫助,知道但沒有使用過,3 - 有幫助,知道但沒有使用過,3 - 有幫助,,,,,,,,,,,,2 - 沒有幫助,3 - 有幫助,知道但沒有使用過,3 - 有幫助,3 - 有幫助,3 - 有幫助,,4,3 - 認同,3,3,3,4,4,3,3,3,4,4,4,3,4,4,4,3,3,3,3,3,4,2,4,開放且多元的課程設計與落地實踐機會與空間,增加收入,,,4,4,4,4,1,3,4,考慮 1 - 2 年內持續任職,4,4,持續成長,4,7,,4,,,,,,2026-02-04 15:42:08,852,2401:e180:8d01:400f:86de:bd1e:22f0:c58f,,,,ffa7242adfb670c66ffaafddbee2e9ad,,,,4.0,4.0,4.0,4.0,4.0,4.0,4.0,3.0,3.0,3.0,3.0,4.0,3.0,30.0,3.0,2.0,2.0,4.0,4.0,4.0,4.0,3.0,4.0,4.0,4.0,4.0,3.0,,,,,,,,,,3.0,3.0,3.0,4.0,3.0,3.0,0.1,3.0,3.0,0.1,0.0,0.1,0.1,0.1,0.1,0.0,1.0,1.0,1.0,3.0,3.0,3.0,0.1,3.0,0.1,3.0,,,,,,,,,2.0,3.0,0.1,3.0,3.0,3.0,4.0,3.0,3.0,3.0,3.0,4.0,4.0,3.0,3.0,3.0,4.0,4.0,4.0,3.0,4.0,4.0,4.0,3.0,3.0,3.0,3.0,3.0,4.0,2.0,4.0,4.0,4.0,4.0,4.0,1.0,3.0,4.0,1.5,4.0,4.0,4.0,7.0,4.0
0,仙草實小,校長 / 主任,22.0,1 年以下,認同 KIST 的理念,,,1. KIST 夥伴介紹,,4,4 - 非常認同,4 - 非常認同,3 - 認同,4 - 非常認同,4 - 非常認同,4 - 非常認同,3 - 同意,4 - 非常同意,4 - 非常同意,4 - 非常同意,4 - 非常同意,4 - 非常同意,60~120 分鐘,3 - 同意,2 - 不同意,3 - 同意,3 - 認同,4 - 非常認同,4 - 非常認同,3 - 認同,3 - 認同,3 - 同意,4 - 非常同意,4 - 非常同意,3 - 同意,3 - 同意,3 - 有幫助,4 - 非常有幫助,3 - 有幫助,4 - 非常有幫助,4 - 非常有幫助,很少使用（6 個月內 1~2 次）,經常使用（6 個月內 7 次以上）,偶爾使用（6 個月內 3~6 次）,經常使用（6 個月內 7 次以上）,,4 - 非常有幫助,4 - 非常有幫助,3 - 有幫助,3 - 有幫助,,3 - 有幫助,知道但沒有使用過,4 - 非常有幫助,3 - 有幫助,知道但沒有使用過,3 - 有幫助,知道但沒有使用過,知道但沒有使用過,知道但沒有使用過,知道但沒有使用過,知道但沒有使用過,知道但沒有使用過,偶爾使用（6 個月內 3~6 次）,經常使用（6 個月內 7 次以上）,偶爾使用（6 個月內 3~6 次）,,3 - 有幫助,2 - 沒有幫助,知道但沒有使用過,知道但沒有使用過,知道但沒有使用過,知道但沒有使用過,知道但沒有使用過,,4 - 非常有幫助,4 - 非常有幫助,知道但沒有使用過,3 - 有幫助,3 - 有幫助,,,,,,,,,,,,,4,3 - 認同,4,4,4,4,4,4,4,4,4,4,4,4,4,4,4,4,4,4,4,4,4,1,4,"持續進步
溫馨的學校文化",暫無,有資源支持與陪伴,暫無,4,4,4,4,4,4,4,考慮任職 2 年以上,4,4,精進成長,4,8,,4,,,,,,2026-02-04 15:42:17,827,2401:e180:8840:5b02:3ca8:8bff:fe9f:336a,,,,edc3827c425cfdd372ff4cc7ff638787,,,,4.0,4.0,4.0,3.0,4.0,4.0,4.0,3.0,4.0,4.0,4.0,4.0,4.0,60.0,3.0,2.0,3.0,3.0,4.0,4.0,3.0,3.0,3.0,4.0,4.0,3.0,3.0,3.0,4.0,3.0,4.0,4.0,2.0,4.0,3.0,4.0,4.0,4.0,3.0,3.0,3.0,0.1,4.0,3.0,0.1,3.0,0.1,0.1,0.1,0.1,0.1,0.1,3.0,4.0,3.0,3.0,2.0,0.1,0.1,0.1,0.1,0.1,4.0,4.0,0.1,3.0,3.0,,,,,,,,,,4.0,3.0,4.0,4.0,4.0,4.0,4.0,4.0,4.0,4.0,4.0,4.0,4.0,4.0,4.0,4.0,4.0,4.0,4.0,4.0,4.0,4.0,4.0,1.0,4.0,4.0,4.0,4.0,4.0,4.0,4.0,4.0,2.0,4.0,4.0,4.0,8.0,4.0
0,三民國小,組長 / 教師（含編制外教學人員）,0.0,1-2 年,,,,,,4,4 - 非常認同,4 - 非常認同,3 - 認同,4 - 非常認同,4 - 非常認同,4 - 非常認同,4 - 非常同意,4 - 非常同意,3 - 同意,3 - 同意,4 - 非常同意,3 - 同意,小於 30 分鐘,2 - 不同意,2 - 不同意,2 - 不同意,3 - 認同,4 - 非常認同,4 - 非常認同,4 - 非常認同,我不理解這項 KIST 教學特色,3 - 同意,4 - 非常同意,4 - 非常同意,4 - 非常同意,我不理解這項 KIST 教學特色,,,,,,,,,,,2 - 沒有幫助,2 - 沒有幫助,知道但沒有使用過,1 - 完全沒有幫助,,4 - 非常有幫助,知道但沒有使用過,2 - 沒有幫助,1 - 完全沒有幫助,知道但沒有使用過,我不知道這個資源,我不知道這個資源,2 - 沒有幫助,2 - 沒有幫助,2 - 沒有幫助,我不知道這個資源,我不知道這個資源,經常使用（6 個月內 7 次以上）,很少使用（6 個月內 1~2 次）,從沒使用過,,3 - 有幫助,1 - 完全沒有幫助,3 - 有幫助,知道但沒有使用過,我不知道這個資源,2 - 沒有幫助,1 - 完全沒有幫助,,,,,,,,,,,,,,,,,,,2,學校有溝通，但我不太理解,2,4,3,3,4,4,3,3,3,3,4,2,2,3,2,1,2,3,3,1,4,3,3,資源多,志同道合的夥伴,,,4,4,4,1,1,1,1,不考慮持續任職,1,1,好好完成工作,2,6,,2,,,持續辦尾牙,在品格表現上堅持數據化,,2026-02-04 15:42:24,753,2001:b400:e15d:ead:a166:3a7f:84a:35f1,,,,ca025934027eaa231300f5f26caab3ad,,,,4.0,4.0,4.0,3.0,4.0,4.0,4.0,4.0,4.0,3.0,3.0,4.0,3.0,,2.0,2.0,2.0,3.0,4.0,4.0,4.0,0.0,3.0,4.0,4.0,4.0,0.0,,,,,,,,,,2.0,2.0,0.1,1.0,4.0,0.1,2.0,1.0,0.1,0.0,0.0,2.0,2.0,2.0,0.0,0.0,4.0,2.0,1.0,3.0,1.0,3.0,0.1,0.0,2.0,1.0,,,,,,,,,,,,,,,2.0,,2.0,4.0,3.0,3.0,4.0,4.0,3.0,3.0,3.0,3.0,4.0,2.0,2.0,3.0,2.0,1.0,2.0,3.0,3.0,1.0,4.0,3.0,3.0,4.0,4.0,4.0,1.0,1.0,1.0,1.0,0.0,1.0,1.0,2.0,6.0,2.0
0,仙草實小,組長 / 教師（含編制外教學人員）,15.0,3-5 年,,,,,,4,4 - 非常認同,4 - 非常認同,4 - 非常認同,4 - 非常認同,4 - 非常認同,4 - 非常認同,4 - 非常同意,4 - 非常同意,4 - 非常同意,4 - 非常同意,4 - 非常同意,4 - 非常同意,60~120 分鐘,3 - 同意,4 - 非常同意,3 - 同意,4 - 非常認同,4 - 非常認同,4 - 非常認同,4 - 非常認同,4 - 非常認同,4 - 非常同意,4 - 非常同意,4 - 非常同意,4 - 非常同意,4 - 非常同意,,,,,,,,,,,3 - 有幫助,3 - 有幫助,知道但沒有使用過,知道但沒有使用過,,知道但沒有使用過,知道但沒有使用過,知道但沒有使用過,3 - 有幫助,知道但沒有使用過,知道但沒有使用過,知道但沒有使用過,知道但沒有使用過,知道但沒有使用過,知道但沒有使用過,3 - 有幫助,3 - 有幫助,經常使用（6 個月內 7 次以上）,從沒使用過,從沒使用過,,3 - 有幫助,3 - 有幫助,知道但沒有使用過,4 - 非常有幫助,知道但沒有使用過,知道但沒有使用過,知道但沒有使用過,,,,,,,,,,,,,,,,,,,4,4 - 非常認同,4,4,4,4,4,4,4,4,4,4,4,4,4,4,4,4,4,4,4,4,4,1,4,重視每個孩子,無,,,4,4,4,4,1,1,1,考慮任職 2 年以上,4,1,無,4,9,資源豐富,4,,,創新,無,,2026-02-04 15:42:31,851,2001:b400:e666:aa27:19b6:2ba1:895d:4f8b,,,,dbc9e8a951bec3905fb5b541b041ddce,,,,4.0,4.0,4.0,4.0,4.0,4.0,4.0,4.0,4.0,4.0,4.0,4.0,4.0,60.0,3.0,4.0,3.0,4.0,4.0,4.0,4.0,4.0,4.0,4.0,4.0,4.0,4.0,,,,,,,,,,3.0,3.0,0.1,0.1,0.1,0.1,0.1,3.0,0.1,0.1,0.1,0.1,0.1,0.1,3.0,3.0,4.0,1.0,1.0,3.0,3.0,0.1,4.0,0.1,0.1,0.1,,,,,,,,,,,,,,,4.0,4.0,4.0,4.0,4.0,4.0,4.0,4.0,4.0,4.0,4.0,4.0,4.0,4.0,4.0,4.0,4.0,4.0,4.0,4.0,4.0,4.0,4.0,1.0,4.0,4.0,4.0,4.0,4.0,1.0,1.0,1.0,2.0,4.0,1.0,4.0,9.0,4.0
0,桃源國小,組長 / 教師（含編制外教學人員）,1.0,2-3 年,,,,,,3,4 - 非常認同,3 - 認同,4 - 非常認同,4 - 非常認同,4 - 非常認同,4 - 非常認同,3 - 同意,3 - 同意,4 - 非常同意,3 - 同意,4 - 非常同意,4 - 非常同意,30~60 分鐘,2 - 不同意,3 - 同意,2 - 不同意,4 - 非常認同,4 - 非常認同,3 - 認同,4 - 非常認同,3 - 認同,4 - 非常同意,3 - 同意,3 - 同意,4 - 非常同意,3 - 同意,,,,,,,,,,,2 - 沒有幫助,2 - 沒有幫助,知道但沒有使用過,4 - 非常有幫助,,3 - 有幫助,4 - 非常有幫助,知道但沒有使用過,4 - 非常有幫助,4 - 非常有幫助,知道但沒有使用過,知道但沒有使用過,知道但沒有使用過,3 - 有幫助,2 - 沒有幫助,知道但沒有使用過,知道但沒有使用過,經常使用（6 個月內 7 次以上）,從沒使用過,從沒使用過,,1 - 完全沒有幫助,1 - 完全沒有幫助,3 - 有幫助,4 - 非常有幫助,知道但沒有使用過,知道但沒有使用過,2 - 沒有幫助,,,,,,,,,,,,,,,,,,,2,4 - 非常認同,3,4,4,4,3,4,1,4,4,4,4,4,4,4,3,3,1,1,1,1,3,1,3,友善願意對話,重視願景也重視個人,,,4,4,4,2,1,1,1,考慮 1 - 2 年內持續任職,1,1,持續透過聯盟的系統與力量接住現場的小孩,2,5,,4,,,,,,2026-02-04 15:42:36,845,2001:b400:e755:9876:b880:bdff:fecd:5364,,,,74acc174bf6a4742a71bd82b9a2e9eb9,,,,3.0,4.0,3.0,4.0,4.0,4.0,4.0,3.0,3.0,4.0,3.0,4.0,4.0,30.0,2.0,3.0,2.0,4.0,4.0,3.0,4.0,3.0,4.0,3.0,3.0,4.0,3.0,,,,,,,,,,2.0,2.0,0.1,4.0,3.0,4.0,0.1,4.0,4.0,0.1,0.1,0.1,3.0,2.0,0.1,0.1,4.0,1.0,1.0,1.0,1.0,3.0,4.0,0.1,0.1,2.0,,,,,,,,,,,,,,,2.0,4.0,3.0,4.0,4.0,4.0,3.0,4.0,1.0,4.0,4.0,4.0,4.0,4.0,4.0,4.0,3.0,3.0,1.0,1.0,1.0,1.0,3.0,1.0,3.0,4.0,4.0,4.0,2.0,1.0,1.0,1.0,1.5,1.0,1.0,2.0,5.0,4.0
0,坪林實中,組長 / 教師（含編制外教學人員）,10.0,2-3 年,,,,,,4,4 - 非常認同,3 - 認同,4 - 非常認同,3 - 認同,4 - 非常認同,4 - 非常認同,4 - 非常同意,4 - 非常同意,4 - 非常同意,4 - 非常同意,4 - 非常同意,4 - 非常同意,小於 30 分鐘,3 - 同意,3 - 同意,3 - 同意,3 - 認同,4 - 非常認同,3 - 認同,3 - 認同,3 - 認同,3 - 同意,3 - 同意,3 - 同意,3 - 同意,3 - 同意,,,,,,,,,,,3 - 有幫助,4 - 非常有幫助,3 - 有幫助,4 - 非常有幫助,,3 - 有幫助,3 - 有幫助,3 - 有幫助,3 - 有幫助,3 - 有幫助,3 - 有幫助,我不知道這個資源,我不知道這個資源,3 - 有幫助,3 - 有幫助,知道但沒有使用過,3 - 有幫助,很少使用（6 個月內 1~2 次）,很少使用（6 個月內 1~2 次）,很少使用（6 個月內 1~2 次）,,3 - 有幫助,我不知道這個資源,我不知道這個資源,3 - 有幫助,我不知道這個資源,知道但沒有使用過,知道但沒有使用過,,,,,,,,,,,,,,,,,,,4,3 - 認同,4,4,4,4,4,4,4,4,4,4,4,4,4,4,4,4,4,4,4,4,4,4,4,實驗創新課程,工時與量能,,,4,4,3,3,1,3,3,考慮任職 2 年以上,4,3,專業增能機會,4,10,,4,,,健康第一,早點下班,,2026-02-04 15:42:46,744,223.137.104.76,,,,5f65e556778e205035adf7e4a6bf5d6f,,,,4.0,4.0,3.0,4.0,3.0,4.0,4.0,4.0,4.0,4.0,4.0,4.0,4.0,,3.0,3.0,3.0,3.0,4.0,3.0,3.0,3.0,3.0,3.0,3.0,3.0,3.0,,,,,,,,,,3.0,4.0,3.0,4.0,3.0,3.0,3.0,3.0,3.0,3.0,0.0,0.0,3.0,3.0,0.1,3.0,2.0,2.0,2.0,3.0,0.0,0.0,3.0,0.0,0.1,0.1,,,,,,,,,,,,,,,4.0,3.0,4.0,4.0,4.0,4.0,4.0,4.0,4.0,4.0,4.0,4.0,4.0,4.0,4.0,4.0,4.0,4.0,4.0,4.0,4.0,4.0,4.0,4.0,4.0,4.0,4.0,3.0,3.0,1.0,3.0,3.0,2.0,4.0,3.0,4.0,10.0,4.0
0,內甕國小,組長 / 教師（含編制外教學人員）,14.0,1-2 年,,,,,,4,3 - 認同,3 - 認同,3 - 認同,4 - 非常認同,4 - 非常認同,4 - 非常認同,3 - 同意,3 - 同意,3 - 同意,3 - 同意,4 - 非常同意,3 - 同意,60~120 分鐘,4 - 非常同意,3 - 同意,3 - 同意,3 - 認同,3 - 認同,3 - 認同,3 - 認同,我不理解這項 KIST 教學特色,3 - 同意,3 - 同意,3 - 同意,3 - 同意,我不理解這項 KIST 教學特色,,,,,,,,,,,3 - 有幫助,3 - 有幫助,知道但沒有使用過,知道但沒有使用過,,3 - 有幫助,知道但沒有使用過,3 - 有幫助,知道但沒有使用過,知道但沒有使用過,我不知道這個資源,我不知道這個資源,知道但沒有使用過,3 - 有幫助,3 - 有幫助,我不知道這個資源,我不知道這個資源,很少使用（6 個月內 1~2 次）,很少使用（6 個月內 1~2 次）,從沒使用過,,知道但沒有使用過,知道但沒有使用過,我不知道這個資源,我不知道這個資源,知道但沒有使用過,1 - 完全沒有幫助,知道但沒有使用過,,,,,,,,,,,,,,,,,,,4,3 - 認同,3,3,3,3,3,3,3,3,3,3,3,3,3,3,3,3,3,3,3,3,3,1,3,準時健康第一,無,,,3,3,3,3,1,1,1,考慮 1 年內持續任職,2,1,無,3,7,7,1,,,加油,研習,,2026-02-04 15:42:54,879,2402:7500:a02:cb9:f0ca:99cd:8454:c145,,,,066f8a674f8428a9eabaf72f66a33aa5,,,,4.0,3.0,3.0,3.0,4.0,4.0,4.0,3.0,3.0,3.0,3.0,4.0,3.0,60.0,4.0,3.0,3.0,3.0,3.0,3.0,3.0,0.0,3.0,3.0,3.0,3.0,0.0,,,,,,,,,,3.0,3.0,0.1,0.1,3.0,0.1,3.0,0.1,0.1,0.0,0.0,0.1,3.0,3.0,0.0,0.0,2.0,2.0,1.0,0.1,0.1,0.0,0.0,0.1,1.0,0.1,,,,,,,,,,,,,,,4.0,3.0,3.0,3.0,3.0,3.0,3.0,3.0,3.0,3.0,3.0,3.0,3.0,3.0,3.0,3.0,3.0,3.0,3.0,3.0,3.0,3.0,3.0,1.0,3.0,3.0,3.0,3.0,3.0,1.0,1.0,1.0,0.5,2.0,1.0,3.0,7.0,1.0
0,內甕國小,組長 / 教師（含編制外教學人員）,20.0,1-2 年,,,,,,4,3 - 認同,3 - 認同,4 - 非常認同,3 - 認同,3 - 認同,3 - 認同,4 - 非常同意,3 - 同意,3 - 同意,3 - 同意,4 - 非常同意,3 - 同意,30~60 分鐘,3 - 同意,3 - 同意,3 - 同意,3 - 認同,3 - 認同,3 - 認同,3 - 認同,3 - 認同,3 - 同意,3 - 同意,3 - 同意,3 - 同意,3 - 同意,,,,,,,,,,,4 - 非常有幫助,4 - 非常有幫助,知道但沒有使用過,3 - 有幫助,觀摩學習其他老師的教學,3 - 有幫助,知道但沒有使用過,3 - 有幫助,知道但沒有使用過,知道但沒有使用過,3 - 有幫助,3 - 有幫助,知道但沒有使用過,知道但沒有使用過,我不知道這個資源,我不知道這個資源,我不知道這個資源,從沒使用過,從沒使用過,很少使用（6 個月內 1~2 次）,影片及提供連結，方便觀看學習。,我不知道這個資源,我不知道這個資源,我不知道這個資源,我不知道這個資源,我不知道這個資源,2 - 沒有幫助,我不知道這個資源,群組公開連結，設為記事本方便查詢。,,,,,,,,,,,,,,,,,,3,4 - 非常認同,4,4,4,4,3,3,3,4,4,4,3,3,3,3,3,4,4,4,4,4,4,2,4,氣氛融洽,想看教學觀摩，影片也可,,,4,4,1,3,2,2,2,考慮任職 2 年以上,2,2,希望越來越了解kist,3,7,溫馨的團體,3,充滿希望,,給予老師們支持,多給予學生支援,謝謝您,2026-02-04 15:43:02,899,2402:7500:a58:e57a::5dc4:c0d4,,,,da6d31a1fa8369d3821181303338d030,,,,4.0,3.0,3.0,4.0,3.0,3.0,3.0,4.0,3.0,3.0,3.0,4.0,3.0,30.0,3.0,3.0,3.0,3.0,3.0,3.0,3.0,3.0,3.0,3.0,3.0,3.0,3.0,,,,,,,,,,4.0,4.0,0.1,3.0,3.0,0.1,3.0,0.1,0.1,3.0,3.0,0.1,0.1,0.0,0.0,0.0,1.0,1.0,2.0,0.0,0.0,0.0,0.0,0.0,2.0,0.0,,,,,,,,,,,,,,,3.0,4.0,4.0,4.0,4.0,4.0,3.0,3.0,3.0,4.0,4.0,4.0,3.0,3.0,3.0,3.0,3.0,4.0,4.0,4.0,4.0,4.0,4.0,2.0,4.0,4.0,4.0,1.0,3.0,2.0,2.0,2.0,2.0,2.0,2.0,3.0,7.0,3.0
0,內甕國小,組長 / 教師（含編制外教學人員）,20.0,1-2 年,,,,,,4,3 - 認同,3 - 認同,3 - 認同,2 - 不認同,3 - 認同,4 - 非常認同,3 - 同意,4 - 非常同意,3 - 同意,3 - 同意,3 - 同意,4 - 非常同意,60~120 分鐘,3 - 同意,3 - 同意,3 - 同意,3 - 認同,3 - 認同,2 - 不認同,3 - 認同,3 - 認同,3 - 同意,3 - 同意,2 - 不同意,3 - 同意,3 - 同意,,,,,,,,,,,3 - 有幫助,3 - 有幫助,知道但沒有使用過,知道但沒有使用過,,3 - 有幫助,知道但沒有使用過,知道但沒有使用過,我不知道這個資源,我不知道這個資源,我不知道這個資源,知道但沒有使用過,知道但沒有使用過,知道但沒有使用過,知道但沒有使用過,我不知道這個資源,我不知道這個資源,很少使用（6 個月內 1~2 次）,從沒使用過,從沒使用過,,3 - 有幫助,我不知道這個資源,知道但沒有使用過,我不知道這個資源,知道但沒有使用過,知道但沒有使用過,知道但沒有使用過,,,,,,,,,,,,,,,,,,,3,3 - 認同,3,3,3,3,3,3,3,3,3,3,2,3,3,3,2,4,3,3,3,3,4,2,3,"關懷學生
",學生也需要磨鍊，不要過度保護。,,,3,3,2,3,1,1,1,考慮任職 2 年以上,2,1,謝謝,2,8,開放 認真 努力,3,,,繼續努力,行政負擔,,2026-02-04 15:43:12,873,2402:7500:506:85a5:9876:31b0:f7bc:76c1,,,,140365590fe693844c05d72fe8f9273c,,,,4.0,3.0,3.0,3.0,2.0,3.0,4.0,3.0,4.0,3.0,3.0,3.0,4.0,60.0,3.0,3.0,3.0,3.0,3.0,2.0,3.0,3.0,3.0,3.0,2.0,3.0,3.0,,,,,,,,,,3.0,3.0,0.1,0.1,3.0,0.1,0.1,0.0,0.0,0.0,0.1,0.1,0.1,0.1,0.0,0.0,2.0,1.0,1.0,3.0,0.0,0.1,0.0,0.1,0.1,0.1,,,,,,,,,,,,,,,3.0,3.0,3.0,3.0,3.0,3.0,3.0,3.0,3.0,3.0,3.0,3.0,2.0,3.0,3.0,3.0,2.0,4.0,3.0,3.0,3.0,3.0,4.0,2.0,3.0,3.0,3.0,2.0,3.0,1.0,1.0,1.0,2.0,2.0,1.0,2.0,8.0,3.0
0,老梅實小,校長 / 主任,14.0,2-3 年,,,,,,4,4 - 非常認同,3 - 認同,4 - 非常認同,4 - 非常認同,4 - 非常認同,3 - 認同,3 - 同意,3 - 同意,3 - 同意,3 - 同意,3 - 同意,3 - 同意,60~120 分鐘,2 - 不同意,2 - 不同意,3 - 同意,4 - 非常認同,4 - 非常認同,4 - 非常認同,3 - 認同,3 - 認同,3 - 同意,3 - 同意,3 - 同意,3 - 同意,3 - 同意,,,,,,,,,,,4 - 非常有幫助,4 - 非常有幫助,知道但沒有使用過,3 - 有幫助,,4 - 非常有幫助,知道但沒有使用過,3 - 有幫助,3 - 有幫助,知道但沒有使用過,3 - 有幫助,知道但沒有使用過,4 - 非常有幫助,知道但沒有使用過,知道但沒有使用過,知道但沒有使用過,知道但沒有使用過,經常使用（6 個月內 7 次以上）,偶爾使用（6 個月內 3~6 次）,偶爾使用（6 個月內 3~6 次）,,3 - 有幫助,3 - 有幫助,知道但沒有使用過,知道但沒有使用過,知道但沒有使用過,知道但沒有使用過,知道但沒有使用過,,3 - 有幫助,知道但沒有使用過,知道但沒有使用過,3 - 有幫助,3 - 有幫助,,,,,,,,,,,,,4,3 - 認同,3,4,3,3,3,3,3,3,3,3,3,3,3,3,3,3,3,3,3,3,3,1,4,努力學習、友善待人,同時推動的事務要衡量學校整體的量能,,,4,3,4,3,1,3,3,考慮任職 2 年以上,3,3,無,4,8,,3,,,,,,2026-02-04 15:43:13,922,2001:b400:e3ea:e8bd:6db7:4fa9:be77:ae88,,,,3740f922ab45d8c8b1efd0ef432a760d,,,,4.0,4.0,3.0,4.0,4.0,4.0,3.0,3.0,3.0,3.0,3.0,3.0,3.0,60.0,2.0,2.0,3.0,4.0,4.0,4.0,3.0,3.0,3.0,3.0,3.0,3.0,3.0,,,,,,,,,,4.0,4.0,0.1,3.0,4.0,0.1,3.0,3.0,0.1,3.0,0.1,4.0,0.1,0.1,0.1,0.1,4.0,3.0,3.0,3.0,3.0,0.1,0.1,0.1,0.1,0.1,3.0,0.1,0.1,3.0,3.0,,,,,,,,,,4.0,3.0,3.0,4.0,3.0,3.0,3.0,3.0,3.0,3.0,3.0,3.0,3.0,3.0,3.0,3.0,3.0,3.0,3.0,3.0,3.0,3.0,3.0,1.0,4.0,4.0,3.0,4.0,3.0,1.0,3.0,3.0,2.0,3.0,3.0,4.0,8.0,3.0
0,老梅實小,校長 / 主任,34.0,3-5 年,,,,,,4,4 - 非常認同,4 - 非常認同,4 - 非常認同,4 - 非常認同,4 - 非常認同,4 - 非常認同,4 - 非常同意,4 - 非常同意,4 - 非常同意,4 - 非常同意,4 - 非常同意,4 - 非常同意,30~60 分鐘,4 - 非常同意,4 - 非常同意,4 - 非常同意,4 - 非常認同,4 - 非常認同,4 - 非常認同,4 - 非常認同,4 - 非常認同,4 - 非常同意,4 - 非常同意,4 - 非常同意,4 - 非常同意,4 - 非常同意,,,,,,,,,,,4 - 非常有幫助,4 - 非常有幫助,4 - 非常有幫助,4 - 非常有幫助,,4 - 非常有幫助,4 - 非常有幫助,4 - 非常有幫助,4 - 非常有幫助,4 - 非常有幫助,4 - 非常有幫助,4 - 非常有幫助,4 - 非常有幫助,4 - 非常有幫助,4 - 非常有幫助,4 - 非常有幫助,4 - 非常有幫助,偶爾使用（6 個月內 3~6 次）,偶爾使用（6 個月內 3~6 次）,偶爾使用（6 個月內 3~6 次）,,4 - 非常有幫助,4 - 非常有幫助,4 - 非常有幫助,4 - 非常有幫助,4 - 非常有幫助,4 - 非常有幫助,4 - 非常有幫助,,4 - 非常有幫助,4 - 非常有幫助,4 - 非常有幫助,4 - 非常有幫助,4 - 非常有幫助,,,,,,,,,,,,,4,4 - 非常認同,4,4,4,4,4,4,4,4,4,4,4,4,4,4,4,4,4,3,3,4,4,4,4,成長型思維、友善待人,教練機制,,,4,4,4,4,4,4,3,考慮任職 2 年以上,4,3,建立制度、找接棒人,4,10,,4,,,,,謝謝基金會,2026-02-04 15:43:15,870,2401:e180:88a1:ad8b:386a:571c:d51a:8bf8,,,,f2c1d0f870b8a137dae52a10a8083102,,,,4.0,4.0,4.0,4.0,4.0,4.0,4.0,4.0,4.0,4.0,4.0,4.0,4.0,30.0,4.0,4.0,4.0,4.0,4.0,4.0,4.0,4.0,4.0,4.0,4.0,4.0,4.0,,,,,,,,,,4.0,4.0,4.0,4.0,4.0,4.0,4.0,4.0,4.0,4.0,4.0,4.0,4.0,4.0,4.0,4.0,3.0,3.0,3.0,4.0,4.0,4.0,4.0,4.0,4.0,4.0,4.0,4.0,4.0,4.0,4.0,,,,,,,,,,4.0,4.0,4.0,4.0,4.0,4.0,4.0,4.0,4.0,4.0,4.0,4.0,4.0,4.0,4.0,4.0,4.0,4.0,4.0,3.0,3.0,4.0,4.0,4.0,4.0,4.0,4.0,4.0,4.0,4.0,4.0,3.0,2.0,4.0,3.0,4.0,10.0,4.0
0,峨眉國中,"組長 / 教師（含編制外教學人員）
校內教練 / 教召",5.0,2-3 年,,,,,,4,4 - 非常認同,4 - 非常認同,3 - 認同,3 - 認同,3 - 認同,3 - 認同,4 - 非常同意,3 - 同意,3 - 同意,4 - 非常同意,3 - 同意,3 - 同意,小於 30 分鐘,3 - 同意,2 - 不同意,3 - 同意,3 - 認同,3 - 認同,3 - 認同,3 - 認同,我不理解這項 KIST 教學特色,4 - 非常同意,3 - 同意,3 - 同意,3 - 同意,我不理解這項 KIST 教學特色,,,,,,,,,,,3 - 有幫助,3 - 有幫助,3 - 有幫助,3 - 有幫助,教召工作坊一次會給很多東西，但不一定有時間消化🤣,2 - 沒有幫助,知道但沒有使用過,知道但沒有使用過,3 - 有幫助,3 - 有幫助,3 - 有幫助,我不知道這個資源,4 - 非常有幫助,知道但沒有使用過,知道但沒有使用過,知道但沒有使用過,知道但沒有使用過,很少使用（6 個月內 1~2 次）,從沒使用過,很少使用（6 個月內 1~2 次）,有些內容很好，但容易流於蜻蜓點水，老師們也會感到資訊很多有的疲乏，操作時會有種為了做而做的感覺，意義感可以再思考,2 - 沒有幫助,2 - 沒有幫助,3 - 有幫助,3 - 有幫助,知道但沒有使用過,我不知道這個資源,我不知道這個資源,其實我對於自己想做的事情很有架構跟方向了，但IDP或是發展平台過於細瑣，有時候會限縮我的想像,,,,,,,,,,,3 - 有幫助,3 - 有幫助,3 - 有幫助,3 - 有幫助,知道但沒有使用過,3 - 有幫助,有些資訊我並不是很知道，這些資訊的招募都是公開透明的嗎？學校端傳達的到各校老師嗎？,3,學校有溝通，但我不太理解,2,3,3,3,3,2,1,1,2,2,2,3,2,2,2,1,2,2,2,1,3,2,2,有核心目標，強調專業,教師專業優先於情感支持，,,,3,2,2,2,2,4,3,考慮任職 2 年以上,2,2,做好自己該做能做的事情，專業能被看見，孩子都能得到最好的支持與陪伴,2,5,,2,,,,多一點的了解現場困境再做決定,,2026-02-04 15:43:21,896,2001:b400:e2f0:1cc8:3d:790f:87eb:4893,,,,5cf9206ee5b1dfa6077f4888d1b2dd31,,,,4.0,4.0,4.0,3.0,3.0,3.0,3.0,4.0,3.0,3.0,4.0,3.0,3.0,,3.0,2.0,3.0,3.0,3.0,3.0,3.0,0.0,4.0,3.0,3.0,3.0,0.0,,,,,,,,,,3.0,3.0,3.0,3.0,2.0,0.1,0.1,3.0,3.0,3.0,0.0,4.0,0.1,0.1,0.1,0.1,2.0,1.0,2.0,2.0,2.0,3.0,3.0,0.1,0.0,0.0,,,,,,,,,3.0,3.0,3.0,3.0,0.1,3.0,3.0,,2.0,3.0,3.0,3.0,3.0,2.0,1.0,1.0,2.0,2.0,2.0,3.0,2.0,2.0,2.0,1.0,2.0,2.0,2.0,1.0,3.0,2.0,2.0,3.0,2.0,2.0,2.0,2.0,4.0,3.0,2.0,2.0,2.0,2.0,5.0,2.0
0,富田國小,校長 / 主任,0.0,2-3 年,,,,,,3,4 - 非常認同,4 - 非常認同,4 - 非常認同,4 - 非常認同,4 - 非常認同,4 - 非常認同,4 - 非常同意,3 - 同意,3 - 同意,3 - 同意,4 - 非常同意,2 - 不同意,小於 30 分鐘,3 - 同意,3 - 同意,3 - 同意,3 - 認同,4 - 非常認同,4 - 非常認同,3 - 認同,3 - 認同,3 - 同意,3 - 同意,3 - 同意,4 - 非常同意,3 - 同意,,,,,,,,,,,3 - 有幫助,3 - 有幫助,3 - 有幫助,知道但沒有使用過,,知道但沒有使用過,4 - 非常有幫助,3 - 有幫助,知道但沒有使用過,知道但沒有使用過,2 - 沒有幫助,我不知道這個資源,知道但沒有使用過,知道但沒有使用過,知道但沒有使用過,知道但沒有使用過,知道但沒有使用過,從沒使用過,偶爾使用（6 個月內 3~6 次）,從沒使用過,,3 - 有幫助,知道但沒有使用過,3 - 有幫助,知道但沒有使用過,知道但沒有使用過,知道但沒有使用過,知道但沒有使用過,,3 - 有幫助,我不知道這個資源,知道但沒有使用過,知道但沒有使用過,我不知道這個資源,,,,,,,,,,,,,3,4 - 非常認同,4,4,4,4,3,3,4,3,3,4,4,3,3,3,4,4,3,4,3,4,4,1,4,夥伴彼此互信，是個有安全感的環境。,校內多多圍圈吧！,,,4,4,1,2,3,3,3,考慮 1 - 2 年內持續任職,3,3,目前沒有,3,7,,2,,,,,,2026-02-04 15:43:23,936,2401:e180:88b2:2f24:e8b6:c7e3:3f68:3718,,,,040ee264ddef38119dd6a7bf8ca1db4f,,,,3.0,4.0,4.0,4.0,4.0,4.0,4.0,4.0,3.0,3.0,3.0,4.0,2.0,,3.0,3.0,3.0,3.0,4.0,4.0,3.0,3.0,3.0,3.0,3.0,4.0,3.0,,,,,,,,,,3.0,3.0,3.0,0.1,0.1,4.0,3.0,0.1,0.1,2.0,0.0,0.1,0.1,0.1,0.1,0.1,1.0,3.0,1.0,3.0,0.1,3.0,0.1,0.1,0.1,0.1,3.0,0.0,0.1,0.1,0.0,,,,,,,,,,3.0,4.0,4.0,4.0,4.0,4.0,3.0,3.0,4.0,3.0,3.0,4.0,4.0,3.0,3.0,3.0,4.0,4.0,3.0,4.0,3.0,4.0,4.0,1.0,4.0,4.0,4.0,1.0,2.0,3.0,3.0,3.0,1.5,3.0,3.0,3.0,7.0,2.0
0,光榮國小,組長 / 教師（含編制外教學人員）,2.0,1-2 年,,,,,,4,4 - 非常認同,4 - 非常認同,4 - 非常認同,4 - 非常認同,4 - 非常認同,4 - 非常認同,3 - 同意,3 - 同意,4 - 非常同意,4 - 非常同意,4 - 非常同意,3 - 同意,小於 30 分鐘,3 - 同意,2 - 不同意,3 - 同意,3 - 認同,4 - 非常認同,3 - 認同,4 - 非常認同,3 - 認同,3 - 同意,4 - 非常同意,3 - 同意,3 - 同意,3 - 同意,,,,,,,,,,,4 - 非常有幫助,3 - 有幫助,3 - 有幫助,知道但沒有使用過,希望有一個跨校考卷或是學習單資料庫，可以串聯互相參考,知道但沒有使用過,知道但沒有使用過,知道但沒有使用過,知道但沒有使用過,知道但沒有使用過,知道但沒有使用過,知道但沒有使用過,知道但沒有使用過,知道但沒有使用過,知道但沒有使用過,知道但沒有使用過,知道但沒有使用過,從沒使用過,從沒使用過,從沒使用過,,2 - 沒有幫助,知道但沒有使用過,知道但沒有使用過,知道但沒有使用過,我不知道這個資源,知道但沒有使用過,知道但沒有使用過,,,,,,,,,,,,,,,,,,,4,4 - 非常認同,4,3,3,3,3,3,3,4,4,4,4,3,4,4,3,3,4,4,3,3,4,1,3,友善包容的氛圍,各校資源的共享可以多一點，或是資源平台使用的指引更清楚,,,4,3,2,2,1,2,3,不考慮持續任職,2,2,有機會希望可以嘗試以講師或是陪伴新進夥伴的教練的身分,3,8,共好氛圍和支持教學的資源,3,大家關係更加融洽和諧,我覺得峰會或是共識營的內容更貼近老師的需求與負荷量,共好的信念與行動,減少課程地圖的反覆修改,謝謝大家，辛苦了！,2026-02-04 15:43:24,931,211.22.7.170,,,,ea99f8c3ef29a44ce7a239da99088f09,,,,4.0,4.0,4.0,4.0,4.0,4.0,4.0,3.0,3.0,4.0,4.0,4.0,3.0,,3.0,2.0,3.0,3.0,4.0,3.0,4.0,3.0,3.0,4.0,3.0,3.0,3.0,,,,,,,,,,4.0,3.0,3.0,0.1,0.1,0.1,0.1,0.1,0.1,0.1,0.1,0.1,0.1,0.1,0.1,0.1,1.0,1.0,1.0,2.0,0.1,0.1,0.1,0.0,0.1,0.1,,,,,,,,,,,,,,,4.0,4.0,4.0,3.0,3.0,3.0,3.0,3.0,3.0,4.0,4.0,4.0,4.0,3.0,4.0,4.0,3.0,3.0,4.0,4.0,3.0,3.0,4.0,1.0,3.0,4.0,3.0,2.0,2.0,1.0,2.0,3.0,0.0,2.0,2.0,3.0,8.0,3.0
0,三民國小,組長 / 教師（含編制外教學人員）,3.0,1 年以下,認同 KIST 的理念,,,1. 方大哥 / 李老師 / 柱督 / 校長專訪或演講,,4,3 - 認同,1 - 非常不認同,3 - 認同,4 - 非常認同,4 - 非常認同,3 - 認同,3 - 同意,2 - 不同意,3 - 同意,4 - 非常同意,2 - 不同意,1 - 非常不同意,60~120 分鐘,2 - 不同意,3 - 同意,2 - 不同意,3 - 認同,3 - 認同,4 - 非常認同,2 - 不認同,4 - 非常認同,4 - 非常同意,3 - 同意,4 - 非常同意,1 - 非常不同意,3 - 同意,4 - 非常有幫助,3 - 有幫助,2 - 沒有幫助,知道但沒有使用過,3 - 有幫助,很少使用（6 個月內 1~2 次）,從沒使用過,從沒使用過,很少使用（6 個月內 1~2 次）,原本版本的新師手冊2020版好用很對，而且還有實物的解憂站,3 - 有幫助,3 - 有幫助,2 - 沒有幫助,2 - 沒有幫助,雖然同校的教練比較了解現場跟老師，但是同時也是主管會是教甄的委員，會在提問時有顧慮，或許有一個他校的老師會不會是一個比較沒有雙重身份的方法？,2 - 沒有幫助,知道但沒有使用過,3 - 有幫助,3 - 有幫助,知道但沒有使用過,我不知道這個資源,我不知道這個資源,3 - 有幫助,知道但沒有使用過,我不知道這個資源,知道但沒有使用過,我不知道這個資源,經常使用（6 個月內 7 次以上）,從沒使用過,從沒使用過,,2 - 沒有幫助,知道但沒有使用過,知道但沒有使用過,3 - 有幫助,3 - 有幫助,4 - 非常有幫助,知道但沒有使用過,,,,,,,,,,,,,,,,,,,4,3 - 認同,4,2,4,4,4,4,4,4,4,1,3,2,4,4,4,4,2,4,4,2,3,1,4,科學救國，有很多結構的內容,我期待更多的品格鍛鍊，而不是SEL對我而言品格鍛煉跟SEL是不一樣的路線,更能夠愛心說真話,我們花了很多時間教品格，但也思考只靠學生的能量真的能夠翻轉品格嗎？,2,3,4,4,1,3,4,考慮任職 2 年以上,4,3,期待能夠真實帶領孩子成長,4,8,能夠真的有一個Work hard的地方,4,,,保持品格課的內容,一起出去玩,,2026-02-04 15:43:27,890,2401:e180:8821:d3b8:60de:c2b7:91d1:ae5a,,,,e3de10114d33e8fa7231509e927d6ead,,,,4.0,3.0,1.0,3.0,4.0,4.0,3.0,3.0,2.0,3.0,4.0,2.0,1.0,60.0,2.0,3.0,2.0,3.0,3.0,4.0,2.0,4.0,4.0,3.0,4.0,1.0,3.0,4.0,3.0,2.0,0.1,3.0,2.0,1.0,1.0,2.0,3.0,3.0,2.0,2.0,2.0,0.1,3.0,3.0,0.1,0.0,0.0,3.0,0.1,0.0,0.1,0.0,4.0,1.0,1.0,2.0,0.1,0.1,3.0,3.0,4.0,0.1,,,,,,,,,,,,,,,4.0,3.0,4.0,2.0,4.0,4.0,4.0,4.0,4.0,4.0,4.0,1.0,3.0,2.0,4.0,4.0,4.0,4.0,2.0,4.0,4.0,2.0,3.0,1.0,4.0,2.0,3.0,4.0,4.0,1.0,3.0,4.0,2.0,4.0,3.0,4.0,8.0,4.0
0,內甕國小,組長 / 教師（含編制外教學人員）,27.0,1-2 年,,,,,,4,4 - 非常認同,4 - 非常認同,4 - 非常認同,4 - 非常認同,4 - 非常認同,4 - 非常認同,3 - 同意,3 - 同意,3 - 同意,3 - 同意,3 - 同意,3 - 同意,30~60 分鐘,3 - 同意,3 - 同意,3 - 同意,3 - 認同,4 - 非常認同,4 - 非常認同,3 - 認同,我不理解這項 KIST 教學特色,3 - 同意,3 - 同意,3 - 同意,3 - 同意,我不理解這項 KIST 教學特色,,,,,,,,,,,3 - 有幫助,3 - 有幫助,3 - 有幫助,3 - 有幫助,,3 - 有幫助,3 - 有幫助,3 - 有幫助,3 - 有幫助,我不知道這個資源,知道但沒有使用過,我不知道這個資源,知道但沒有使用過,3 - 有幫助,知道但沒有使用過,我不知道這個資源,知道但沒有使用過,經常使用（6 個月內 7 次以上）,經常使用（6 個月內 7 次以上）,從沒使用過,,3 - 有幫助,我不知道這個資源,我不知道這個資源,知道但沒有使用過,我不知道這個資源,知道但沒有使用過,知道但沒有使用過,,,,,,,,,,,,,,,,,,,4,3 - 認同,4,4,3,3,3,4,3,3,4,3,3,3,3,3,4,4,4,3,3,3,3,2,3,溫暖包容支持的氣氛,溫暖包容支持的氣氛,,,3,3,3,3,2,2,2,考慮任職 2 年以上,3,2,學校存活下去,4,8,,3,,,,,感謝基金會給我成長的機會,2026-02-04 15:43:30,939,15.220.83.146,,,,12f14eae19093a219a5975a1576655d9,,,,4.0,4.0,4.0,4.0,4.0,4.0,4.0,3.0,3.0,3.0,3.0,3.0,3.0,30.0,3.0,3.0,3.0,3.0,4.0,4.0,3.0,0.0,3.0,3.0,3.0,3.0,0.0,,,,,,,,,,3.0,3.0,3.0,3.0,3.0,3.0,3.0,3.0,0.0,0.1,0.0,0.1,3.0,0.1,0.0,0.1,4.0,4.0,1.0,3.0,0.0,0.0,0.1,0.0,0.1,0.1,,,,,,,,,,,,,,,4.0,3.0,4.0,4.0,3.0,3.0,3.0,4.0,3.0,3.0,4.0,3.0,3.0,3.0,3.0,3.0,4.0,4.0,4.0,3.0,3.0,3.0,3.0,2.0,3.0,3.0,3.0,3.0,3.0,2.0,2.0,2.0,2.0,3.0,2.0,4.0,8.0,3.0
0,內甕國小,組長 / 教師（含編制外教學人員）,13.0,1 年以下,認同 KIST 的理念,,,1. KIST 夥伴介紹,,4,3 - 認同,3 - 認同,4 - 非常認同,4 - 非常認同,4 - 非常認同,4 - 非常認同,3 - 同意,4 - 非常同意,3 - 同意,4 - 非常同意,3 - 同意,3 - 同意,30~60 分鐘,2 - 不同意,2 - 不同意,2 - 不同意,3 - 認同,3 - 認同,3 - 認同,3 - 認同,我不理解這項 KIST 教學特色,3 - 同意,3 - 同意,3 - 同意,3 - 同意,我不理解這項 KIST 教學特色,3 - 有幫助,3 - 有幫助,我不知道這個資源,我不知道這個資源,我不知道這個資源,很少使用（6 個月內 1~2 次）,從沒使用過,從沒使用過,從沒使用過,,4 - 非常有幫助,3 - 有幫助,4 - 非常有幫助,知道但沒有使用過,,3 - 有幫助,知道但沒有使用過,知道但沒有使用過,知道但沒有使用過,知道但沒有使用過,我不知道這個資源,我不知道這個資源,知道但沒有使用過,3 - 有幫助,知道但沒有使用過,知道但沒有使用過,知道但沒有使用過,從沒使用過,從沒使用過,從沒使用過,,4 - 非常有幫助,我不知道這個資源,我不知道這個資源,知道但沒有使用過,我不知道這個資源,知道但沒有使用過,知道但沒有使用過,,,,,,,,,,,,,,,,,,,4,4 - 非常認同,4,3,4,4,3,3,3,4,4,4,4,4,4,4,4,4,4,3,3,3,4,1,4,包容和支持的氛圍,獎金,更有發展動力,無,4,4,4,3,1,4,2,考慮任職 2 年以上,1,1,熟悉kist的運作，掌握教育的資源，完成教育的期待,3,10,給予充分的支持,4,,,資源共享,無想法,,2026-02-04 15:43:31,934,2001:b400:e62a:8708:50d2:1a02:a6b1:c3fd,,,,81dbf6fc3c331bc1aab6efb48f6e2914,,,,4.0,3.0,3.0,4.0,4.0,4.0,4.0,3.0,4.0,3.0,4.0,3.0,3.0,30.0,2.0,2.0,2.0,3.0,3.0,3.0,3.0,0.0,3.0,3.0,3.0,3.0,0.0,3.0,3.0,0.0,0.0,0.0,2.0,1.0,1.0,1.0,4.0,3.0,4.0,0.1,3.0,0.1,0.1,0.1,0.1,0.0,0.0,0.1,3.0,0.1,0.1,0.1,1.0,1.0,1.0,4.0,0.0,0.0,0.1,0.0,0.1,0.1,,,,,,,,,,,,,,,4.0,4.0,4.0,3.0,4.0,4.0,3.0,3.0,3.0,4.0,4.0,4.0,4.0,4.0,4.0,4.0,4.0,4.0,4.0,3.0,3.0,3.0,4.0,1.0,4.0,4.0,4.0,4.0,3.0,1.0,4.0,2.0,2.0,1.0,1.0,3.0,10.0,4.0
0,峨眉國中,"組長 / 教師（含編制外教學人員）
校內教練 / 教召",2.0,5 年以上,,,,,,4,4 - 非常認同,4 - 非常認同,4 - 非常認同,4 - 非常認同,4 - 非常認同,4 - 非常認同,4 - 非常同意,4 - 非常同意,3 - 同意,3 - 同意,3 - 同意,3 - 同意,60~120 分鐘,2 - 不同意,3 - 同意,3 - 同意,3 - 認同,4 - 非常認同,4 - 非常認同,3 - 認同,4 - 非常認同,3 - 同意,3 - 同意,3 - 同意,2 - 不同意,3 - 同意,,,,,,,,,,,4 - 非常有幫助,4 - 非常有幫助,3 - 有幫助,4 - 非常有幫助,,3 - 有幫助,3 - 有幫助,3 - 有幫助,3 - 有幫助,3 - 有幫助,3 - 有幫助,我不知道這個資源,知道但沒有使用過,我不知道這個資源,知道但沒有使用過,我不知道這個資源,知道但沒有使用過,很少使用（6 個月內 1~2 次）,偶爾使用（6 個月內 3~6 次）,很少使用（6 個月內 1~2 次）,,4 - 非常有幫助,3 - 有幫助,4 - 非常有幫助,4 - 非常有幫助,知道但沒有使用過,知道但沒有使用過,知道但沒有使用過,,,,,,,,,,,,3 - 有幫助,知道但沒有使用過,我不知道有這個資源,3 - 有幫助,知道但沒有使用過,我不知道有這個資源,,4,3 - 認同,2,3,3,3,3,3,2,3,3,3,3,3,3,3,3,3,3,2,3,2,3,1,3,不困難的事情不做,更友善且互相尊重的工作環境，朝向一致的目標努力,,,4,4,4,4,2,4,4,考慮任職 2 年以上,4,3,成為教學教練，陪伴新手教師一同成長,4,9,,4,,,,,,2026-02-04 15:43:32,943,211.22.7.169,,,,0641d50e05ab17a0f14d6a0e945d5754,,,,4.0,4.0,4.0,4.0,4.0,4.0,4.0,4.0,4.0,3.0,3.0,3.0,3.0,60.0,2.0,3.0,3.0,3.0,4.0,4.0,3.0,4.0,3.0,3.0,3.0,2.0,3.0,,,,,,,,,,4.0,4.0,3.0,4.0,3.0,3.0,3.0,3.0,3.0,3.0,0.0,0.1,0.0,0.1,0.0,0.1,2.0,3.0,2.0,4.0,3.0,4.0,4.0,0.1,0.1,0.1,,,,,,,,,3.0,0.1,0.0,3.0,0.1,0.0,4.0,3.0,2.0,3.0,3.0,3.0,3.0,3.0,2.0,3.0,3.0,3.0,3.0,3.0,3.0,3.0,3.0,3.0,3.0,2.0,3.0,2.0,3.0,1.0,3.0,4.0,4.0,4.0,4.0,2.0,4.0,4.0,2.0,4.0,3.0,4.0,9.0,4.0
0,仙草實小,組長 / 教師（含編制外教學人員）,0.0,1-2 年,,,,,,4,4 - 非常認同,4 - 非常認同,4 - 非常認同,4 - 非常認同,4 - 非常認同,4 - 非常認同,4 - 非常同意,4 - 非常同意,4 - 非常同意,4 - 非常同意,4 - 非常同意,2 - 不同意,小於 30 分鐘,1 - 非常不同意,2 - 不同意,3 - 同意,4 - 非常認同,4 - 非常認同,4 - 非常認同,4 - 非常認同,4 - 非常認同,3 - 同意,4 - 非常同意,3 - 同意,1 - 非常不同意,3 - 同意,,,,,,,,,,,3 - 有幫助,3 - 有幫助,知道但沒有使用過,3 - 有幫助,,3 - 有幫助,知道但沒有使用過,知道但沒有使用過,2 - 沒有幫助,4 - 非常有幫助,知道但沒有使用過,知道但沒有使用過,知道但沒有使用過,知道但沒有使用過,知道但沒有使用過,知道但沒有使用過,3 - 有幫助,偶爾使用（6 個月內 3~6 次）,很少使用（6 個月內 1~2 次）,從沒使用過,,3 - 有幫助,知道但沒有使用過,知道但沒有使用過,知道但沒有使用過,知道但沒有使用過,知道但沒有使用過,知道但沒有使用過,,,,,,,,,,,,,,,,,,,2,3 - 認同,3,3,2,3,2,2,3,3,3,3,4,3,3,4,3,4,3,3,3,3,3,2,3,資源豐沛、對新觀點與方法有熱情與開放心態。,將現有資源有效梳理整合，化繁為簡。,,,4,3,3,2,1,1,1,不考慮持續任職,1,1,暫時沒有,3,6,,4,,,,,,2026-02-04 15:43:36,650,211.22.7.169,,,,6d818bbba8288c2d309ec87f60a0fae1,,,,4.0,4.0,4.0,4.0,4.0,4.0,4.0,4.0,4.0,4.0,4.0,4.0,2.0,,1.0,2.0,3.0,4.0,4.0,4.0,4.0,4.0,3.0,4.0,3.0,1.0,3.0,,,,,,,,,,3.0,3.0,0.1,3.0,3.0,0.1,0.1,2.0,4.0,0.1,0.1,0.1,0.1,0.1,0.1,3.0,3.0,2.0,1.0,3.0,0.1,0.1,0.1,0.1,0.1,0.1,,,,,,,,,,,,,,,2.0,3.0,3.0,3.0,2.0,3.0,2.0,2.0,3.0,3.0,3.0,3.0,4.0,3.0,3.0,4.0,3.0,4.0,3.0,3.0,3.0,3.0,3.0,2.0,3.0,4.0,3.0,3.0,2.0,1.0,1.0,1.0,0.0,1.0,1.0,3.0,6.0,4.0
0,拯民國小,組長 / 教師（含編制外教學人員）,5.5,2-3 年,,,,,,4,4 - 非常認同,3 - 認同,3 - 認同,4 - 非常認同,4 - 非常認同,4 - 非常認同,4 - 非常同意,3 - 同意,3 - 同意,4 - 非常同意,3 - 同意,3 - 同意,小於 30 分鐘,2 - 不同意,3 - 同意,3 - 同意,4 - 非常認同,4 - 非常認同,4 - 非常認同,4 - 非常認同,我不理解這項 KIST 教學特色,3 - 同意,4 - 非常同意,4 - 非常同意,3 - 同意,我不理解這項 KIST 教學特色,,,,,,,,,,,知道但沒有使用過,知道但沒有使用過,3 - 有幫助,4 - 非常有幫助,,3 - 有幫助,知道但沒有使用過,知道但沒有使用過,3 - 有幫助,知道但沒有使用過,3 - 有幫助,知道但沒有使用過,知道但沒有使用過,知道但沒有使用過,知道但沒有使用過,知道但沒有使用過,知道但沒有使用過,很少使用（6 個月內 1~2 次）,從沒使用過,偶爾使用（6 個月內 3~6 次）,,3 - 有幫助,3 - 有幫助,3 - 有幫助,4 - 非常有幫助,3 - 有幫助,知道但沒有使用過,知道但沒有使用過,,,,,,,,,,,,,,,,,,,4,4 - 非常認同,3,4,3,4,3,4,3,3,3,4,4,3,3,4,3,3,4,3,4,4,3,1,4,每個人都在為自己在意的事熱血努力,正向回饋及彼此慶賀的機會變多,,,4,4,4,2,2,2,3,考慮 1 - 2 年內持續任職,4,3,找到自己的定位及期待自己能為教育創新,4,9,,4,夥伴們有努力在朝著自我照顧前進,努力讓研習不要太有壓力？,樂觀,,,2026-02-04 15:43:39,950,2001:b400:e2f1:38d7:c5da:f77b:4d2b:7aa8,,,,fc3863dced2bf3b710ec86af67d28446,,,,4.0,4.0,3.0,3.0,4.0,4.0,4.0,4.0,3.0,3.0,4.0,3.0,3.0,,2.0,3.0,3.0,4.0,4.0,4.0,4.0,0.0,3.0,4.0,4.0,3.0,0.0,,,,,,,,,,0.1,0.1,3.0,4.0,3.0,0.1,0.1,3.0,0.1,3.0,0.1,0.1,0.1,0.1,0.1,0.1,2.0,1.0,3.0,3.0,3.0,3.0,4.0,3.0,0.1,0.1,,,,,,,,,,,,,,,4.0,4.0,3.0,4.0,3.0,4.0,3.0,4.0,3.0,3.0,3.0,4.0,4.0,3.0,3.0,4.0,3.0,3.0,4.0,3.0,4.0,4.0,3.0,1.0,4.0,4.0,4.0,4.0,2.0,2.0,2.0,3.0,1.5,4.0,3.0,4.0,9.0,4.0
0,樟湖生態國中小,組長 / 教師（含編制外教學人員）,3.0,2-3 年,,,,,,4,3 - 認同,3 - 認同,3 - 認同,3 - 認同,3 - 認同,4 - 非常認同,3 - 同意,4 - 非常同意,3 - 同意,3 - 同意,3 - 同意,4 - 非常同意,30~60 分鐘,3 - 同意,3 - 同意,3 - 同意,3 - 認同,3 - 認同,3 - 認同,3 - 認同,3 - 認同,3 - 同意,3 - 同意,3 - 同意,3 - 同意,3 - 同意,,,,,,,,,,,3 - 有幫助,3 - 有幫助,知道但沒有使用過,3 - 有幫助,,3 - 有幫助,知道但沒有使用過,3 - 有幫助,3 - 有幫助,3 - 有幫助,知道但沒有使用過,知道但沒有使用過,3 - 有幫助,3 - 有幫助,3 - 有幫助,3 - 有幫助,知道但沒有使用過,很少使用（6 個月內 1~2 次）,很少使用（6 個月內 1~2 次）,很少使用（6 個月內 1~2 次）,,3 - 有幫助,3 - 有幫助,知道但沒有使用過,3 - 有幫助,知道但沒有使用過,3 - 有幫助,3 - 有幫助,,,,,,,,,,,,,,,,,,,3,3 - 認同,3,4,4,3,4,4,4,4,4,4,4,4,4,4,3,4,3,3,3,3,4,1,4,一起打群架的夥伴,找到適合自己的增能課程,,,4,4,4,3,3,4,4,考慮任職 2 年以上,4,3,深化教學,4,8,,4,,,,,,2026-02-04 15:43:39,832,2001:b400:e163:9473:4429:6798:ebfe:fcd8,,,,9568f0d235a290036c52e8aa94bb42d0,,,,4.0,3.0,3.0,3.0,3.0,3.0,4.0,3.0,4.0,3.0,3.0,3.0,4.0,30.0,3.0,3.0,3.0,3.0,3.0,3.0,3.0,3.0,3.0,3.0,3.0,3.0,3.0,,,,,,,,,,3.0,3.0,0.1,3.0,3.0,0.1,3.0,3.0,3.0,0.1,0.1,3.0,3.0,3.0,3.0,0.1,2.0,2.0,2.0,3.0,3.0,0.1,3.0,0.1,3.0,3.0,,,,,,,,,,,,,,,3.0,3.0,3.0,4.0,4.0,3.0,4.0,4.0,4.0,4.0,4.0,4.0,4.0,4.0,4.0,4.0,3.0,4.0,3.0,3.0,3.0,3.0,4.0,1.0,4.0,4.0,4.0,4.0,3.0,3.0,4.0,4.0,2.0,4.0,3.0,4.0,8.0,4.0
0,光榮國小,組長 / 教師（含編制外教學人員）,1.0,1 年以下,認同 KIST 的理念,,,1. 親友介紹（非 KIST 夥伴，如大學教授、過往的同事...）,,4,4 - 非常認同,4 - 非常認同,4 - 非常認同,4 - 非常認同,4 - 非常認同,2 - 不認同,3 - 同意,3 - 同意,4 - 非常同意,4 - 非常同意,4 - 非常同意,2 - 不同意,小於 30 分鐘,2 - 不同意,1 - 非常不同意,3 - 同意,3 - 認同,4 - 非常認同,4 - 非常認同,4 - 非常認同,3 - 認同,1 - 非常不同意,1 - 非常不同意,1 - 非常不同意,1 - 非常不同意,1 - 非常不同意,4 - 非常有幫助,4 - 非常有幫助,知道但沒有使用過,知道但沒有使用過,知道但沒有使用過,很少使用（6 個月內 1~2 次）,從沒使用過,從沒使用過,從沒使用過,,3 - 有幫助,3 - 有幫助,4 - 非常有幫助,3 - 有幫助,,4 - 非常有幫助,知道但沒有使用過,知道但沒有使用過,知道但沒有使用過,知道但沒有使用過,知道但沒有使用過,我不知道這個資源,知道但沒有使用過,知道但沒有使用過,知道但沒有使用過,知道但沒有使用過,知道但沒有使用過,從沒使用過,從沒使用過,從沒使用過,,4 - 非常有幫助,知道但沒有使用過,4 - 非常有幫助,我不知道這個資源,我不知道這個資源,我不知道這個資源,我不知道這個資源,,,,,,,,,,,,,,,,,,,4,4 - 非常認同,4,4,4,4,4,3,4,4,4,4,4,4,4,4,4,4,4,4,4,4,4,1,3,支持性很高,需要再多一點行政人員,大家凝聚在一起的感覺很棒,無,2,2,4,1,1,1,1,不考慮持續任職,4,1,希望有更多的人力支援行政,4,6,夥伴們真的很棒！,4,大家更有凝聚力,,教練制度,行政工作,,2026-02-04 15:43:48,923,2001:b400:e350:4741:c1f0:5eb:14cb:324f,,,,b3505bf8a136372bdb57d803f489af05,,,,4.0,4.0,4.0,4.0,4.0,4.0,2.0,3.0,3.0,4.0,4.0,4.0,2.0,,2.0,1.0,3.0,3.0,4.0,4.0,4.0,3.0,1.0,1.0,1.0,1.0,1.0,4.0,4.0,0.1,0.1,0.1,2.0,1.0,1.0,1.0,3.0,3.0,4.0,3.0,4.0,0.1,0.1,0.1,0.1,0.1,0.0,0.1,0.1,0.1,0.1,0.1,1.0,1.0,1.0,4.0,0.1,4.0,0.0,0.0,0.0,0.0,,,,,,,,,,,,,,,4.0,4.0,4.0,4.0,4.0,4.0,4.0,3.0,4.0,4.0,4.0,4.0,4.0,4.0,4.0,4.0,4.0,4.0,4.0,4.0,4.0,4.0,4.0,1.0,3.0,2.0,2.0,4.0,1.0,1.0,1.0,1.0,0.0,4.0,1.0,4.0,6.0,4.0
0,拯民國小,組長 / 教師（含編制外教學人員）,0.5,1 年以下,認同 KIST 的理念,,,1. 其他,學校家長,3,3 - 認同,4 - 非常認同,3 - 認同,3 - 認同,3 - 認同,3 - 認同,3 - 同意,4 - 非常同意,3 - 同意,2 - 不同意,2 - 不同意,2 - 不同意,30~60 分鐘,2 - 不同意,1 - 非常不同意,3 - 同意,3 - 認同,3 - 認同,3 - 認同,3 - 認同,我不理解這項 KIST 教學特色,3 - 同意,2 - 不同意,3 - 同意,2 - 不同意,我不理解這項 KIST 教學特色,3 - 有幫助,3 - 有幫助,我不知道這個資源,我不知道這個資源,知道但沒有使用過,偶爾使用（6 個月內 3~6 次）,從沒使用過,從沒使用過,很少使用（6 個月內 1~2 次）,,3 - 有幫助,3 - 有幫助,我不知有這個資源,知道但沒有使用過,,3 - 有幫助,知道但沒有使用過,我不知道這個資源,知道但沒有使用過,3 - 有幫助,我不知道這個資源,我不知道這個資源,我不知道這個資源,我不知道這個資源,知道但沒有使用過,我不知道這個資源,我不知道這個資源,從沒使用過,從沒使用過,從沒使用過,,3 - 有幫助,2 - 沒有幫助,我不知道這個資源,3 - 有幫助,我不知道這個資源,3 - 有幫助,知道但沒有使用過,,,,,,,,,,,,,,,,,,,2,3 - 認同,2,3,2,2,3,2,3,3,3,3,3,3,2,2,2,3,2,2,2,2,3,2,2,認真的老師們,不用這麼拼命,,,3,3,3,2,2,2,2,不考慮持續任職,2,2,快點上手，變健康,2,5,,3,,,,,,2026-02-04 15:43:50,953,2001:b400:e541:11a6:1d3d:202e:e520:7e5a,,,,2ab14bcb5b91fccd37e95e227524adac,,,,3.0,3.0,4.0,3.0,3.0,3.0,3.0,3.0,4.0,3.0,2.0,2.0,2.0,30.0,2.0,1.0,3.0,3.0,3.0,3.0,3.0,0.0,3.0,2.0,3.0,2.0,0.0,3.0,3.0,0.0,0.0,0.1,3.0,1.0,1.0,2.0,3.0,3.0,,0.1,3.0,0.1,0.0,0.1,3.0,0.0,0.0,0.0,0.0,0.1,0.0,0.0,1.0,1.0,1.0,3.0,2.0,0.0,3.0,0.0,3.0,0.1,,,,,,,,,,,,,,,2.0,3.0,2.0,3.0,2.0,2.0,3.0,2.0,3.0,3.0,3.0,3.0,3.0,3.0,2.0,2.0,2.0,3.0,2.0,2.0,2.0,2.0,3.0,2.0,2.0,3.0,3.0,3.0,2.0,2.0,2.0,2.0,0.0,2.0,2.0,2.0,5.0,3.0
0,峨眉國中,組長 / 教師（含編制外教學人員）,1.5,1-2 年,,,,,,4,4 - 非常認同,4 - 非常認同,4 - 非常認同,4 - 非常認同,4 - 非常認同,4 - 非常認同,3 - 同意,4 - 非常同意,2 - 不同意,3 - 同意,4 - 非常同意,2 - 不同意,30~60 分鐘,3 - 同意,3 - 同意,3 - 同意,4 - 非常認同,4 - 非常認同,4 - 非常認同,4 - 非常認同,我不理解這項 KIST 教學特色,3 - 同意,4 - 非常同意,4 - 非常同意,4 - 非常同意,我不理解這項 KIST 教學特色,,,,,,,,,,,4 - 非常有幫助,4 - 非常有幫助,知道但沒有使用過,4 - 非常有幫助,,4 - 非常有幫助,我不知道這個資源,我不知道這個資源,3 - 有幫助,4 - 非常有幫助,我不知道這個資源,我不知道這個資源,我不知道這個資源,我不知道這個資源,我不知道這個資源,我不知道這個資源,我不知道這個資源,偶爾使用（6 個月內 3~6 次）,從沒使用過,從沒使用過,,4 - 非常有幫助,4 - 非常有幫助,我不知道這個資源,4 - 非常有幫助,我不知道這個資源,4 - 非常有幫助,4 - 非常有幫助,,,,,,,,,,,,,,,,,,,4,3 - 認同,2,4,4,4,4,3,2,1,1,1,1,2,2,3,3,1,1,3,3,3,2,3,2,非體制內學校,嗯⋯我不知道該怎麼辦,,,3,3,4,4,1,1,1,考慮任職 2 年以上,4,1,我真心的希望自己帶的孩子們能好好的朝自己的夢想跟目標成長，而我能帶著他們走完這一小段旅程,4,10,我非常喜歡KIST的氛圍 讓我覺得我是被認可的,1,嗯⋯變成另一種不好的方式對待我，但對我能提出反饋的老師還是一直支持著我幫助著我,一直在變化主題讓我們學到更多在這個時代我們應該要學會的東西,和樂融融的氛圍,減少勾心鬥角,,2026-02-04 15:43:53,956,2001:b400:e3ed:f644:2880:d42f:74bf:fa25,,,,ce2eb1993d3ac919194fe1827679d676,,,,4.0,4.0,4.0,4.0,4.0,4.0,4.0,3.0,4.0,2.0,3.0,4.0,2.0,30.0,3.0,3.0,3.0,4.0,4.0,4.0,4.0,0.0,3.0,4.0,4.0,4.0,0.0,,,,,,,,,,4.0,4.0,0.1,4.0,4.0,0.0,0.0,3.0,4.0,0.0,0.0,0.0,0.0,0.0,0.0,0.0,3.0,1.0,1.0,4.0,4.0,0.0,4.0,0.0,4.0,4.0,,,,,,,,,,,,,,,4.0,3.0,2.0,4.0,4.0,4.0,4.0,3.0,2.0,1.0,1.0,1.0,1.0,2.0,2.0,3.0,3.0,1.0,1.0,3.0,3.0,3.0,2.0,3.0,2.0,3.0,3.0,4.0,4.0,1.0,1.0,1.0,2.0,4.0,1.0,4.0,10.0,1.0
0,峨眉國中,校長 / 主任,6.5,2-3 年,,,,,,4,4 - 非常認同,4 - 非常認同,3 - 認同,3 - 認同,3 - 認同,3 - 認同,4 - 非常同意,4 - 非常同意,4 - 非常同意,4 - 非常同意,4 - 非常同意,4 - 非常同意,小於 30 分鐘,3 - 同意,3 - 同意,4 - 非常同意,3 - 認同,3 - 認同,3 - 認同,3 - 認同,3 - 認同,3 - 同意,3 - 同意,3 - 同意,3 - 同意,2 - 不同意,,,,,,,,,,,4 - 非常有幫助,4 - 非常有幫助,知道但沒有使用過,4 - 非常有幫助,,3 - 有幫助,知道但沒有使用過,3 - 有幫助,3 - 有幫助,4 - 非常有幫助,3 - 有幫助,我不知道這個資源,知道但沒有使用過,我不知道這個資源,知道但沒有使用過,我不知道這個資源,我不知道這個資源,很少使用（6 個月內 1~2 次）,很少使用（6 個月內 1~2 次）,很少使用（6 個月內 1~2 次）,,3 - 有幫助,2 - 沒有幫助,知道但沒有使用過,4 - 非常有幫助,我不知道這個資源,知道但沒有使用過,知道但沒有使用過,,4 - 非常有幫助,我不知道這個資源,我不知道這個資源,3 - 有幫助,我不知道這個資源,,,,,,,,,,,,,3,3 - 認同,2,3,3,3,3,3,1,1,2,2,4,3,4,4,4,3,3,2,2,3,2,4,4,"我們能成長
我們有韌性 
","work hard be nice
要確實落實在校園的每個角落
若不行，基金會能夠介入的話，
麻煩拜託務必介入
你們的介入會是我們的勇氣是我們向前的動力 
是我們能夠彼此支持的勇氣",,,4,4,4,4,4,4,4,考慮任職 2 年以上,3,4,"我考進學校的時候
面試時我說我可以做到退休
學校友善的話，這個沒有問題 
我想帶著所有KIST理念給學生",4,7,校園友善被扣分了,4,,,,,,2026-02-04 15:43:54,960,140.131.84.210,,,,46abd66ddfc16aaa7243e3f8ff365938,,,,4.0,4.0,4.0,3.0,3.0,3.0,3.0,4.0,4.0,4.0,4.0,4.0,4.0,,3.0,3.0,4.0,3.0,3.0,3.0,3.0,3.0,3.0,3.0,3.0,3.0,2.0,,,,,,,,,,4.0,4.0,0.1,4.0,3.0,0.1,3.0,3.0,4.0,3.0,0.0,0.1,0.0,0.1,0.0,0.0,2.0,2.0,2.0,3.0,2.0,0.1,4.0,0.0,0.1,0.1,4.0,0.0,0.0,3.0,0.0,,,,,,,,,,3.0,3.0,2.0,3.0,3.0,3.0,3.0,3.0,1.0,1.0,2.0,2.0,4.0,3.0,4.0,4.0,4.0,3.0,3.0,2.0,2.0,3.0,2.0,4.0,4.0,4.0,4.0,4.0,4.0,4.0,4.0,4.0,2.0,3.0,4.0,4.0,7.0,4.0
0,三民國小,組長 / 教師（含編制外教學人員）,0.0,3-5 年,,,,,,3,3 - 認同,3 - 認同,3 - 認同,3 - 認同,3 - 認同,3 - 認同,3 - 同意,2 - 不同意,3 - 同意,3 - 同意,3 - 同意,2 - 不同意,60~120 分鐘,2 - 不同意,2 - 不同意,3 - 同意,2 - 不認同,3 - 認同,3 - 認同,3 - 認同,我不理解這項 KIST 教學特色,2 - 不同意,3 - 同意,3 - 同意,3 - 同意,我不理解這項 KIST 教學特色,,,,,,,,,,,3 - 有幫助,2 - 沒有幫助,知道但沒有使用過,2 - 沒有幫助,,3 - 有幫助,知道但沒有使用過,知道但沒有使用過,2 - 沒有幫助,3 - 有幫助,知道但沒有使用過,我不知道這個資源,知道但沒有使用過,知道但沒有使用過,3 - 有幫助,我不知道這個資源,我不知道這個資源,經常使用（6 個月內 7 次以上）,從沒使用過,從沒使用過,,2 - 沒有幫助,我不知道這個資源,知道但沒有使用過,知道但沒有使用過,知道但沒有使用過,知道但沒有使用過,知道但沒有使用過,,,,,,,,,,,,,,,,,,,2,我的學校未清楚溝通願景與目標,2,3,3,2,3,2,2,3,2,2,2,3,3,3,2,1,1,2,2,1,1,1,1,努力學習,除了模組化，也能更重視人文素養,,,2,1,1,1,1,1,1,考慮 1 年內持續任職,2,1,得到更廣更多元的訊息,1,5,,2,,,,,,2026-02-04 15:43:55,830,2001:b400:e113:2283:89d3:9bf1:47f7:1f96,,,,8602ddfaa10b97c0fba3f7611f00c364,,,,3.0,3.0,3.0,3.0,3.0,3.0,3.0,3.0,2.0,3.0,3.0,3.0,2.0,60.0,2.0,2.0,3.0,2.0,3.0,3.0,3.0,0.0,2.0,3.0,3.0,3.0,0.0,,,,,,,,,,3.0,2.0,0.1,2.0,3.0,0.1,0.1,2.0,3.0,0.1,0.0,0.1,0.1,3.0,0.0,0.0,4.0,1.0,1.0,2.0,0.0,0.1,0.1,0.1,0.1,0.1,,,,,,,,,,,,,,,2.0,,2.0,3.0,3.0,2.0,3.0,2.0,2.0,3.0,2.0,2.0,2.0,3.0,3.0,3.0,2.0,1.0,1.0,2.0,2.0,1.0,1.0,1.0,1.0,2.0,1.0,1.0,1.0,1.0,1.0,1.0,0.5,2.0,1.0,1.0,5.0,2.0
0,富田國小,校長 / 主任,0.0,3-5 年,,,,,,4,4 - 非常認同,4 - 非常認同,4 - 非常認同,4 - 非常認同,4 - 非常認同,4 - 非常認同,3 - 同意,3 - 同意,3 - 同意,3 - 同意,3 - 同意,2 - 不同意,30~60 分鐘,2 - 不同意,2 - 不同意,1 - 非常不同意,3 - 認同,3 - 認同,3 - 認同,3 - 認同,4 - 非常認同,4 - 非常同意,3 - 同意,2 - 不同意,3 - 同意,3 - 同意,,,,,,,,,,,2 - 沒有幫助,3 - 有幫助,3 - 有幫助,知道但沒有使用過,"覺得這次峰會主題明確，有吸收到比較多新東西，之前峰會或共識營的選課雖然多元，但關於課程設計、教學增能的課程，往往會因為學校間文化脈絡、人數差異等問題，導致吸收的內容很難遷移回自己的學校使用。

我建議可以維持這樣的主題性學習，收穫良多。",知道但沒有使用過,4 - 非常有幫助,3 - 有幫助,2 - 沒有幫助,知道但沒有使用過,2 - 沒有幫助,知道但沒有使用過,知道但沒有使用過,知道但沒有使用過,1 - 完全沒有幫助,知道但沒有使用過,知道但沒有使用過,很少使用（6 個月內 1~2 次）,很少使用（6 個月內 1~2 次）,很少使用（6 個月內 1~2 次）,如果有定期的哪個老師使用過後的心得跟改變，可能比較能讓人想像可以怎麼合作。,3 - 有幫助,知道但沒有使用過,我不知道這個資源,知道但沒有使用過,2 - 沒有幫助,知道但沒有使用過,2 - 沒有幫助,我覺得校內很多很棒的老師，不知道可以怎麼推薦他們當講師！！,3 - 有幫助,知道但沒有使用過,知道但沒有使用過,知道但沒有使用過,我不知道這個資源,,,,,,,,,,,,,3,4 - 非常認同,3,4,2,4,4,3,2,2,3,3,3,2,3,3,4,3,4,4,2,4,3,1,3,有很多可能性能在這裡發生,尊重不同學校有自己的節奏跟特色,,,4,2,3,2,2,2,3,考慮 1 年內持續任職,2,2,暫時無,3,7,,3,校長的領導風格轉變，覺得她很了不起,,,,,2026-02-04 15:44:13,949,2401:e180:8841:4036:b537:6146:b80d:31a4,,,,047cfd1ee1bb0d0c6859d1372d25da8a,,,,4.0,4.0,4.0,4.0,4.0,4.0,4.0,3.0,3.0,3.0,3.0,3.0,2.0,30.0,2.0,2.0,1.0,3.0,3.0,3.0,3.0,4.0,4.0,3.0,2.0,3.0,3.0,,,,,,,,,,2.0,3.0,3.0,0.1,0.1,4.0,3.0,2.0,0.1,2.0,0.1,0.1,0.1,1.0,0.1,0.1,2.0,2.0,2.0,3.0,0.1,0.0,0.1,2.0,0.1,2.0,3.0,0.1,0.1,0.1,0.0,,,,,,,,,,3.0,4.0,3.0,4.0,2.0,4.0,4.0,3.0,2.0,2.0,3.0,3.0,3.0,2.0,3.0,3.0,4.0,3.0,4.0,4.0,2.0,4.0,3.0,1.0,3.0,4.0,2.0,3.0,2.0,2.0,2.0,3.0,0.5,2.0,2.0,3.0,7.0,3.0
0,富田國小,組長 / 教師（含編制外教學人員）,0.0,1 年以下,"想要投入「實驗」教育
其他：請於下題說明",好奇如何做到非認知能力的推動與訓練。,,1. 友好組織分享（TFT、均一、政大實驗教育中心...）,,4,4 - 非常認同,4 - 非常認同,4 - 非常認同,4 - 非常認同,4 - 非常認同,4 - 非常認同,3 - 同意,3 - 同意,3 - 同意,3 - 同意,3 - 同意,3 - 同意,小於 30 分鐘,2 - 不同意,3 - 同意,3 - 同意,4 - 非常認同,4 - 非常認同,4 - 非常認同,3 - 認同,4 - 非常認同,2 - 不同意,3 - 同意,2 - 不同意,3 - 同意,3 - 同意,我不知道這個資源,我不知道這個資源,我不知道這個資源,我不知道這個資源,我不知道這個資源,從沒使用過,從沒使用過,從沒使用過,從沒使用過,,3 - 有幫助,知道但沒有使用過,我不知有這個資源,知道但沒有使用過,,我不知道這個資源,知道但沒有使用過,知道但沒有使用過,我不知道這個資源,我不知道這個資源,知道但沒有使用過,我不知道這個資源,知道但沒有使用過,我不知道這個資源,我不知道這個資源,我不知道這個資源,我不知道這個資源,從沒使用過,從沒使用過,從沒使用過,,我不知道這個資源,我不知道這個資源,我不知道這個資源,我不知道這個資源,我不知道這個資源,我不知道這個資源,我不知道這個資源,,,,,,,,,,,,,,,,,,,4,4 - 非常認同,4,4,4,4,4,4,4,4,4,4,4,4,4,4,4,4,3,3,4,4,4,1,4,最喜歡的是師生關係的連結，其他的還持續在找尋。,無。,願意投入教學，以學生福祉為最優先的工作目標，但不失去照顧教師的原則。,"我沒有遇到。
但看到同事很忙碌，感到很擔憂。",4,3,3,3,2,2,2,不考慮持續任職,4,1,會先完成教師證實習再做打算。,2,5,我目前還在體驗中。,4,,,無,我在觀察中,謝謝大家,2026-02-04 15:44:34,964,140.131.84.212,,,,2463127917e43700b4d27bfdc5054489,,,,4.0,4.0,4.0,4.0,4.0,4.0,4.0,3.0,3.0,3.0,3.0,3.0,3.0,,2.0,3.0,3.0,4.0,4.0,4.0,3.0,4.0,2.0,3.0,2.0,3.0,3.0,0.0,0.0,0.0,0.0,0.0,1.0,1.0,1.0,1.0,3.0,0.1,,0.1,0.0,0.1,0.1,0.0,0.0,0.1,0.0,0.1,0.0,0.0,0.0,0.0,1.0,1.0,1.0,0.0,0.0,0.0,0.0,0.0,0.0,0.0,,,,,,,,,,,,,,,4.0,4.0,4.0,4.0,4.0,4.0,4.0,4.0,4.0,4.0,4.0,4.0,4.0,4.0,4.0,4.0,4.0,4.0,3.0,3.0,4.0,4.0,4.0,1.0,4.0,4.0,3.0,3.0,3.0,2.0,2.0,2.0,0.0,4.0,1.0,2.0,5.0,4.0
0,桃源國小,組長 / 教師（含編制外教學人員）,18.0,5 年以上,,,,,,4,4 - 非常認同,4 - 非常認同,4 - 非常認同,4 - 非常認同,4 - 非常認同,4 - 非常認同,4 - 非常同意,3 - 同意,4 - 非常同意,4 - 非常同意,4 - 非常同意,3 - 同意,小於 30 分鐘,3 - 同意,3 - 同意,3 - 同意,3 - 認同,3 - 認同,3 - 認同,3 - 認同,3 - 認同,3 - 同意,3 - 同意,3 - 同意,3 - 同意,3 - 同意,,,,,,,,,,,3 - 有幫助,3 - 有幫助,3 - 有幫助,3 - 有幫助,無,3 - 有幫助,3 - 有幫助,3 - 有幫助,2 - 沒有幫助,3 - 有幫助,3 - 有幫助,3 - 有幫助,3 - 有幫助,3 - 有幫助,3 - 有幫助,3 - 有幫助,知道但沒有使用過,偶爾使用（6 個月內 3~6 次）,偶爾使用（6 個月內 3~6 次）,偶爾使用（6 個月內 3~6 次）,無,2 - 沒有幫助,2 - 沒有幫助,2 - 沒有幫助,2 - 沒有幫助,2 - 沒有幫助,2 - 沒有幫助,2 - 沒有幫助,無,,,,,,,,,,,,,,,,,,3,3 - 認同,3,3,3,3,3,3,3,3,3,3,3,3,3,3,3,3,3,3,3,3,3,3,4,熱情,更深人民情,,,3,3,3,2,1,1,1,考慮任職 2 年以上,1,1,無,3,5,無,3,團隊默契成長,人更多,熱情,KPI檢核,無,2026-02-04 15:44:46,628,2001:b400:e284:ca07:d02a:960b:aa97:2dfb,,,,e0c3ba60cb1cc9759ad91cff63b322f7,,,,4.0,4.0,4.0,4.0,4.0,4.0,4.0,4.0,3.0,4.0,4.0,4.0,3.0,,3.0,3.0,3.0,3.0,3.0,3.0,3.0,3.0,3.0,3.0,3.0,3.0,3.0,,,,,,,,,,3.0,3.0,3.0,3.0,3.0,3.0,3.0,2.0,3.0,3.0,3.0,3.0,3.0,3.0,3.0,0.1,3.0,3.0,3.0,2.0,2.0,2.0,2.0,2.0,2.0,2.0,,,,,,,,,,,,,,,3.0,3.0,3.0,3.0,3.0,3.0,3.0,3.0,3.0,3.0,3.0,3.0,3.0,3.0,3.0,3.0,3.0,3.0,3.0,3.0,3.0,3.0,3.0,3.0,4.0,3.0,3.0,3.0,2.0,1.0,1.0,1.0,2.0,1.0,1.0,3.0,5.0,3.0
0,三民國小,組長 / 教師（含編制外教學人員）,18.0,1 年以下,認同 KIST 的理念,,,"1. 參訪 KIST 學校
2. 【KIST 教育實驗室】Facebook",,4,3 - 認同,4 - 非常認同,3 - 認同,3 - 認同,3 - 認同,4 - 非常認同,3 - 同意,3 - 同意,3 - 同意,3 - 同意,3 - 同意,4 - 非常同意,小於 30 分鐘,3 - 同意,2 - 不同意,3 - 同意,3 - 認同,3 - 認同,3 - 認同,3 - 認同,我不理解這項 KIST 教學特色,3 - 同意,3 - 同意,3 - 同意,3 - 同意,我不理解這項 KIST 教學特色,3 - 有幫助,4 - 非常有幫助,3 - 有幫助,3 - 有幫助,我不知道這個資源,很少使用（6 個月內 1~2 次）,從沒使用過,從沒使用過,從沒使用過,,3 - 有幫助,3 - 有幫助,知道但沒有使用過,3 - 有幫助,,3 - 有幫助,知道但沒有使用過,知道但沒有使用過,3 - 有幫助,我不知道這個資源,我不知道這個資源,我不知道這個資源,3 - 有幫助,我不知道這個資源,我不知道這個資源,我不知道這個資源,我不知道這個資源,從沒使用過,從沒使用過,從沒使用過,,3 - 有幫助,我不知道這個資源,知道但沒有使用過,知道但沒有使用過,知道但沒有使用過,我不知道這個資源,知道但沒有使用過,,,,,,,,,,,,,,,,,,,4,3 - 認同,4,4,4,4,3,3,3,3,3,4,3,3,4,4,4,4,4,4,4,4,4,4,4,善意溝通，溫柔支持,善意溝通，溫柔支持,可以允許有練習的機會,沒有待過無法比較,4,4,4,4,2,4,4,考慮任職 2 年以上,4,4,教師,4,7,目前穩定帶班,4,努力過了一年,,,,,2026-02-04 15:44:52,1014,2001:b400:e156:d373:64f4:11ce:47f7:16b2,,,,c01868ee35c7092d86dd7eff55bbd20f,,,,4.0,3.0,4.0,3.0,3.0,3.0,4.0,3.0,3.0,3.0,3.0,3.0,4.0,,3.0,2.0,3.0,3.0,3.0,3.0,3.0,0.0,3.0,3.0,3.0,3.0,0.0,3.0,4.0,3.0,3.0,0.0,2.0,1.0,1.0,1.0,3.0,3.0,0.1,3.0,3.0,0.1,0.1,3.0,0.0,0.0,0.0,3.0,0.0,0.0,0.0,0.0,1.0,1.0,1.0,3.0,0.0,0.1,0.1,0.1,0.0,0.1,,,,,,,,,,,,,,,4.0,3.0,4.0,4.0,4.0,4.0,3.0,3.0,3.0,3.0,3.0,4.0,3.0,3.0,4.0,4.0,4.0,4.0,4.0,4.0,4.0,4.0,4.0,4.0,4.0,4.0,4.0,4.0,4.0,2.0,4.0,4.0,2.0,4.0,4.0,4.0,7.0,4.0
0,三民國中,"組長 / 教師（含編制外教學人員）
聯盟教練 / 教召",10.0,2-3 年,,,,,,4,4 - 非常認同,4 - 非常認同,4 - 非常認同,4 - 非常認同,4 - 非常認同,4 - 非常認同,4 - 非常同意,4 - 非常同意,4 - 非常同意,4 - 非常同意,4 - 非常同意,3 - 同意,120 分鐘以上,3 - 同意,3 - 同意,3 - 同意,4 - 非常認同,4 - 非常認同,4 - 非常認同,4 - 非常認同,4 - 非常認同,3 - 同意,4 - 非常同意,4 - 非常同意,4 - 非常同意,4 - 非常同意,,,,,,,,,,,4 - 非常有幫助,4 - 非常有幫助,4 - 非常有幫助,4 - 非常有幫助,,3 - 有幫助,4 - 非常有幫助,3 - 有幫助,3 - 有幫助,4 - 非常有幫助,3 - 有幫助,知道但沒有使用過,3 - 有幫助,3 - 有幫助,3 - 有幫助,3 - 有幫助,知道但沒有使用過,很少使用（6 個月內 1~2 次）,很少使用（6 個月內 1~2 次）,偶爾使用（6 個月內 3~6 次）,,3 - 有幫助,3 - 有幫助,3 - 有幫助,4 - 非常有幫助,3 - 有幫助,知道但沒有使用過,知道但沒有使用過,,,,,,,,,,,,4 - 非常有幫助,3 - 有幫助,知道但沒有使用過,3 - 有幫助,4 - 非常有幫助,3 - 有幫助,,4,3 - 認同,4,4,4,4,4,4,4,4,4,4,4,4,4,4,4,4,4,4,4,4,4,4,4,"向心力
以學生為本",太多了,,,4,4,4,4,1,3,1,考慮任職 2 年以上,3,1,"持續努力
內核堅強
身體健康",4,10,,4,,,,,,2026-02-04 15:44:55,1024,2001:b400:e29e:7f18:fc83:4e64:8b05:39c2,,,,2a7d046758c751160aefaecee0df21bc,,,,4.0,4.0,4.0,4.0,4.0,4.0,4.0,4.0,4.0,4.0,4.0,4.0,3.0,,3.0,3.0,3.0,4.0,4.0,4.0,4.0,4.0,3.0,4.0,4.0,4.0,4.0,,,,,,,,,,4.0,4.0,4.0,4.0,3.0,4.0,3.0,3.0,4.0,3.0,0.1,3.0,3.0,3.0,3.0,0.1,2.0,2.0,3.0,3.0,3.0,3.0,4.0,3.0,0.1,0.1,,,,,,,,,4.0,3.0,0.1,3.0,4.0,3.0,4.0,3.0,4.0,4.0,4.0,4.0,4.0,4.0,4.0,4.0,4.0,4.0,4.0,4.0,4.0,4.0,4.0,4.0,4.0,4.0,4.0,4.0,4.0,4.0,4.0,4.0,4.0,4.0,4.0,1.0,3.0,1.0,2.0,3.0,1.0,4.0,10.0,4.0
0,老梅實小,組長 / 教師（含編制外教學人員）,0.0,2-3 年,,,,,,4,4 - 非常認同,3 - 認同,4 - 非常認同,3 - 認同,4 - 非常認同,4 - 非常認同,3 - 同意,3 - 同意,3 - 同意,3 - 同意,3 - 同意,2 - 不同意,小於 30 分鐘,2 - 不同意,1 - 非常不同意,2 - 不同意,4 - 非常認同,4 - 非常認同,4 - 非常認同,4 - 非常認同,4 - 非常認同,2 - 不同意,2 - 不同意,2 - 不同意,2 - 不同意,2 - 不同意,,,,,,,,,,,4 - 非常有幫助,4 - 非常有幫助,3 - 有幫助,3 - 有幫助,,3 - 有幫助,3 - 有幫助,3 - 有幫助,3 - 有幫助,我不知道這個資源,3 - 有幫助,我不知道這個資源,知道但沒有使用過,知道但沒有使用過,知道但沒有使用過,我不知道這個資源,知道但沒有使用過,偶爾使用（6 個月內 3~6 次）,很少使用（6 個月內 1~2 次）,很少使用（6 個月內 1~2 次）,,3 - 有幫助,3 - 有幫助,知道但沒有使用過,知道但沒有使用過,我不知道這個資源,知道但沒有使用過,3 - 有幫助,,,,,,,,,,,,,,,,,,,4,3 - 認同,2,3,3,2,2,2,3,2,3,3,3,3,4,3,3,2,2,4,3,3,2,2,3,正向打群架,目前覺得是自己要調整,,,4,4,3,4,1,1,1,考慮任職 2 年以上,3,3,無論哪條路，都是有意義的人生的一環。,4,5,現在是目前為止最理想的狀態，但對於未來是貪心與擔心共存。,4,願意改變,有站在第一線教師的立場思考,有站在第一線教師的立場思考，但不失原則。,,謝謝基金會的大家的付出與鼓勵,2026-02-04 15:45:01,968,2401:e180:8d02:d3c3:69f6:f6ee:e31:a204,,,,596777414e2a70e072f00eeb09aa3d65,,,,4.0,4.0,3.0,4.0,3.0,4.0,4.0,3.0,3.0,3.0,3.0,3.0,2.0,,2.0,1.0,2.0,4.0,4.0,4.0,4.0,4.0,2.0,2.0,2.0,2.0,2.0,,,,,,,,,,4.0,4.0,3.0,3.0,3.0,3.0,3.0,3.0,0.0,3.0,0.0,0.1,0.1,0.1,0.0,0.1,3.0,2.0,2.0,3.0,3.0,0.1,0.1,0.0,0.1,3.0,,,,,,,,,,,,,,,4.0,3.0,2.0,3.0,3.0,2.0,2.0,2.0,3.0,2.0,3.0,3.0,3.0,3.0,4.0,3.0,3.0,2.0,2.0,4.0,3.0,3.0,2.0,2.0,3.0,4.0,4.0,3.0,4.0,1.0,1.0,1.0,2.0,3.0,3.0,4.0,5.0,4.0
0,三民國中,組長 / 教師（含編制外教學人員）,16.0,1-2 年,,,,,,4,4 - 非常認同,4 - 非常認同,4 - 非常認同,4 - 非常認同,4 - 非常認同,4 - 非常認同,3 - 同意,3 - 同意,3 - 同意,3 - 同意,4 - 非常同意,3 - 同意,小於 30 分鐘,2 - 不同意,2 - 不同意,3 - 同意,3 - 認同,3 - 認同,4 - 非常認同,4 - 非常認同,3 - 認同,3 - 同意,3 - 同意,4 - 非常同意,2 - 不同意,2 - 不同意,,,,,,,,,,,4 - 非常有幫助,4 - 非常有幫助,知道但沒有使用過,3 - 有幫助,,3 - 有幫助,知道但沒有使用過,3 - 有幫助,我不知道這個資源,3 - 有幫助,我不知道這個資源,我不知道這個資源,知道但沒有使用過,知道但沒有使用過,知道但沒有使用過,知道但沒有使用過,知道但沒有使用過,從沒使用過,很少使用（6 個月內 1~2 次）,從沒使用過,,3 - 有幫助,我不知道這個資源,知道但沒有使用過,知道但沒有使用過,我不知道這個資源,我不知道這個資源,我不知道這個資源,,,,,,,,,,,,,,,,,,,4,我的學校未清楚溝通願景與目標,4,4,4,4,4,3,4,4,4,4,4,4,4,4,4,4,4,4,4,4,4,4,4,打群架,沒想到,,,4,4,4,3,1,1,1,考慮 1 - 2 年內持續任職,2,2,持續學習與精進,3,5,,3,,,,,,2026-02-04 15:45:01,990,2001:b400:e2f1:33fe:38be:a0a4:e6ea:9d36,,,,7f1672b5bd20a1914de245a033d4db54,,,,4.0,4.0,4.0,4.0,4.0,4.0,4.0,3.0,3.0,3.0,3.0,4.0,3.0,,2.0,2.0,3.0,3.0,3.0,4.0,4.0,3.0,3.0,3.0,4.0,2.0,2.0,,,,,,,,,,4.0,4.0,0.1,3.0,3.0,0.1,3.0,0.0,3.0,0.0,0.0,0.1,0.1,0.1,0.1,0.1,1.0,2.0,1.0,3.0,0.0,0.1,0.1,0.0,0.0,0.0,,,,,,,,,,,,,,,4.0,,4.0,4.0,4.0,4.0,4.0,3.0,4.0,4.0,4.0,4.0,4.0,4.0,4.0,4.0,4.0,4.0,4.0,4.0,4.0,4.0,4.0,4.0,4.0,4.0,4.0,4.0,3.0,1.0,1.0,1.0,1.5,2.0,2.0,3.0,5.0,3.0
0,峨眉國中,校長 / 主任,24.0,5 年以上,,,,,,4,4 - 非常認同,4 - 非常認同,4 - 非常認同,4 - 非常認同,4 - 非常認同,4 - 非常認同,4 - 非常同意,4 - 非常同意,4 - 非常同意,4 - 非常同意,4 - 非常同意,4 - 非常同意,120 分鐘以上,3 - 同意,3 - 同意,4 - 非常同意,4 - 非常認同,4 - 非常認同,4 - 非常認同,4 - 非常認同,4 - 非常認同,4 - 非常同意,4 - 非常同意,4 - 非常同意,4 - 非常同意,3 - 同意,,,,,,,,,,,4 - 非常有幫助,4 - 非常有幫助,知道但沒有使用過,4 - 非常有幫助,,3 - 有幫助,3 - 有幫助,3 - 有幫助,3 - 有幫助,3 - 有幫助,2 - 沒有幫助,知道但沒有使用過,知道但沒有使用過,3 - 有幫助,知道但沒有使用過,知道但沒有使用過,3 - 有幫助,偶爾使用（6 個月內 3~6 次）,很少使用（6 個月內 1~2 次）,很少使用（6 個月內 1~2 次）,,3 - 有幫助,3 - 有幫助,3 - 有幫助,3 - 有幫助,知道但沒有使用過,4 - 非常有幫助,2 - 沒有幫助,,4 - 非常有幫助,3 - 有幫助,3 - 有幫助,4 - 非常有幫助,3 - 有幫助,,,,,,,,,,,,,4,4 - 非常認同,4,4,4,4,4,4,3,2,3,4,4,4,4,3,4,3,3,4,4,4,4,1,4,成長思維,身心平衡的工作量,,,4,4,4,4,4,4,4,考慮任職 2 年以上,4,4,擴大影響力,4,10,,4,,,,,,2026-02-04 15:45:12,1033,2402:7500:4e3:c6b4::48b4:703d,,,,27fbf4002db7719d0becca348a00e77e,,,,4.0,4.0,4.0,4.0,4.0,4.0,4.0,4.0,4.0,4.0,4.0,4.0,4.0,,3.0,3.0,4.0,4.0,4.0,4.0,4.0,4.0,4.0,4.0,4.0,4.0,3.0,,,,,,,,,,4.0,4.0,0.1,4.0,3.0,3.0,3.0,3.0,3.0,2.0,0.1,0.1,3.0,0.1,0.1,3.0,3.0,2.0,2.0,3.0,3.0,3.0,3.0,0.1,4.0,2.0,4.0,3.0,3.0,4.0,3.0,,,,,,,,,,4.0,4.0,4.0,4.0,4.0,4.0,4.0,4.0,3.0,2.0,3.0,4.0,4.0,4.0,4.0,3.0,4.0,3.0,3.0,4.0,4.0,4.0,4.0,1.0,4.0,4.0,4.0,4.0,4.0,4.0,4.0,4.0,2.0,4.0,4.0,4.0,10.0,4.0
0,坪林實中,組長 / 教師（含編制外教學人員）,0.0,1-2 年,,,,,,4,4 - 非常認同,4 - 非常認同,4 - 非常認同,3 - 認同,4 - 非常認同,4 - 非常認同,3 - 同意,3 - 同意,3 - 同意,4 - 非常同意,3 - 同意,2 - 不同意,60~120 分鐘,2 - 不同意,3 - 同意,2 - 不同意,3 - 認同,4 - 非常認同,3 - 認同,3 - 認同,3 - 認同,3 - 同意,3 - 同意,2 - 不同意,3 - 同意,2 - 不同意,,,,,,,,,,,3 - 有幫助,3 - 有幫助,我不知有這個資源,4 - 非常有幫助,領域跨校共備,3 - 有幫助,知道但沒有使用過,知道但沒有使用過,2 - 沒有幫助,知道但沒有使用過,3 - 有幫助,知道但沒有使用過,3 - 有幫助,知道但沒有使用過,知道但沒有使用過,知道但沒有使用過,知道但沒有使用過,很少使用（6 個月內 1~2 次）,很少使用（6 個月內 1~2 次）,偶爾使用（6 個月內 3~6 次）,,2 - 沒有幫助,2 - 沒有幫助,知道但沒有使用過,4 - 非常有幫助,知道但沒有使用過,知道但沒有使用過,知道但沒有使用過,,,,,,,,,,,,,,,,,,,3,學校有溝通，但我不太理解,1,3,1,3,2,3,2,4,3,3,4,3,3,3,3,2,2,3,2,2,4,3,2,有可以很多新的嘗試，和很多實用的資源,我覺得KIST學校應該要可以，但本校似乎不行,,,4,4,3,2,1,3,2,考慮 1 - 2 年內持續任職,3,1,如果能持續參與就持續付出,3,8,我有獲得成就感，也有找到志同道合的夥伴,4,要轉型，但是校長的觀念感覺沒有在轉,,連結跨校情誼,學校該減少彈性課程數目，應該做精不要做多,感謝基金會的安排，我在KIST過得很充實,2026-02-04 15:45:27,1031,2401:e180:8d84:1f19:f02:2176:abba:6f03,,,,567315500a9104cf0270ee7902179b87,,,,4.0,4.0,4.0,4.0,3.0,4.0,4.0,3.0,3.0,3.0,4.0,3.0,2.0,60.0,2.0,3.0,2.0,3.0,4.0,3.0,3.0,3.0,3.0,3.0,2.0,3.0,2.0,,,,,,,,,,3.0,3.0,,4.0,3.0,0.1,0.1,2.0,0.1,3.0,0.1,3.0,0.1,0.1,0.1,0.1,2.0,2.0,3.0,2.0,2.0,0.1,4.0,0.1,0.1,0.1,,,,,,,,,,,,,,,3.0,,1.0,3.0,1.0,3.0,2.0,3.0,2.0,4.0,3.0,3.0,4.0,3.0,3.0,3.0,3.0,2.0,2.0,3.0,2.0,2.0,4.0,3.0,2.0,4.0,4.0,3.0,2.0,1.0,3.0,2.0,1.5,3.0,1.0,3.0,8.0,4.0
0,桃源國小,組長 / 教師（含編制外教學人員）,0.0,3-5 年,,,,,,2,2 - 不認同,2 - 不認同,2 - 不認同,3 - 認同,3 - 認同,3 - 認同,3 - 同意,2 - 不同意,2 - 不同意,2 - 不同意,2 - 不同意,2 - 不同意,小於 30 分鐘,2 - 不同意,1 - 非常不同意,1 - 非常不同意,2 - 不認同,4 - 非常認同,3 - 認同,3 - 認同,我不理解這項 KIST 教學特色,3 - 同意,4 - 非常同意,2 - 不同意,3 - 同意,我不理解這項 KIST 教學特色,,,,,,,,,,,2 - 沒有幫助,2 - 沒有幫助,2 - 沒有幫助,3 - 有幫助,,2 - 沒有幫助,4 - 非常有幫助,知道但沒有使用過,1 - 完全沒有幫助,知道但沒有使用過,知道但沒有使用過,3 - 有幫助,3 - 有幫助,3 - 有幫助,4 - 非常有幫助,3 - 有幫助,知道但沒有使用過,很少使用（6 個月內 1~2 次）,從沒使用過,從沒使用過,,3 - 有幫助,我不知道這個資源,3 - 有幫助,4 - 非常有幫助,我不知道這個資源,知道但沒有使用過,我不知道這個資源,,,,,,,,,,,,,,,,,,,2,學校有溝通，但我不太理解,2,4,2,3,2,2,1,1,1,2,2,1,1,3,3,2,1,2,1,2,1,1,1,我愛花東喔耶😆,一邊當老師一邊還可以自我實現,,,3,3,2,2,1,2,3,考慮 1 年內持續任職,3,1,"想去HTH
不是一個在峰會或共識營上想當講師，跟大家說自己好棒棒的夥伴

但不代表去了海外參訪，就沒有把他實踐到日常生活教室與生活中。而是把更多重心跟時間花在這上面！",1,6,,2,"換了一間kist 學校
即使先前已經知道新學校的文化與差異

但還是被有衝擊",,,"NCDP

峰會跟共識營的中午休息時間長一點",,2026-02-04 15:45:44,1021,2402:7500:599:2e4d:7c45:8db6:bdb7:2554,,,,98b4dcddea196d968cf29543f65ce3ac,,,,2.0,2.0,2.0,2.0,3.0,3.0,3.0,3.0,2.0,2.0,2.0,2.0,2.0,,2.0,1.0,1.0,2.0,4.0,3.0,3.0,0.0,3.0,4.0,2.0,3.0,0.0,,,,,,,,,,2.0,2.0,2.0,3.0,2.0,4.0,0.1,1.0,0.1,0.1,3.0,3.0,3.0,4.0,3.0,0.1,2.0,1.0,1.0,3.0,0.0,3.0,4.0,0.0,0.1,0.0,,,,,,,,,,,,,,,2.0,,2.0,4.0,2.0,3.0,2.0,2.0,1.0,1.0,1.0,2.0,2.0,1.0,1.0,3.0,3.0,2.0,1.0,2.0,1.0,2.0,1.0,1.0,1.0,3.0,3.0,2.0,2.0,1.0,2.0,3.0,0.5,3.0,1.0,1.0,6.0,2.0
0,老梅實小,組長 / 教師（含編制外教學人員）,0.0,2-3 年,,,,,,4,3 - 認同,3 - 認同,4 - 非常認同,3 - 認同,3 - 認同,3 - 認同,3 - 同意,3 - 同意,3 - 同意,3 - 同意,3 - 同意,3 - 同意,小於 30 分鐘,2 - 不同意,2 - 不同意,2 - 不同意,3 - 認同,3 - 認同,3 - 認同,3 - 認同,3 - 認同,3 - 同意,3 - 同意,3 - 同意,3 - 同意,3 - 同意,,,,,,,,,,,我不知有這個資源,3 - 有幫助,知道但沒有使用過,3 - 有幫助,,3 - 有幫助,知道但沒有使用過,3 - 有幫助,2 - 沒有幫助,我不知道這個資源,知道但沒有使用過,我不知道這個資源,4 - 非常有幫助,3 - 有幫助,3 - 有幫助,知道但沒有使用過,我不知道這個資源,偶爾使用（6 個月內 3~6 次）,偶爾使用（6 個月內 3~6 次）,很少使用（6 個月內 1~2 次）,,2 - 沒有幫助,3 - 有幫助,知道但沒有使用過,知道但沒有使用過,我不知道這個資源,2 - 沒有幫助,知道但沒有使用過,,,,,,,,,,,,,,,,,,,3,3 - 認同,3,3,4,3,3,2,2,3,3,3,4,2,2,3,3,3,2,2,3,2,2,1,3,打群架的力量,無,,,2,3,3,2,1,1,1,考慮任職 2 年以上,2,2,可以和團隊一起成長的好夥伴,3,5,,1,,,尾牙活動,成果報告,,2026-02-04 15:46:53,996,2402:7500:478:b0c0:548d:488c:b75e:ddb4,,,,4411a91b943d0193bd1954d80c4826bc,,,,4.0,3.0,3.0,4.0,3.0,3.0,3.0,3.0,3.0,3.0,3.0,3.0,3.0,,2.0,2.0,2.0,3.0,3.0,3.0,3.0,3.0,3.0,3.0,3.0,3.0,3.0,,,,,,,,,,,3.0,0.1,3.0,3.0,0.1,3.0,2.0,0.0,0.1,0.0,4.0,3.0,3.0,0.1,0.0,3.0,3.0,2.0,2.0,3.0,0.1,0.1,0.0,2.0,0.1,,,,,,,,,,,,,,,3.0,3.0,3.0,3.0,4.0,3.0,3.0,2.0,2.0,3.0,3.0,3.0,4.0,2.0,2.0,3.0,3.0,3.0,2.0,2.0,3.0,2.0,2.0,1.0,3.0,2.0,3.0,3.0,2.0,1.0,1.0,1.0,2.0,2.0,2.0,3.0,5.0,1.0
0,內甕國小,校長 / 主任,21.0,1 年以下,"認同 KIST 的理念
想要投入「實驗」教育",,,1. 方大哥 / 李老師 / 柱督 / 校長專訪或演講,,4,4 - 非常認同,4 - 非常認同,4 - 非常認同,4 - 非常認同,4 - 非常認同,4 - 非常認同,3 - 同意,3 - 同意,3 - 同意,4 - 非常同意,4 - 非常同意,3 - 同意,小於 30 分鐘,3 - 同意,2 - 不同意,3 - 同意,4 - 非常認同,4 - 非常認同,4 - 非常認同,3 - 認同,3 - 認同,3 - 同意,4 - 非常同意,4 - 非常同意,3 - 同意,3 - 同意,3 - 有幫助,4 - 非常有幫助,3 - 有幫助,3 - 有幫助,3 - 有幫助,從沒使用過,從沒使用過,從沒使用過,很少使用（6 個月內 1~2 次）,,3 - 有幫助,4 - 非常有幫助,知道但沒有使用過,知道但沒有使用過,,4 - 非常有幫助,4 - 非常有幫助,4 - 非常有幫助,知道但沒有使用過,我不知道這個資源,3 - 有幫助,我不知道這個資源,知道但沒有使用過,3 - 有幫助,3 - 有幫助,4 - 非常有幫助,知道但沒有使用過,從沒使用過,偶爾使用（6 個月內 3~6 次）,偶爾使用（6 個月內 3~6 次）,,4 - 非常有幫助,知道但沒有使用過,4 - 非常有幫助,知道但沒有使用過,知道但沒有使用過,知道但沒有使用過,知道但沒有使用過,,4 - 非常有幫助,知道但沒有使用過,知道但沒有使用過,3 - 有幫助,知道但沒有使用過,,,,,,,,,,,,,4,3 - 認同,3,4,4,4,4,4,4,4,4,4,4,4,4,3,4,4,4,3,4,3,4,1,3,自在且受尊重的學習,持續保持彈性以利各種學習可能,有一致的信念文化,無,4,4,4,4,4,4,4,考慮任職 2 年以上,4,4,與聯盟互相成就更完整自在的生命狀態,4,9,充滿活力與自在的學習,4,夥伴更能自在的挑戰和挑戰,,給予每一位夥伴支持,無,,2026-02-04 15:46:57,1143,2401:e180:8d00:6893:b001:5b87:d83:74f,,,,e0a883b6da171b3a4d21394701c6912a,,,,4.0,4.0,4.0,4.0,4.0,4.0,4.0,3.0,3.0,3.0,4.0,4.0,3.0,,3.0,2.0,3.0,4.0,4.0,4.0,3.0,3.0,3.0,4.0,4.0,3.0,3.0,3.0,4.0,3.0,3.0,3.0,1.0,1.0,1.0,2.0,3.0,4.0,0.1,0.1,4.0,4.0,4.0,0.1,0.0,3.0,0.0,0.1,3.0,3.0,4.0,0.1,1.0,3.0,3.0,4.0,0.1,4.0,0.1,0.1,0.1,0.1,4.0,0.1,0.1,3.0,0.1,,,,,,,,,,4.0,3.0,3.0,4.0,4.0,4.0,4.0,4.0,4.0,4.0,4.0,4.0,4.0,4.0,4.0,3.0,4.0,4.0,4.0,3.0,4.0,3.0,4.0,1.0,3.0,4.0,4.0,4.0,4.0,4.0,4.0,4.0,2.0,4.0,4.0,4.0,9.0,4.0
0,拯民國小,"組長 / 教師（含編制外教學人員）
校內教練 / 教召",0.0,5 年以上,,,,,,4,4 - 非常認同,4 - 非常認同,4 - 非常認同,4 - 非常認同,4 - 非常認同,3 - 認同,4 - 非常同意,4 - 非常同意,4 - 非常同意,3 - 同意,4 - 非常同意,3 - 同意,30~60 分鐘,4 - 非常同意,2 - 不同意,3 - 同意,3 - 認同,3 - 認同,3 - 認同,3 - 認同,3 - 認同,4 - 非常同意,3 - 同意,4 - 非常同意,4 - 非常同意,3 - 同意,,,,,,,,,,,3 - 有幫助,3 - 有幫助,知道但沒有使用過,2 - 沒有幫助,,知道但沒有使用過,4 - 非常有幫助,知道但沒有使用過,3 - 有幫助,知道但沒有使用過,知道但沒有使用過,知道但沒有使用過,知道但沒有使用過,知道但沒有使用過,知道但沒有使用過,知道但沒有使用過,知道但沒有使用過,經常使用（6 個月內 7 次以上）,從沒使用過,從沒使用過,,3 - 有幫助,3 - 有幫助,3 - 有幫助,4 - 非常有幫助,4 - 非常有幫助,4 - 非常有幫助,4 - 非常有幫助,,,,,,,,,,,,知道但沒有使用過,知道但沒有使用過,知道但沒有使用過,知道但沒有使用過,知道但沒有使用過,3 - 有幫助,,4,3 - 認同,4,4,3,4,4,4,4,4,4,4,4,4,4,4,4,4,4,4,4,4,4,1,4,夥伴之間的互相支持、對話,串聯外部資源，讓老師們多方接觸不同領域的新知，刺激自己的想法更加開放、多元。,,,4,4,3,3,2,3,3,考慮任職 2 年以上,4,4,當老師很快樂，但也很期待做一些課程的開發或者班級經營等管理層面的系統開發（但自己沒有程式基礎，想跟AI共作），讓老師工作上更有效率。,4,9,當老師很快樂，而且有很好溝通又有成長思維的夥伴。唯一煩躁的是唸教程，希望有機會有其他管道不要在現行師培裡面滾這麼久才能考試⋯⋯,4,穩定成長，對於老師的身心平衡也很重視。,感覺規模越來越龐大，每次久久見一次，好多人都會忘記是誰，金拍謝。,讓老師勇敢做夢，有新想法的時候都會很積極的協助媒合或者支持推進。,週計劃,謝謝後台，又是一個全新的一年，大家一起在都市鄉下分頭加油打拼💪🏻,2026-02-04 15:46:57,1117,2001:b400:e230:e872:54ae:acc1:49bc:db00,,,,1407b68fcf959cca0f3b6a8e594967b6,,,,4.0,4.0,4.0,4.0,4.0,4.0,3.0,4.0,4.0,4.0,3.0,4.0,3.0,30.0,4.0,2.0,3.0,3.0,3.0,3.0,3.0,3.0,4.0,3.0,4.0,4.0,3.0,,,,,,,,,,3.0,3.0,0.1,2.0,0.1,4.0,0.1,3.0,0.1,0.1,0.1,0.1,0.1,0.1,0.1,0.1,4.0,1.0,1.0,3.0,3.0,3.0,4.0,4.0,4.0,4.0,,,,,,,,,0.1,0.1,0.1,0.1,0.1,3.0,4.0,3.0,4.0,4.0,3.0,4.0,4.0,4.0,4.0,4.0,4.0,4.0,4.0,4.0,4.0,4.0,4.0,4.0,4.0,4.0,4.0,4.0,4.0,1.0,4.0,4.0,4.0,3.0,3.0,2.0,3.0,3.0,2.0,4.0,4.0,4.0,9.0,4.0
0,光榮國小,組長 / 教師（含編制外教學人員）,0.0,1 年以下,TFT 計畫成員分發,,,1. 友好組織分享（TFT、均一、政大實驗教育中心...）,,4,3 - 認同,4 - 非常認同,3 - 認同,3 - 認同,4 - 非常認同,4 - 非常認同,3 - 同意,4 - 非常同意,3 - 同意,3 - 同意,3 - 同意,3 - 同意,小於 30 分鐘,3 - 同意,2 - 不同意,2 - 不同意,3 - 認同,4 - 非常認同,3 - 認同,3 - 認同,3 - 認同,3 - 同意,3 - 同意,3 - 同意,3 - 同意,3 - 同意,3 - 有幫助,4 - 非常有幫助,我不知道這個資源,我不知道這個資源,我不知道這個資源,偶爾使用（6 個月內 3~6 次）,從沒使用過,從沒使用過,從沒使用過,,3 - 有幫助,3 - 有幫助,我不知有這個資源,2 - 沒有幫助,,知道但沒有使用過,知道但沒有使用過,3 - 有幫助,我不知道這個資源,知道但沒有使用過,我不知道這個資源,我不知道這個資源,知道但沒有使用過,3 - 有幫助,3 - 有幫助,我不知道這個資源,知道但沒有使用過,從沒使用過,很少使用（6 個月內 1~2 次）,從沒使用過,,我不知道這個資源,我不知道這個資源,我不知道這個資源,我不知道這個資源,我不知道這個資源,我不知道這個資源,知道但沒有使用過,,,,,,,,,,,,,,,,,,,3,3 - 認同,4,4,4,4,3,3,3,4,4,4,4,4,4,3,3,3,4,4,4,4,4,1,4,校內支持度很高。,班經或身心輔導上可以再有更多支持，然後多讓我們休息哈哈！,,Na,4,4,2,4,1,1,2,考慮 1 - 2 年內持續任職,2,1,希望可以把握資源好好增能，為未來的職涯鋪路~,4,6,,3,,,,,,2026-02-04 15:47:23,986,2001:b400:e3f2:2185:31b5:1a1:e882:145b,,,,d15c2adeb0fa27189727332d3df8e310,,,,4.0,3.0,4.0,3.0,3.0,4.0,4.0,3.0,4.0,3.0,3.0,3.0,3.0,,3.0,2.0,2.0,3.0,4.0,3.0,3.0,3.0,3.0,3.0,3.0,3.0,3.0,3.0,4.0,0.0,0.0,0.0,3.0,1.0,1.0,1.0,3.0,3.0,,2.0,0.1,0.1,3.0,0.0,0.1,0.0,0.0,0.1,3.0,3.0,0.0,0.1,1.0,2.0,1.0,0.0,0.0,0.0,0.0,0.0,0.0,0.1,,,,,,,,,,,,,,,3.0,3.0,4.0,4.0,4.0,4.0,3.0,3.0,3.0,4.0,4.0,4.0,4.0,4.0,4.0,3.0,3.0,3.0,4.0,4.0,4.0,4.0,4.0,1.0,4.0,4.0,4.0,2.0,4.0,1.0,1.0,2.0,1.5,2.0,1.0,4.0,6.0,3.0
0,桃源國小,組長 / 教師（含編制外教學人員）,0.5,1 年以下,"認同 KIST 的理念
想要投入「偏鄉」教育
想要投入「實驗」教育",,,"1. 【KIST 教育實驗室】Instagram
2. 親友介紹（非 KIST 夥伴，如大學教授、過往的同事...）",,4,4 - 非常認同,4 - 非常認同,4 - 非常認同,4 - 非常認同,4 - 非常認同,4 - 非常認同,4 - 非常同意,4 - 非常同意,4 - 非常同意,4 - 非常同意,4 - 非常同意,4 - 非常同意,30~60 分鐘,3 - 同意,4 - 非常同意,2 - 不同意,3 - 認同,2 - 不認同,3 - 認同,3 - 認同,3 - 認同,3 - 同意,3 - 同意,3 - 同意,3 - 同意,3 - 同意,2 - 沒有幫助,3 - 有幫助,我不知道這個資源,我不知道這個資源,我不知道這個資源,從沒使用過,從沒使用過,從沒使用過,從沒使用過,,3 - 有幫助,知道但沒有使用過,知道但沒有使用過,2 - 沒有幫助,,3 - 有幫助,4 - 非常有幫助,4 - 非常有幫助,4 - 非常有幫助,3 - 有幫助,知道但沒有使用過,3 - 有幫助,3 - 有幫助,3 - 有幫助,2 - 沒有幫助,3 - 有幫助,3 - 有幫助,偶爾使用（6 個月內 3~6 次）,偶爾使用（6 個月內 3~6 次）,從沒使用過,,2 - 沒有幫助,我不知道這個資源,3 - 有幫助,1 - 完全沒有幫助,2 - 沒有幫助,2 - 沒有幫助,2 - 沒有幫助,,,,,,,,,,,,,,,,,,,2,3 - 認同,3,3,2,2,2,2,2,1,1,1,2,4,1,2,1,2,1,2,2,2,1,1,4,基金會很努力很給力,無,,,4,4,1,1,3,1,3,不考慮持續任職,4,4,謝謝大家 但更讓我知道有很多人默默付出,1,2,,3,,,聯盟很努力的維持與開創更多可能,減少行政的繁瑣 提高相同資訊的流動,謝謝大家辛苦的付出 真的真的 當老師真的太不容易了 ,2026-02-04 15:47:24,1153,2001:b400:e2de:498:1439:3622:e831:e188,,,,6ce8a0edf58cf5f17a1a091dc27337e0,,,,4.0,4.0,4.0,4.0,4.0,4.0,4.0,4.0,4.0,4.0,4.0,4.0,4.0,30.0,3.0,4.0,2.0,3.0,2.0,3.0,3.0,3.0,3.0,3.0,3.0,3.0,3.0,2.0,3.0,0.0,0.0,0.0,1.0,1.0,1.0,1.0,3.0,0.1,0.1,2.0,3.0,4.0,4.0,4.0,3.0,0.1,3.0,3.0,3.0,2.0,3.0,3.0,3.0,3.0,1.0,2.0,0.0,3.0,1.0,2.0,2.0,2.0,,,,,,,,,,,,,,,2.0,3.0,3.0,3.0,2.0,2.0,2.0,2.0,2.0,1.0,1.0,1.0,2.0,4.0,1.0,2.0,1.0,2.0,1.0,2.0,2.0,2.0,1.0,1.0,4.0,4.0,4.0,1.0,1.0,3.0,1.0,3.0,0.0,4.0,4.0,1.0,2.0,3.0
0,仙草實小,組長 / 教師（含編制外教學人員）,1.0,3-5 年,,,,,,4,3 - 認同,4 - 非常認同,4 - 非常認同,4 - 非常認同,4 - 非常認同,4 - 非常認同,4 - 非常同意,4 - 非常同意,3 - 同意,4 - 非常同意,4 - 非常同意,3 - 同意,60~120 分鐘,3 - 同意,3 - 同意,3 - 同意,3 - 認同,4 - 非常認同,4 - 非常認同,4 - 非常認同,4 - 非常認同,3 - 同意,4 - 非常同意,4 - 非常同意,4 - 非常同意,4 - 非常同意,,,,,,,,,,,3 - 有幫助,3 - 有幫助,3 - 有幫助,3 - 有幫助,,2 - 沒有幫助,知道但沒有使用過,知道但沒有使用過,4 - 非常有幫助,知道但沒有使用過,我不知道這個資源,我不知道這個資源,我不知道這個資源,我不知道這個資源,4 - 非常有幫助,我不知道這個資源,3 - 有幫助,偶爾使用（6 個月內 3~6 次）,從沒使用過,從沒使用過,,3 - 有幫助,我不知道這個資源,我不知道這個資源,4 - 非常有幫助,3 - 有幫助,知道但沒有使用過,知道但沒有使用過,,,,,,,,,,,,,,,,,,,4,4 - 非常認同,4,4,4,4,4,4,4,4,4,4,4,4,4,4,4,4,4,4,4,4,4,4,4,共好互信,好燒腦,,,4,4,4,4,4,4,4,考慮 1 - 2 年內持續任職,4,4,無,4,8,,4,越來越幸運順遂,有比較不那麼累了,餐點多樣,行政事項雜務再精簡,,2026-02-04 15:47:39,1186,2001:b400:e2d3:1139:a864:c639:ead0:d8a3,,,,66170016da878386b72ed2900f0dbbeb,,,,4.0,3.0,4.0,4.0,4.0,4.0,4.0,4.0,4.0,3.0,4.0,4.0,3.0,60.0,3.0,3.0,3.0,3.0,4.0,4.0,4.0,4.0,3.0,4.0,4.0,4.0,4.0,,,,,,,,,,3.0,3.0,3.0,3.0,2.0,0.1,0.1,4.0,0.1,0.0,0.0,0.0,0.0,4.0,0.0,3.0,3.0,1.0,1.0,3.0,0.0,0.0,4.0,3.0,0.1,0.1,,,,,,,,,,,,,,,4.0,4.0,4.0,4.0,4.0,4.0,4.0,4.0,4.0,4.0,4.0,4.0,4.0,4.0,4.0,4.0,4.0,4.0,4.0,4.0,4.0,4.0,4.0,4.0,4.0,4.0,4.0,4.0,4.0,4.0,4.0,4.0,1.5,4.0,4.0,4.0,8.0,4.0
0,樟湖生態國中小,組長 / 教師（含編制外教學人員）,1.0,1 年以下,認同 KIST 的理念,,,1. 誠致官方網站,,4,4 - 非常認同,4 - 非常認同,4 - 非常認同,4 - 非常認同,4 - 非常認同,4 - 非常認同,4 - 非常同意,4 - 非常同意,4 - 非常同意,4 - 非常同意,4 - 非常同意,4 - 非常同意,小於 30 分鐘,3 - 同意,2 - 不同意,3 - 同意,4 - 非常認同,4 - 非常認同,4 - 非常認同,4 - 非常認同,4 - 非常認同,3 - 同意,3 - 同意,3 - 同意,3 - 同意,3 - 同意,3 - 有幫助,3 - 有幫助,3 - 有幫助,3 - 有幫助,3 - 有幫助,很少使用（6 個月內 1~2 次）,很少使用（6 個月內 1~2 次）,很少使用（6 個月內 1~2 次）,很少使用（6 個月內 1~2 次）,,3 - 有幫助,3 - 有幫助,知道但沒有使用過,知道但沒有使用過,,知道但沒有使用過,知道但沒有使用過,3 - 有幫助,3 - 有幫助,知道但沒有使用過,知道但沒有使用過,知道但沒有使用過,知道但沒有使用過,知道但沒有使用過,3 - 有幫助,知道但沒有使用過,知道但沒有使用過,很少使用（6 個月內 1~2 次）,很少使用（6 個月內 1~2 次）,從沒使用過,,3 - 有幫助,知道但沒有使用過,知道但沒有使用過,知道但沒有使用過,知道但沒有使用過,知道但沒有使用過,知道但沒有使用過,,,,,,,,,,,,,,,,,,,4,3 - 認同,3,3,3,3,3,3,3,3,3,3,3,3,3,3,3,3,3,3,3,3,3,1,3,Work hard be nice,慢一點,友善與支持,資訊爆炸，難消化,3,3,3,3,2,2,2,考慮任職 2 年以上,3,3,文化紮根，策略應用,3,5,,3,,,教室增能與正式教師之路,減化,,2026-02-04 15:48:14,803,2402:7500:a2d:4bb9:c15c:b517:a4d:d340,,,,cb79f59de3acdd7cae7bba8e1fb7bd03,,,,4.0,4.0,4.0,4.0,4.0,4.0,4.0,4.0,4.0,4.0,4.0,4.0,4.0,,3.0,2.0,3.0,4.0,4.0,4.0,4.0,4.0,3.0,3.0,3.0,3.0,3.0,3.0,3.0,3.0,3.0,3.0,2.0,2.0,2.0,2.0,3.0,3.0,0.1,0.1,0.1,0.1,3.0,3.0,0.1,0.1,0.1,0.1,0.1,3.0,0.1,0.1,2.0,2.0,1.0,3.0,0.1,0.1,0.1,0.1,0.1,0.1,,,,,,,,,,,,,,,4.0,3.0,3.0,3.0,3.0,3.0,3.0,3.0,3.0,3.0,3.0,3.0,3.0,3.0,3.0,3.0,3.0,3.0,3.0,3.0,3.0,3.0,3.0,1.0,3.0,3.0,3.0,3.0,3.0,2.0,2.0,2.0,2.0,3.0,3.0,3.0,5.0,3.0
0,坪林實中,組長 / 教師（含編制外教學人員）,3.5,1-2 年,,,,,,4,4 - 非常認同,3 - 認同,3 - 認同,3 - 認同,4 - 非常認同,3 - 認同,4 - 非常同意,2 - 不同意,4 - 非常同意,4 - 非常同意,4 - 非常同意,3 - 同意,60~120 分鐘,3 - 同意,3 - 同意,3 - 同意,3 - 認同,3 - 認同,3 - 認同,4 - 非常認同,3 - 認同,3 - 同意,2 - 不同意,3 - 同意,3 - 同意,2 - 不同意,,,,,,,,,,,3 - 有幫助,3 - 有幫助,知道但沒有使用過,4 - 非常有幫助,,3 - 有幫助,4 - 非常有幫助,3 - 有幫助,知道但沒有使用過,知道但沒有使用過,3 - 有幫助,知道但沒有使用過,4 - 非常有幫助,知道但沒有使用過,知道但沒有使用過,知道但沒有使用過,知道但沒有使用過,很少使用（6 個月內 1~2 次）,很少使用（6 個月內 1~2 次）,偶爾使用（6 個月內 3~6 次）,,3 - 有幫助,3 - 有幫助,4 - 非常有幫助,4 - 非常有幫助,知道但沒有使用過,知道但沒有使用過,知道但沒有使用過,,,,,,,,,,,,,,,,,,,4,3 - 認同,4,4,4,4,4,4,4,4,4,4,4,4,4,4,4,4,4,4,4,4,4,4,4,大家有共同文化,任務更精簡（有機會的話？,,,4,4,4,4,3,2,2,考慮任職 2 年以上,3,2,繼續活著！,3,8,快樂有趣的環境,4,,,,,,2026-02-04 15:48:33,1206,2001:b400:e2ac:67b2:cd79:f8b:1d05:5d99,,,,a323bc678b1f86bd3cced15615e49ca4,,,,4.0,4.0,3.0,3.0,3.0,4.0,3.0,4.0,2.0,4.0,4.0,4.0,3.0,60.0,3.0,3.0,3.0,3.0,3.0,3.0,4.0,3.0,3.0,2.0,3.0,3.0,2.0,,,,,,,,,,3.0,3.0,0.1,4.0,3.0,4.0,3.0,0.1,0.1,3.0,0.1,4.0,0.1,0.1,0.1,0.1,2.0,2.0,3.0,3.0,3.0,4.0,4.0,0.1,0.1,0.1,,,,,,,,,,,,,,,4.0,3.0,4.0,4.0,4.0,4.0,4.0,4.0,4.0,4.0,4.0,4.0,4.0,4.0,4.0,4.0,4.0,4.0,4.0,4.0,4.0,4.0,4.0,4.0,4.0,4.0,4.0,4.0,4.0,3.0,2.0,2.0,2.0,3.0,2.0,3.0,8.0,4.0
0,坪林實中,組長 / 教師（含編制外教學人員）,1.0,1 年以下,想要投入「偏鄉」教育,,,1. 親友介紹（非 KIST 夥伴，如大學教授、過往的同事...）,無,4,3 - 認同,3 - 認同,3 - 認同,3 - 認同,3 - 認同,3 - 認同,3 - 同意,3 - 同意,3 - 同意,3 - 同意,3 - 同意,3 - 同意,120 分鐘以上,3 - 同意,3 - 同意,3 - 同意,3 - 認同,3 - 認同,3 - 認同,3 - 認同,3 - 認同,3 - 同意,3 - 同意,3 - 同意,3 - 同意,3 - 同意,3 - 有幫助,3 - 有幫助,我不知道這個資源,我不知道這個資源,知道但沒有使用過,很少使用（6 個月內 1~2 次）,從沒使用過,從沒使用過,從沒使用過,一次性資訊過量，所以有些資訊跟不上，如果有階段性任務可能會更適切~,3 - 有幫助,3 - 有幫助,知道但沒有使用過,3 - 有幫助,暫無,知道但沒有使用過,知道但沒有使用過,知道但沒有使用過,知道但沒有使用過,知道但沒有使用過,我不知道這個資源,我不知道這個資源,知道但沒有使用過,知道但沒有使用過,我不知道這個資源,我不知道這個資源,我不知道這個資源,很少使用（6 個月內 1~2 次）,從沒使用過,從沒使用過,階段性任務,我不知道這個資源,我不知道這個資源,我不知道這個資源,知道但沒有使用過,知道但沒有使用過,我不知道這個資源,知道但沒有使用過,暫無,,,,,,,,,,,,,,,,,,3,3 - 認同,3,3,3,3,3,3,3,3,3,3,3,3,3,3,3,3,3,3,3,3,3,2,2,一起打群架、SEL、七大品格力,校長與主任、組長、教師之間的溝通互動能更開放、包容與友善。,,,3,3,3,3,1,2,2,考慮 1 年內持續任職,3,3,能持續成長、學習，嘗試實現自己的教育理想，找到自己人生中的定位。,3,7,KIST夥伴都很友善~,3,暫無,暫無,一起打群架的精神,繁瑣、意義不夠清晰的行政流程,大家一起加油啦~,2026-02-04 15:49:23,1288,2402:7500:59a:63a4::5d58:1678,,,,5497f3abbdbba7555f2419d320bd3ea9,,,,4.0,3.0,3.0,3.0,3.0,3.0,3.0,3.0,3.0,3.0,3.0,3.0,3.0,,3.0,3.0,3.0,3.0,3.0,3.0,3.0,3.0,3.0,3.0,3.0,3.0,3.0,3.0,3.0,0.0,0.0,0.1,2.0,1.0,1.0,1.0,3.0,3.0,0.1,3.0,0.1,0.1,0.1,0.1,0.1,0.0,0.0,0.1,0.1,0.0,0.0,0.0,2.0,1.0,1.0,0.0,0.0,0.0,0.1,0.1,0.0,0.1,,,,,,,,,,,,,,,3.0,3.0,3.0,3.0,3.0,3.0,3.0,3.0,3.0,3.0,3.0,3.0,3.0,3.0,3.0,3.0,3.0,3.0,3.0,3.0,3.0,3.0,3.0,2.0,2.0,3.0,3.0,3.0,3.0,1.0,2.0,2.0,0.5,3.0,3.0,3.0,7.0,3.0
0,老梅實小,組長 / 教師（含編制外教學人員）,2.0,5 年以上,,,,,,4,4 - 非常認同,4 - 非常認同,4 - 非常認同,4 - 非常認同,4 - 非常認同,4 - 非常認同,4 - 非常同意,4 - 非常同意,4 - 非常同意,3 - 同意,4 - 非常同意,3 - 同意,小於 30 分鐘,3 - 同意,3 - 同意,3 - 同意,3 - 認同,4 - 非常認同,4 - 非常認同,3 - 認同,3 - 認同,3 - 同意,3 - 同意,3 - 同意,3 - 同意,3 - 同意,,,,,,,,,,,3 - 有幫助,3 - 有幫助,知道但沒有使用過,3 - 有幫助,,3 - 有幫助,知道但沒有使用過,知道但沒有使用過,3 - 有幫助,我不知道這個資源,知道但沒有使用過,知道但沒有使用過,3 - 有幫助,我不知道這個資源,知道但沒有使用過,我不知道這個資源,我不知道這個資源,經常使用（6 個月內 7 次以上）,從沒使用過,從沒使用過,,我不知道這個資源,2 - 沒有幫助,知道但沒有使用過,我不知道這個資源,我不知道這個資源,知道但沒有使用過,知道但沒有使用過,,,,,,,,,,,,,,,,,,,4,4 - 非常認同,3,4,4,3,4,3,3,4,3,4,4,3,3,3,3,3,3,3,3,3,3,1,3,協作共學共好,無,,,4,4,4,4,1,1,1,考慮任職 2 年以上,4,3,持之以恆，努力學習，精進自我，造福學生,4,8,有教練協助不孤單,4,,,,,,2026-02-04 15:49:32,1261,2401:e180:8801:6c23:7832:8595:d701:6bd0,,,,53f59cd1de076755a6f4f2b84c74a2af,,,,4.0,4.0,4.0,4.0,4.0,4.0,4.0,4.0,4.0,4.0,3.0,4.0,3.0,,3.0,3.0,3.0,3.0,4.0,4.0,3.0,3.0,3.0,3.0,3.0,3.0,3.0,,,,,,,,,,3.0,3.0,0.1,3.0,3.0,0.1,0.1,3.0,0.0,0.1,0.1,3.0,0.0,0.1,0.0,0.0,4.0,1.0,1.0,0.0,2.0,0.1,0.0,0.0,0.1,0.1,,,,,,,,,,,,,,,4.0,4.0,3.0,4.0,4.0,3.0,4.0,3.0,3.0,4.0,3.0,4.0,4.0,3.0,3.0,3.0,3.0,3.0,3.0,3.0,3.0,3.0,3.0,1.0,3.0,4.0,4.0,4.0,4.0,1.0,1.0,1.0,2.0,4.0,3.0,4.0,8.0,4.0
0,宜梧國中,組長 / 教師（含編制外教學人員）,6.5,1 年以下,認同 KIST 的理念,,,1. 友好組織分享（TFT、均一、政大實驗教育中心...）,,4,4 - 非常認同,4 - 非常認同,4 - 非常認同,3 - 認同,4 - 非常認同,3 - 認同,4 - 非常同意,4 - 非常同意,4 - 非常同意,4 - 非常同意,4 - 非常同意,4 - 非常同意,小於 30 分鐘,3 - 同意,3 - 同意,3 - 同意,3 - 認同,4 - 非常認同,3 - 認同,3 - 認同,3 - 認同,3 - 同意,4 - 非常同意,3 - 同意,4 - 非常同意,4 - 非常同意,4 - 非常有幫助,3 - 有幫助,知道但沒有使用過,1 - 完全沒有幫助,我不知道這個資源,從沒使用過,從沒使用過,從沒使用過,從沒使用過,,4 - 非常有幫助,4 - 非常有幫助,我不知有這個資源,知道但沒有使用過,,知道但沒有使用過,知道但沒有使用過,知道但沒有使用過,知道但沒有使用過,知道但沒有使用過,我不知道這個資源,知道但沒有使用過,知道但沒有使用過,我不知道這個資源,我不知道這個資源,知道但沒有使用過,我不知道這個資源,很少使用（6 個月內 1~2 次）,從沒使用過,從沒使用過,,知道但沒有使用過,我不知道這個資源,我不知道這個資源,我不知道這個資源,我不知道這個資源,我不知道這個資源,我不知道這個資源,,,,,,,,我不知道有這個資源,我不知道有這個資源,我不知道有這個資源,,,,,,,,,4,4 - 非常認同,4,4,4,4,4,4,4,4,4,4,4,4,4,4,4,4,4,4,4,4,4,4,4,打群架,不會有神奇事情發生,更好，團結,,4,4,4,4,4,4,3,考慮任職 2 年以上,4,4,取得正式教師資格,4,10,環境舒適,4,,,,,,2026-02-04 15:50:15,1345,2001:b400:e287:9f17:456d:4087:4f62:d304,,,,553874bca54ca865e28e29bc1250944c,,,,4.0,4.0,4.0,4.0,3.0,4.0,3.0,4.0,4.0,4.0,4.0,4.0,4.0,,3.0,3.0,3.0,3.0,4.0,3.0,3.0,3.0,3.0,4.0,3.0,4.0,4.0,4.0,3.0,0.1,1.0,0.0,1.0,1.0,1.0,1.0,4.0,4.0,,0.1,0.1,0.1,0.1,0.1,0.1,0.0,0.1,0.1,0.0,0.0,0.1,0.0,2.0,1.0,1.0,0.1,0.0,0.0,0.0,0.0,0.0,0.0,,,,,,0.0,0.0,0.0,,,,,,,4.0,4.0,4.0,4.0,4.0,4.0,4.0,4.0,4.0,4.0,4.0,4.0,4.0,4.0,4.0,4.0,4.0,4.0,4.0,4.0,4.0,4.0,4.0,4.0,4.0,4.0,4.0,4.0,4.0,4.0,4.0,3.0,2.0,4.0,4.0,4.0,10.0,4.0
0,拯民國小,校長 / 主任,4.0,3-5 年,,,,,,4,4 - 非常認同,4 - 非常認同,3 - 認同,4 - 非常認同,3 - 認同,4 - 非常認同,4 - 非常同意,3 - 同意,3 - 同意,4 - 非常同意,3 - 同意,3 - 同意,30~60 分鐘,3 - 同意,3 - 同意,3 - 同意,3 - 認同,4 - 非常認同,4 - 非常認同,3 - 認同,3 - 認同,3 - 同意,3 - 同意,4 - 非常同意,3 - 同意,2 - 不同意,,,,,,,,,,,3 - 有幫助,3 - 有幫助,3 - 有幫助,2 - 沒有幫助,,知道但沒有使用過,知道但沒有使用過,2 - 沒有幫助,2 - 沒有幫助,3 - 有幫助,3 - 有幫助,我不知道這個資源,我不知道這個資源,知道但沒有使用過,知道但沒有使用過,我不知道這個資源,知道但沒有使用過,很少使用（6 個月內 1~2 次）,很少使用（6 個月內 1~2 次）,很少使用（6 個月內 1~2 次）,,3 - 有幫助,3 - 有幫助,3 - 有幫助,4 - 非常有幫助,3 - 有幫助,知道但沒有使用過,知道但沒有使用過,,4 - 非常有幫助,知道但沒有使用過,知道但沒有使用過,4 - 非常有幫助,4 - 非常有幫助,,,,,,,,,,,,,4,4 - 非常認同,3,4,3,3,4,3,3,3,4,4,4,3,4,4,4,4,4,4,3,3,4,1,4,沒有做不到，只有想不到,還想不到,,,4,4,4,2,2,2,3,考慮 1 - 2 年內持續任職,3,4,希望能快點成為正式老師,4,8,,3,,,,,,2026-02-04 15:50:17,1338,2001:b400:e4ae:430f:51cd:3bae:dd1e:f169,,,,ec26269363a613c061b55b6f811f0eec,,,,4.0,4.0,4.0,3.0,4.0,3.0,4.0,4.0,3.0,3.0,4.0,3.0,3.0,30.0,3.0,3.0,3.0,3.0,4.0,4.0,3.0,3.0,3.0,3.0,4.0,3.0,2.0,,,,,,,,,,3.0,3.0,3.0,2.0,0.1,0.1,2.0,2.0,3.0,3.0,0.0,0.0,0.1,0.1,0.0,0.1,2.0,2.0,2.0,3.0,3.0,3.0,4.0,3.0,0.1,0.1,4.0,0.1,0.1,4.0,4.0,,,,,,,,,,4.0,4.0,3.0,4.0,3.0,3.0,4.0,3.0,3.0,3.0,4.0,4.0,4.0,3.0,4.0,4.0,4.0,4.0,4.0,4.0,3.0,3.0,4.0,1.0,4.0,4.0,4.0,4.0,2.0,2.0,2.0,3.0,1.5,3.0,4.0,4.0,8.0,3.0
0,三民國中,組長 / 教師（含編制外教學人員）,9.0,1 年以下,其他：請於下題說明,我實際上是玉東國中正式編制的特教巡迴老師，因114學年三民國中特教生人數18位，被縣府安排駐點於三民國中服務。,,"1. 其他
2. 友好組織分享（TFT、均一、政大實驗教育中心...）",過去有幾年（非連續）巡迴三民國中，對學校文化有粗淺的了解，感受到校長與老師們的熱情、認真。,4,4 - 非常認同,4 - 非常認同,4 - 非常認同,4 - 非常認同,4 - 非常認同,4 - 非常認同,3 - 同意,4 - 非常同意,3 - 同意,4 - 非常同意,4 - 非常同意,2 - 不同意,30~60 分鐘,3 - 同意,2 - 不同意,3 - 同意,4 - 非常認同,4 - 非常認同,4 - 非常認同,4 - 非常認同,4 - 非常認同,2 - 不同意,2 - 不同意,4 - 非常同意,2 - 不同意,4 - 非常同意,知道但沒有使用過,知道但沒有使用過,知道但沒有使用過,我不知道這個資源,我不知道這個資源,從沒使用過,從沒使用過,從沒使用過,從沒使用過,,4 - 非常有幫助,4 - 非常有幫助,知道但沒有使用過,3 - 有幫助,,我不知道這個資源,知道但沒有使用過,3 - 有幫助,知道但沒有使用過,知道但沒有使用過,知道但沒有使用過,知道但沒有使用過,知道但沒有使用過,知道但沒有使用過,4 - 非常有幫助,我不知道這個資源,我不知道這個資源,從沒使用過,很少使用（6 個月內 1~2 次）,從沒使用過,,4 - 非常有幫助,我不知道這個資源,我不知道這個資源,知道但沒有使用過,知道但沒有使用過,知道但沒有使用過,3 - 有幫助,,,,,,,,,,,,,,,,,,,4,4 - 非常認同,4,3,4,4,4,4,4,3,3,4,4,3,3,4,4,4,4,4,4,3,4,1,4,接納不同意見,"更願意理解與接受特教教師的想法
特教有專業考量，不是補救教學老師",積極解決問題,還好～,4,4,2,3,1,1,1,不考慮持續任職,4,2,目前沒有想法,4,7,,4,更能與特教老師進行對話,接觸特教,,,,2026-02-04 15:50:34,1222,2402:7500:a2e:fd62:2543:3f06:329b:bba1,,,,96ad9135932956cb30ce3284ecdc12b2,,,,4.0,4.0,4.0,4.0,4.0,4.0,4.0,3.0,4.0,3.0,4.0,4.0,2.0,30.0,3.0,2.0,3.0,4.0,4.0,4.0,4.0,4.0,2.0,2.0,4.0,2.0,4.0,0.1,0.1,0.1,0.0,0.0,1.0,1.0,1.0,1.0,4.0,4.0,0.1,3.0,0.0,0.1,3.0,0.1,0.1,0.1,0.1,0.1,0.1,4.0,0.0,0.0,1.0,2.0,1.0,4.0,0.0,0.0,0.1,0.1,0.1,3.0,,,,,,,,,,,,,,,4.0,4.0,4.0,3.0,4.0,4.0,4.0,4.0,4.0,3.0,3.0,4.0,4.0,3.0,3.0,4.0,4.0,4.0,4.0,4.0,4.0,3.0,4.0,1.0,4.0,4.0,4.0,2.0,3.0,1.0,1.0,1.0,0.0,4.0,2.0,4.0,7.0,4.0
0,坪林實中,組長 / 教師（含編制外教學人員）,0.5,1 年以下,"認同 KIST 的理念
想要投入「實驗」教育",,,1. KIST 夥伴介紹,,4,3 - 認同,3 - 認同,3 - 認同,4 - 非常認同,4 - 非常認同,4 - 非常認同,3 - 同意,3 - 同意,3 - 同意,4 - 非常同意,4 - 非常同意,2 - 不同意,小於 30 分鐘,2 - 不同意,2 - 不同意,3 - 同意,3 - 認同,4 - 非常認同,4 - 非常認同,3 - 認同,我不理解這項 KIST 教學特色,3 - 同意,3 - 同意,3 - 同意,2 - 不同意,我不理解這項 KIST 教學特色,3 - 有幫助,3 - 有幫助,知道但沒有使用過,知道但沒有使用過,知道但沒有使用過,很少使用（6 個月內 1~2 次）,從沒使用過,從沒使用過,從沒使用過,,4 - 非常有幫助,4 - 非常有幫助,我不知有這個資源,4 - 非常有幫助,,3 - 有幫助,知道但沒有使用過,知道但沒有使用過,3 - 有幫助,我不知道這個資源,我不知道這個資源,我不知道這個資源,知道但沒有使用過,知道但沒有使用過,知道但沒有使用過,知道但沒有使用過,知道但沒有使用過,很少使用（6 個月內 1~2 次）,很少使用（6 個月內 1~2 次）,從沒使用過,,3 - 有幫助,3 - 有幫助,我不知道這個資源,知道但沒有使用過,知道但沒有使用過,知道但沒有使用過,知道但沒有使用過,,,,,,,,,,,,,,,,,,,3,4 - 非常認同,4,3,3,3,3,3,3,3,3,3,4,3,3,3,3,3,4,4,4,4,4,1,4,像一個大家庭，大家朝共同目標努力。,沒有想到～,打群架,目前沒想到,4,4,3,3,2,2,2,考慮 1 年內持續任職,3,3,還在探索,4,6,,4,,,,,,2026-02-04 15:51:01,1374,2402:7500:5e8:91:71e3:3a0c:cb34:ac14,,,,c004d2914bac5678a300236b6a5a5ba2,,,,4.0,3.0,3.0,3.0,4.0,4.0,4.0,3.0,3.0,3.0,4.0,4.0,2.0,,2.0,2.0,3.0,3.0,4.0,4.0,3.0,0.0,3.0,3.0,3.0,2.0,0.0,3.0,3.0,0.1,0.1,0.1,2.0,1.0,1.0,1.0,4.0,4.0,,4.0,3.0,0.1,0.1,3.0,0.0,0.0,0.0,0.1,0.1,0.1,0.1,0.1,2.0,2.0,1.0,3.0,3.0,0.0,0.1,0.1,0.1,0.1,,,,,,,,,,,,,,,3.0,4.0,4.0,3.0,3.0,3.0,3.0,3.0,3.0,3.0,3.0,3.0,4.0,3.0,3.0,3.0,3.0,3.0,4.0,4.0,4.0,4.0,4.0,1.0,4.0,4.0,4.0,3.0,3.0,2.0,2.0,2.0,0.5,3.0,3.0,4.0,6.0,4.0
0,三民國中,組長 / 教師（含編制外教學人員）,5.5,2-3 年,,,,,,4,4 - 非常認同,4 - 非常認同,4 - 非常認同,4 - 非常認同,4 - 非常認同,4 - 非常認同,3 - 同意,3 - 同意,3 - 同意,3 - 同意,3 - 同意,3 - 同意,60~120 分鐘,3 - 同意,4 - 非常同意,3 - 同意,2 - 不認同,4 - 非常認同,4 - 非常認同,4 - 非常認同,我不理解這項 KIST 教學特色,3 - 同意,4 - 非常同意,3 - 同意,4 - 非常同意,我不理解這項 KIST 教學特色,,,,,,,,,,,3 - 有幫助,3 - 有幫助,知道但沒有使用過,3 - 有幫助,有沒有事先的許願池機制，讓夥伴們提出需求,4 - 非常有幫助,知道但沒有使用過,知道但沒有使用過,知道但沒有使用過,我不知道這個資源,知道但沒有使用過,我不知道這個資源,2 - 沒有幫助,我不知道這個資源,知道但沒有使用過,知道但沒有使用過,我不知道這個資源,從沒使用過,從沒使用過,從沒使用過,,3 - 有幫助,我不知道這個資源,知道但沒有使用過,知道但沒有使用過,我不知道這個資源,我不知道這個資源,知道但沒有使用過,,,,,,,,,,,,,,,,,,,3,4 - 非常認同,4,4,4,4,4,4,4,4,4,4,4,3,3,3,4,4,4,4,3,3,4,2,3,大家庭,更多與社區的連結,,,4,4,4,4,1,4,3,考慮 1 年內持續任職,3,3,教練,3,8,,4,,,,,,2026-02-04 15:51:02,1098,2401:e180:8880:767:9d0b:cdea:470b:b75a,,,,56f5db31a5f98cc91d570a666b56a35b,,,,4.0,4.0,4.0,4.0,4.0,4.0,4.0,3.0,3.0,3.0,3.0,3.0,3.0,60.0,3.0,4.0,3.0,2.0,4.0,4.0,4.0,0.0,3.0,4.0,3.0,4.0,0.0,,,,,,,,,,3.0,3.0,0.1,3.0,4.0,0.1,0.1,0.1,0.0,0.1,0.0,2.0,0.0,0.1,0.1,0.0,1.0,1.0,1.0,3.0,0.0,0.1,0.1,0.0,0.0,0.1,,,,,,,,,,,,,,,3.0,4.0,4.0,4.0,4.0,4.0,4.0,4.0,4.0,4.0,4.0,4.0,4.0,3.0,3.0,3.0,4.0,4.0,4.0,4.0,3.0,3.0,4.0,2.0,3.0,4.0,4.0,4.0,4.0,1.0,4.0,3.0,0.5,3.0,3.0,3.0,8.0,4.0
0,樟湖生態國中小,組長 / 教師（含編制外教學人員）,1.0,2-3 年,,,,,,4,4 - 非常認同,4 - 非常認同,4 - 非常認同,4 - 非常認同,4 - 非常認同,4 - 非常認同,4 - 非常同意,4 - 非常同意,4 - 非常同意,4 - 非常同意,4 - 非常同意,4 - 非常同意,30~60 分鐘,3 - 同意,3 - 同意,4 - 非常同意,4 - 非常認同,4 - 非常認同,4 - 非常認同,4 - 非常認同,3 - 認同,4 - 非常同意,4 - 非常同意,4 - 非常同意,3 - 同意,4 - 非常同意,,,,,,,,,,,4 - 非常有幫助,4 - 非常有幫助,知道但沒有使用過,3 - 有幫助,,4 - 非常有幫助,知道但沒有使用過,4 - 非常有幫助,4 - 非常有幫助,知道但沒有使用過,4 - 非常有幫助,知道但沒有使用過,知道但沒有使用過,3 - 有幫助,知道但沒有使用過,我不知道這個資源,我不知道這個資源,經常使用（6 個月內 7 次以上）,很少使用（6 個月內 1~2 次）,很少使用（6 個月內 1~2 次）,,3 - 有幫助,3 - 有幫助,我不知道這個資源,4 - 非常有幫助,我不知道這個資源,4 - 非常有幫助,4 - 非常有幫助,,,,,,,,,,,,,,,,,,,4,4 - 非常認同,4,4,4,4,4,4,4,3,2,4,4,4,4,4,3,3,3,4,4,3,4,2,4,很多資源相互交流，桃源的慧萍老師無私的協助樟湖備課,尾牙獎項可以抽多一點人,,,4,4,4,4,1,4,4,考慮 1 - 2 年內持續任職,4,4,未來成為現場教師支持的一員,4,7,,4,持續進步並擴大影響力,每一次的活動都更貼近教師需求,動滋卷及顧問觀議課,,為實踐嚴謹教學，期待基金會鼓勵各校要找到每位老師的優勢，強化優勢，以分科教學來取代授課種類過多而產生的「重大壓力」！,2026-02-04 15:53:12,1468,2402:7500:901:8963:9476:606a:54fa:3137,,,,6bc2283ccf848854e91231ac9c0b072a,,,,4.0,4.0,4.0,4.0,4.0,4.0,4.0,4.0,4.0,4.0,4.0,4.0,4.0,30.0,3.0,3.0,4.0,4.0,4.0,4.0,4.0,3.0,4.0,4.0,4.0,3.0,4.0,,,,,,,,,,4.0,4.0,0.1,3.0,4.0,0.1,4.0,4.0,0.1,4.0,0.1,0.1,3.0,0.1,0.0,0.0,4.0,2.0,2.0,3.0,3.0,0.0,4.0,0.0,4.0,4.0,,,,,,,,,,,,,,,4.0,4.0,4.0,4.0,4.0,4.0,4.0,4.0,4.0,3.0,2.0,4.0,4.0,4.0,4.0,4.0,3.0,3.0,3.0,4.0,4.0,3.0,4.0,2.0,4.0,4.0,4.0,4.0,4.0,1.0,4.0,4.0,1.5,4.0,4.0,4.0,7.0,4.0
0,拯民國小,組長 / 教師（含編制外教學人員）,4.0,2-3 年,,,,,,4,3 - 認同,3 - 認同,4 - 非常認同,4 - 非常認同,4 - 非常認同,4 - 非常認同,3 - 同意,3 - 同意,4 - 非常同意,3 - 同意,4 - 非常同意,4 - 非常同意,60~120 分鐘,3 - 同意,3 - 同意,3 - 同意,3 - 認同,4 - 非常認同,4 - 非常認同,4 - 非常認同,3 - 認同,3 - 同意,3 - 同意,4 - 非常同意,3 - 同意,3 - 同意,,,,,,,,,,,4 - 非常有幫助,4 - 非常有幫助,3 - 有幫助,3 - 有幫助,,3 - 有幫助,知道但沒有使用過,3 - 有幫助,3 - 有幫助,知道但沒有使用過,3 - 有幫助,3 - 有幫助,知道但沒有使用過,我不知道這個資源,4 - 非常有幫助,我不知道這個資源,我不知道這個資源,很少使用（6 個月內 1~2 次）,很少使用（6 個月內 1~2 次）,很少使用（6 個月內 1~2 次）,,3 - 有幫助,3 - 有幫助,1 - 完全沒有幫助,4 - 非常有幫助,知道但沒有使用過,知道但沒有使用過,知道但沒有使用過,,,,,,,,,,,,,,,,,,,4,3 - 認同,4,4,4,4,4,4,3,3,3,3,4,3,3,3,3,3,3,4,4,3,4,2,3,共同的願景，以孩子為中心。,學校各方面越來越好，期待更多不同面向的夥伴加入，創造多元聲音和想像的學校。,,,4,4,4,3,2,3,3,考慮 1 - 2 年內持續任職,4,3,幫助更多努力的夥伴們,4,8,,4,學校的組成變得多元，有更多不同的夥伴讓學校改變，變得更好。,,,改善NCDP平台，讓大家更有效率的完成,謝謝所有夥伴，謝謝仔細照顧彼此的朋友。,2026-02-04 15:54:18,1584,2001:b400:e12b:ddc9:21f8:cbcf:4e6f:d979,,,,0aa553795721750eea8a52977e139a07,,,,4.0,3.0,3.0,4.0,4.0,4.0,4.0,3.0,3.0,4.0,3.0,4.0,4.0,60.0,3.0,3.0,3.0,3.0,4.0,4.0,4.0,3.0,3.0,3.0,4.0,3.0,3.0,,,,,,,,,,4.0,4.0,3.0,3.0,3.0,0.1,3.0,3.0,0.1,3.0,3.0,0.1,0.0,4.0,0.0,0.0,2.0,2.0,2.0,3.0,3.0,1.0,4.0,0.1,0.1,0.1,,,,,,,,,,,,,,,4.0,3.0,4.0,4.0,4.0,4.0,4.0,4.0,3.0,3.0,3.0,3.0,4.0,3.0,3.0,3.0,3.0,3.0,3.0,4.0,4.0,3.0,4.0,2.0,3.0,4.0,4.0,4.0,3.0,2.0,3.0,3.0,1.5,4.0,3.0,4.0,8.0,4.0
0,樟湖生態國中小,組長 / 教師（含編制外教學人員）,2.0,5 年以上,,,,,,4,4 - 非常認同,4 - 非常認同,3 - 認同,4 - 非常認同,4 - 非常認同,4 - 非常認同,4 - 非常同意,4 - 非常同意,3 - 同意,4 - 非常同意,4 - 非常同意,4 - 非常同意,60~120 分鐘,3 - 同意,2 - 不同意,3 - 同意,3 - 認同,3 - 認同,3 - 認同,3 - 認同,我不理解這項 KIST 教學特色,3 - 同意,4 - 非常同意,4 - 非常同意,4 - 非常同意,我不理解這項 KIST 教學特色,,,,,,,,,,,3 - 有幫助,3 - 有幫助,知道但沒有使用過,3 - 有幫助,,3 - 有幫助,知道但沒有使用過,知道但沒有使用過,3 - 有幫助,3 - 有幫助,知道但沒有使用過,3 - 有幫助,知道但沒有使用過,3 - 有幫助,3 - 有幫助,知道但沒有使用過,知道但沒有使用過,偶爾使用（6 個月內 3~6 次）,從沒使用過,從沒使用過,,3 - 有幫助,知道但沒有使用過,知道但沒有使用過,4 - 非常有幫助,我不知道這個資源,知道但沒有使用過,3 - 有幫助,,,,,,,,,,,,,,,,,,,4,4 - 非常認同,4,3,4,4,4,3,3,4,3,4,4,4,4,4,1,3,4,4,4,3,4,2,3,學校給老師的專業自主性很大，並能支持教師，以及讓教師有許願並達成願望的可能性很高,資訊（訊息）流通可以更清楚明確,,,4,4,4,4,1,2,1,考慮任職 2 年以上,4,1,非主管老師，也都能夠有機會參訪Kipp學校或HTH學校,3,9,提供很多教學資源，給老師的增能研習也很豐富。,4,不論是教學或行政，學校能傾聽並願意從中調整或協調，能盡量站在當事人立場著想。,,,,,2026-02-04 15:57:16,1276,2001:b400:e26f:91fa:4019:f97e:2799:9ab8,,,,ffd665a9bb4420b68bae46620590bd25,,,,4.0,4.0,4.0,3.0,4.0,4.0,4.0,4.0,4.0,3.0,4.0,4.0,4.0,60.0,3.0,2.0,3.0,3.0,3.0,3.0,3.0,0.0,3.0,4.0,4.0,4.0,0.0,,,,,,,,,,3.0,3.0,0.1,3.0,3.0,0.1,0.1,3.0,3.0,0.1,3.0,0.1,3.0,3.0,0.1,0.1,3.0,1.0,1.0,3.0,0.1,0.1,4.0,0.0,0.1,3.0,,,,,,,,,,,,,,,4.0,4.0,4.0,3.0,4.0,4.0,4.0,3.0,3.0,4.0,3.0,4.0,4.0,4.0,4.0,4.0,1.0,3.0,4.0,4.0,4.0,3.0,4.0,2.0,3.0,4.0,4.0,4.0,4.0,1.0,2.0,1.0,2.0,4.0,1.0,3.0,9.0,4.0
0,老梅實小,組長 / 教師（含編制外教學人員）,0.0,3-5 年,,,,,,4,4 - 非常認同,4 - 非常認同,4 - 非常認同,4 - 非常認同,4 - 非常認同,4 - 非常認同,3 - 同意,4 - 非常同意,3 - 同意,3 - 同意,3 - 同意,3 - 同意,小於 30 分鐘,3 - 同意,3 - 同意,3 - 同意,4 - 非常認同,4 - 非常認同,4 - 非常認同,4 - 非常認同,4 - 非常認同,3 - 同意,3 - 同意,3 - 同意,3 - 同意,2 - 不同意,,,,,,,,,,,3 - 有幫助,3 - 有幫助,知道但沒有使用過,知道但沒有使用過,,4 - 非常有幫助,知道但沒有使用過,3 - 有幫助,3 - 有幫助,知道但沒有使用過,知道但沒有使用過,4 - 非常有幫助,4 - 非常有幫助,3 - 有幫助,知道但沒有使用過,3 - 有幫助,3 - 有幫助,偶爾使用（6 個月內 3~6 次）,很少使用（6 個月內 1~2 次）,很少使用（6 個月內 1~2 次）,,3 - 有幫助,3 - 有幫助,知道但沒有使用過,4 - 非常有幫助,知道但沒有使用過,知道但沒有使用過,2 - 沒有幫助,,,,,,,,,,,,,,,,,,,4,4 - 非常認同,3,4,4,3,4,4,2,3,3,3,2,2,2,3,3,2,2,2,3,2,2,1,3,致力於改善教育不平等，努力建立支持教師和增進學生學習的系統，且樂意把資源分享給更多老師和學校，增加影響力。,推動新事物時速度放慢，等大部分人都理解且能跟上時，再推動新事物，避免一直推成出新，但大家來不及熟悉，或認知負擔太大。,,,4,4,3,3,1,3,2,考慮 1 年內持續任職,4,4,沒有,4,8,"1.我認同聯盟的願景
2.聯盟多數的夥伴充滿熱情願意在教學上不斷精進
3.聯盟努力支持學校和教師",4,我覺得學校在推動的事情多數夥伴沒有共鳴，容易淪為完成交辦事項而已，信念不一致的話很難產生真正的打群架力量。,,考量夥伴的狀況不斷在策略上調整修正,,,2026-02-04 15:58:37,1835,2402:7500:578:c083:7582:53ad:eb58:1ed8,,,,7a41643c51dac853a23e92281d0c6b86,,,,4.0,4.0,4.0,4.0,4.0,4.0,4.0,3.0,4.0,3.0,3.0,3.0,3.0,,3.0,3.0,3.0,4.0,4.0,4.0,4.0,4.0,3.0,3.0,3.0,3.0,2.0,,,,,,,,,,3.0,3.0,0.1,0.1,4.0,0.1,3.0,3.0,0.1,0.1,4.0,4.0,3.0,0.1,3.0,3.0,3.0,2.0,2.0,3.0,3.0,0.1,4.0,0.1,0.1,2.0,,,,,,,,,,,,,,,4.0,4.0,3.0,4.0,4.0,3.0,4.0,4.0,2.0,3.0,3.0,3.0,2.0,2.0,2.0,3.0,3.0,2.0,2.0,2.0,3.0,2.0,2.0,1.0,3.0,4.0,4.0,3.0,3.0,1.0,3.0,2.0,0.5,4.0,4.0,4.0,8.0,4.0
0,老梅實小,組長 / 教師（含編制外教學人員）,16.0,2-3 年,,,,,,4,4 - 非常認同,4 - 非常認同,4 - 非常認同,4 - 非常認同,4 - 非常認同,4 - 非常認同,3 - 同意,4 - 非常同意,4 - 非常同意,4 - 非常同意,4 - 非常同意,3 - 同意,小於 30 分鐘,2 - 不同意,2 - 不同意,2 - 不同意,4 - 非常認同,4 - 非常認同,4 - 非常認同,4 - 非常認同,4 - 非常認同,3 - 同意,3 - 同意,3 - 同意,3 - 同意,3 - 同意,,,,,,,,,,,4 - 非常有幫助,4 - 非常有幫助,3 - 有幫助,3 - 有幫助,,3 - 有幫助,知道但沒有使用過,3 - 有幫助,3 - 有幫助,知道但沒有使用過,3 - 有幫助,知道但沒有使用過,知道但沒有使用過,3 - 有幫助,知道但沒有使用過,3 - 有幫助,3 - 有幫助,經常使用（6 個月內 7 次以上）,很少使用（6 個月內 1~2 次）,很少使用（6 個月內 1~2 次）,,知道但沒有使用過,3 - 有幫助,知道但沒有使用過,知道但沒有使用過,知道但沒有使用過,知道但沒有使用過,知道但沒有使用過,,,,,,,,,,,,,,,,,,,4,我的學校未清楚溝通願景與目標,3,4,4,4,3,3,2,2,2,3,3,2,2,2,2,2,2,2,3,2,2,3,3,用愛心說真話,健康第一,,,4,4,4,3,3,3,3,考慮 1 - 2 年內持續任職,3,3,莫忘初衷，繼續朝慈慧與教育專業兼具的老師人設邁進。,4,10,熱情、創新與專業。,4,教育思維,,支持系統,,,2026-02-04 15:59:22,1753,61.216.26.170,,,,dcec7ac6c0c1f27b044b6c607beeb9e7,,,,4.0,4.0,4.0,4.0,4.0,4.0,4.0,3.0,4.0,4.0,4.0,4.0,3.0,,2.0,2.0,2.0,4.0,4.0,4.0,4.0,4.0,3.0,3.0,3.0,3.0,3.0,,,,,,,,,,4.0,4.0,3.0,3.0,3.0,0.1,3.0,3.0,0.1,3.0,0.1,0.1,3.0,0.1,3.0,3.0,4.0,2.0,2.0,0.1,3.0,0.1,0.1,0.1,0.1,0.1,,,,,,,,,,,,,,,4.0,,3.0,4.0,4.0,4.0,3.0,3.0,2.0,2.0,2.0,3.0,3.0,2.0,2.0,2.0,2.0,2.0,2.0,2.0,3.0,2.0,2.0,3.0,3.0,4.0,4.0,4.0,3.0,3.0,3.0,3.0,1.5,3.0,3.0,4.0,10.0,4.0
0,內甕國小,組長 / 教師（含編制外教學人員）,2.0,3-5 年,,,,,,4,3 - 認同,3 - 認同,4 - 非常認同,4 - 非常認同,4 - 非常認同,4 - 非常認同,3 - 同意,3 - 同意,4 - 非常同意,3 - 同意,4 - 非常同意,3 - 同意,小於 30 分鐘,4 - 非常同意,4 - 非常同意,3 - 同意,4 - 非常認同,4 - 非常認同,4 - 非常認同,4 - 非常認同,3 - 認同,3 - 同意,4 - 非常同意,4 - 非常同意,4 - 非常同意,3 - 同意,,,,,,,,,,,3 - 有幫助,3 - 有幫助,3 - 有幫助,3 - 有幫助,,3 - 有幫助,4 - 非常有幫助,3 - 有幫助,知道但沒有使用過,3 - 有幫助,知道但沒有使用過,知道但沒有使用過,3 - 有幫助,3 - 有幫助,4 - 非常有幫助,4 - 非常有幫助,知道但沒有使用過,從沒使用過,很少使用（6 個月內 1~2 次）,從沒使用過,,3 - 有幫助,我不知道這個資源,3 - 有幫助,知道但沒有使用過,我不知道這個資源,知道但沒有使用過,3 - 有幫助,,,,,,,,,,,,,,,,,,,3,3 - 認同,3,4,4,4,4,4,4,4,4,4,4,3,3,3,4,3,3,2,2,2,3,1,3,資源共享、目標明確,無,,,4,4,3,4,3,3,3,考慮任職 2 年以上,4,1,持續增能SEL及PBL課程設計,3,8,,3,,,,,,2026-02-04 16:05:15,511,2001:b400:e70a:5a9a:9d70:92a8:2695:62c8,,,,568f90d7eeb39711adc4aa834ff1e356,,,,4.0,3.0,3.0,4.0,4.0,4.0,4.0,3.0,3.0,4.0,3.0,4.0,3.0,,4.0,4.0,3.0,4.0,4.0,4.0,4.0,3.0,3.0,4.0,4.0,4.0,3.0,,,,,,,,,,3.0,3.0,3.0,3.0,3.0,4.0,3.0,0.1,3.0,0.1,0.1,3.0,3.0,4.0,4.0,0.1,1.0,2.0,1.0,3.0,0.0,3.0,0.1,0.0,0.1,3.0,,,,,,,,,,,,,,,3.0,3.0,3.0,4.0,4.0,4.0,4.0,4.0,4.0,4.0,4.0,4.0,4.0,3.0,3.0,3.0,4.0,3.0,3.0,2.0,2.0,2.0,3.0,1.0,3.0,4.0,4.0,3.0,4.0,3.0,3.0,3.0,2.0,4.0,1.0,3.0,8.0,3.0
0,坪林實中,組長 / 教師（含編制外教學人員）,6.0,2-3 年,,,,,,4,4 - 非常認同,4 - 非常認同,4 - 非常認同,4 - 非常認同,4 - 非常認同,4 - 非常認同,4 - 非常同意,4 - 非常同意,4 - 非常同意,4 - 非常同意,4 - 非常同意,4 - 非常同意,30~60 分鐘,3 - 同意,3 - 同意,3 - 同意,4 - 非常認同,4 - 非常認同,4 - 非常認同,4 - 非常認同,4 - 非常認同,3 - 同意,3 - 同意,3 - 同意,4 - 非常同意,3 - 同意,,,,,,,,,,,4 - 非常有幫助,4 - 非常有幫助,3 - 有幫助,3 - 有幫助,,4 - 非常有幫助,知道但沒有使用過,4 - 非常有幫助,3 - 有幫助,3 - 有幫助,3 - 有幫助,3 - 有幫助,4 - 非常有幫助,4 - 非常有幫助,2 - 沒有幫助,知道但沒有使用過,知道但沒有使用過,偶爾使用（6 個月內 3~6 次）,偶爾使用（6 個月內 3~6 次）,偶爾使用（6 個月內 3~6 次）,,3 - 有幫助,3 - 有幫助,知道但沒有使用過,4 - 非常有幫助,知道但沒有使用過,知道但沒有使用過,知道但沒有使用過,,,,,,,,,,,,,,,,,,,4,4 - 非常認同,2,3,4,4,4,4,1,2,2,3,3,2,3,3,2,3,3,2,1,1,2,1,1,很多學習和成長的機會、環境友善,更多參訪的機會,,,4,4,3,4,1,1,1,不考慮持續任職,4,3,有機會會想繼續當導師,4,10,對老師友善，而且有很多學習成長的機會,3,,,期待聯盟持續提供老師最新的教育趨勢和方法,增加行政能力,,2026-02-04 16:07:33,2378,111.71.9.193,,,,e044dc20b7ac1dd9da99b2eea8d5fd79,,,,4.0,4.0,4.0,4.0,4.0,4.0,4.0,4.0,4.0,4.0,4.0,4.0,4.0,30.0,3.0,3.0,3.0,4.0,4.0,4.0,4.0,4.0,3.0,3.0,3.0,4.0,3.0,,,,,,,,,,4.0,4.0,3.0,3.0,4.0,0.1,4.0,3.0,3.0,3.0,3.0,4.0,4.0,2.0,0.1,0.1,3.0,3.0,3.0,3.0,3.0,0.1,4.0,0.1,0.1,0.1,,,,,,,,,,,,,,,4.0,4.0,2.0,3.0,4.0,4.0,4.0,4.0,1.0,2.0,2.0,3.0,3.0,2.0,3.0,3.0,2.0,3.0,3.0,2.0,1.0,1.0,2.0,1.0,1.0,4.0,4.0,3.0,4.0,1.0,1.0,1.0,0.0,4.0,3.0,4.0,10.0,3.0
0,仙草實小,組長 / 教師（含編制外教學人員）,0.0,2-3 年,,,,,,4,4 - 非常認同,4 - 非常認同,4 - 非常認同,4 - 非常認同,4 - 非常認同,4 - 非常認同,4 - 非常同意,4 - 非常同意,4 - 非常同意,4 - 非常同意,4 - 非常同意,4 - 非常同意,30~60 分鐘,3 - 同意,3 - 同意,3 - 同意,4 - 非常認同,4 - 非常認同,4 - 非常認同,3 - 認同,3 - 認同,4 - 非常同意,4 - 非常同意,4 - 非常同意,4 - 非常同意,3 - 同意,,,,,,,,,,,3 - 有幫助,3 - 有幫助,3 - 有幫助,3 - 有幫助,,3 - 有幫助,4 - 非常有幫助,知道但沒有使用過,3 - 有幫助,4 - 非常有幫助,3 - 有幫助,3 - 有幫助,知道但沒有使用過,知道但沒有使用過,知道但沒有使用過,知道但沒有使用過,知道但沒有使用過,經常使用（6 個月內 7 次以上）,很少使用（6 個月內 1~2 次）,很少使用（6 個月內 1~2 次）,,3 - 有幫助,2 - 沒有幫助,3 - 有幫助,知道但沒有使用過,我不知道這個資源,知道但沒有使用過,知道但沒有使用過,,,,,,,,,,,,,,,,,,,3,3 - 認同,4,4,4,4,4,4,3,3,4,4,4,3,3,4,4,4,4,3,3,3,4,1,3,肯為學生思考怎麼讓他們擁有更優質的教育。,可以把想發展的項目減少，但更深入的發展。,,,4,4,4,3,3,3,2,考慮 1 - 2 年內持續任職,3,1,希望自己可以增進更多的專業知能。,3,7,認同KIST的核心價值，不過認為部分發展方向可以再做調整。,3,,,,,,2026-02-04 16:13:42,904,42.78.197.184,,,,3b3536aa89dbd75ab81da0b8d60b964f,,,,4.0,4.0,4.0,4.0,4.0,4.0,4.0,4.0,4.0,4.0,4.0,4.0,4.0,30.0,3.0,3.0,3.0,4.0,4.0,4.0,3.0,3.0,4.0,4.0,4.0,4.0,3.0,,,,,,,,,,3.0,3.0,3.0,3.0,3.0,4.0,0.1,3.0,4.0,3.0,3.0,0.1,0.1,0.1,0.1,0.1,4.0,2.0,2.0,3.0,2.0,3.0,0.1,0.0,0.1,0.1,,,,,,,,,,,,,,,3.0,3.0,4.0,4.0,4.0,4.0,4.0,4.0,3.0,3.0,4.0,4.0,4.0,3.0,3.0,4.0,4.0,4.0,4.0,3.0,3.0,3.0,4.0,1.0,3.0,4.0,4.0,4.0,3.0,3.0,3.0,2.0,1.5,3.0,1.0,3.0,7.0,3.0
0,仙草實小,組長 / 教師（含編制外教學人員）,2.0,2-3 年,,,,,,4,4 - 非常認同,4 - 非常認同,4 - 非常認同,4 - 非常認同,4 - 非常認同,4 - 非常認同,4 - 非常同意,4 - 非常同意,4 - 非常同意,4 - 非常同意,4 - 非常同意,4 - 非常同意,120 分鐘以上,4 - 非常同意,4 - 非常同意,4 - 非常同意,4 - 非常認同,4 - 非常認同,4 - 非常認同,4 - 非常認同,4 - 非常認同,4 - 非常同意,4 - 非常同意,4 - 非常同意,4 - 非常同意,4 - 非常同意,,,,,,,,,,,3 - 有幫助,3 - 有幫助,知道但沒有使用過,3 - 有幫助,無,4 - 非常有幫助,知道但沒有使用過,知道但沒有使用過,2 - 沒有幫助,4 - 非常有幫助,知道但沒有使用過,知道但沒有使用過,知道但沒有使用過,3 - 有幫助,知道但沒有使用過,知道但沒有使用過,知道但沒有使用過,經常使用（6 個月內 7 次以上）,很少使用（6 個月內 1~2 次）,很少使用（6 個月內 1~2 次）,,4 - 非常有幫助,知道但沒有使用過,4 - 非常有幫助,4 - 非常有幫助,4 - 非常有幫助,4 - 非常有幫助,知道但沒有使用過,,,,,,,,,,,,,,,,,,,3,4 - 非常認同,4,4,4,4,4,4,4,2,4,4,4,4,4,4,4,3,4,3,4,4,4,1,4,遇到很棒的同儕,對老師可以要求更高一點,,,4,4,4,4,1,1,2,考慮任職 2 年以上,3,1,繼續當健健康康的老師,4,6,,3,,AI課程更加精實,留住人才（劉芝均）,趕走怪人,可以多一點排球比賽,2026-02-04 16:14:01,853,223.137.22.141,,,,1dfec029cb8f627af2ca1ca402a9c3bb,,,,4.0,4.0,4.0,4.0,4.0,4.0,4.0,4.0,4.0,4.0,4.0,4.0,4.0,,4.0,4.0,4.0,4.0,4.0,4.0,4.0,4.0,4.0,4.0,4.0,4.0,4.0,,,,,,,,,,3.0,3.0,0.1,3.0,4.0,0.1,0.1,2.0,4.0,0.1,0.1,0.1,3.0,0.1,0.1,0.1,4.0,2.0,2.0,4.0,0.1,4.0,4.0,4.0,4.0,0.1,,,,,,,,,,,,,,,3.0,4.0,4.0,4.0,4.0,4.0,4.0,4.0,4.0,2.0,4.0,4.0,4.0,4.0,4.0,4.0,4.0,3.0,4.0,3.0,4.0,4.0,4.0,1.0,4.0,4.0,4.0,4.0,4.0,1.0,1.0,2.0,2.0,3.0,1.0,4.0,6.0,3.0
0,坪林實中,"組長 / 教師（含編制外教學人員）
聯盟教練 / 教召",0.0,3-5 年,,,,,,4,3 - 認同,3 - 認同,4 - 非常認同,3 - 認同,4 - 非常認同,4 - 非常認同,3 - 同意,4 - 非常同意,4 - 非常同意,3 - 同意,4 - 非常同意,3 - 同意,小於 30 分鐘,3 - 同意,3 - 同意,3 - 同意,3 - 認同,4 - 非常認同,3 - 認同,4 - 非常認同,3 - 認同,3 - 同意,3 - 同意,3 - 同意,4 - 非常同意,3 - 同意,,,,,,,,,,,3 - 有幫助,3 - 有幫助,3 - 有幫助,4 - 非常有幫助,,知道但沒有使用過,知道但沒有使用過,3 - 有幫助,2 - 沒有幫助,知道但沒有使用過,知道但沒有使用過,我不知道這個資源,知道但沒有使用過,知道但沒有使用過,知道但沒有使用過,3 - 有幫助,知道但沒有使用過,很少使用（6 個月內 1~2 次）,偶爾使用（6 個月內 3~6 次）,很少使用（6 個月內 1~2 次）,,3 - 有幫助,2 - 沒有幫助,4 - 非常有幫助,4 - 非常有幫助,4 - 非常有幫助,知道但沒有使用過,4 - 非常有幫助,,,,,,,,,,,,3 - 有幫助,3 - 有幫助,3 - 有幫助,4 - 非常有幫助,知道但沒有使用過,3 - 有幫助,,3,3 - 認同,3,4,4,3,3,3,3,3,3,3,3,3,3,3,4,2,2,3,1,2,3,2,3,夥伴之間彼此能團隊合作,希望領導人能練習減法原則，讓學校更能集中要事第一，而非每一個都想要。,,,4,4,4,3,2,4,4,考慮 1 - 2 年內持續任職,2,3,希望黑客松的想法能落地開發,4,8,擔任講師會有成就感,4,團隊與合作更緊密,更針對老師的個別化學習,提供學科共備經費,學校聚焦一個方向，SEL/PBL/品格,謝謝後台每次依據回饋的調整，可以感受到後台的用心,2026-02-04 16:15:30,2859,49.216.186.41,,,,b634849aeb06b149542e4829342034ee,,,,4.0,3.0,3.0,4.0,3.0,4.0,4.0,3.0,4.0,4.0,3.0,4.0,3.0,,3.0,3.0,3.0,3.0,4.0,3.0,4.0,3.0,3.0,3.0,3.0,4.0,3.0,,,,,,,,,,3.0,3.0,3.0,4.0,0.1,0.1,3.0,2.0,0.1,0.1,0.0,0.1,0.1,0.1,3.0,0.1,2.0,3.0,2.0,3.0,2.0,4.0,4.0,4.0,0.1,4.0,,,,,,,,,3.0,3.0,3.0,4.0,0.1,3.0,3.0,3.0,3.0,4.0,4.0,3.0,3.0,3.0,3.0,3.0,3.0,3.0,3.0,3.0,3.0,3.0,4.0,2.0,2.0,3.0,1.0,2.0,3.0,2.0,3.0,4.0,4.0,4.0,3.0,2.0,4.0,4.0,1.5,2.0,3.0,4.0,8.0,4.0
0,坪林實中,校長 / 主任,10.0,5 年以上,,,,,,4,4 - 非常認同,3 - 認同,4 - 非常認同,4 - 非常認同,4 - 非常認同,4 - 非常認同,4 - 非常同意,4 - 非常同意,4 - 非常同意,3 - 同意,4 - 非常同意,2 - 不同意,小於 30 分鐘,3 - 同意,2 - 不同意,1 - 非常不同意,4 - 非常認同,3 - 認同,3 - 認同,4 - 非常認同,3 - 認同,3 - 同意,4 - 非常同意,3 - 同意,3 - 同意,3 - 同意,,,,,,,,,,,4 - 非常有幫助,4 - 非常有幫助,4 - 非常有幫助,知道但沒有使用過,,3 - 有幫助,4 - 非常有幫助,3 - 有幫助,2 - 沒有幫助,知道但沒有使用過,3 - 有幫助,3 - 有幫助,4 - 非常有幫助,3 - 有幫助,知道但沒有使用過,3 - 有幫助,3 - 有幫助,很少使用（6 個月內 1~2 次）,很少使用（6 個月內 1~2 次）,很少使用（6 個月內 1~2 次）,,4 - 非常有幫助,2 - 沒有幫助,3 - 有幫助,3 - 有幫助,2 - 沒有幫助,知道但沒有使用過,2 - 沒有幫助,,3 - 有幫助,知道但沒有使用過,3 - 有幫助,3 - 有幫助,3 - 有幫助,,,,,,,,,,,,,4,4 - 非常認同,3,4,4,4,4,4,4,3,3,3,4,3,3,3,4,3,2,3,3,3,3,4,3,打群架、有很多凝聚感情的機會,暫無,,,3,3,3,3,3,3,3,考慮 1 年內持續任職,3,4,暫無,4,8,,4,,,,,,2026-02-04 16:24:15,2907,101.10.216.251,,,,5dec8b787ea9528c184ba68202f2b44b,,,,4.0,4.0,3.0,4.0,4.0,4.0,4.0,4.0,4.0,4.0,3.0,4.0,2.0,,3.0,2.0,1.0,4.0,3.0,3.0,4.0,3.0,3.0,4.0,3.0,3.0,3.0,,,,,,,,,,4.0,4.0,4.0,0.1,3.0,4.0,3.0,2.0,0.1,3.0,3.0,4.0,3.0,0.1,3.0,3.0,2.0,2.0,2.0,4.0,2.0,3.0,3.0,2.0,0.1,2.0,3.0,0.1,3.0,3.0,3.0,,,,,,,,,,4.0,4.0,3.0,4.0,4.0,4.0,4.0,4.0,4.0,3.0,3.0,3.0,4.0,3.0,3.0,3.0,4.0,3.0,2.0,3.0,3.0,3.0,3.0,4.0,3.0,3.0,3.0,3.0,3.0,3.0,3.0,3.0,0.5,3.0,4.0,4.0,8.0,4.0
0,內甕國小,"校長 / 主任
校內教練 / 教召",1.5,3-5 年,,,,,,4,4 - 非常認同,4 - 非常認同,4 - 非常認同,4 - 非常認同,4 - 非常認同,4 - 非常認同,3 - 同意,3 - 同意,3 - 同意,3 - 同意,2 - 不同意,3 - 同意,30~60 分鐘,4 - 非常同意,4 - 非常同意,4 - 非常同意,3 - 認同,3 - 認同,3 - 認同,3 - 認同,3 - 認同,3 - 同意,3 - 同意,3 - 同意,4 - 非常同意,3 - 同意,,,,,,,,,,,3 - 有幫助,3 - 有幫助,3 - 有幫助,2 - 沒有幫助,,知道但沒有使用過,3 - 有幫助,知道但沒有使用過,2 - 沒有幫助,知道但沒有使用過,知道但沒有使用過,知道但沒有使用過,知道但沒有使用過,3 - 有幫助,知道但沒有使用過,2 - 沒有幫助,3 - 有幫助,很少使用（6 個月內 1~2 次）,從沒使用過,從沒使用過,,1 - 完全沒有幫助,1 - 完全沒有幫助,我不知道這個資源,我不知道這個資源,知道但沒有使用過,知道但沒有使用過,2 - 沒有幫助,,3 - 有幫助,我不知道這個資源,知道但沒有使用過,3 - 有幫助,3 - 有幫助,,,,,,2 - 沒有幫助,我不知道有這個資源,我不知道有這個資源,知道但沒有使用過,知道但沒有使用過,我不知道有這個資源,,4,學校有溝通，但我不太理解,3,4,4,4,4,4,4,3,4,4,2,3,4,3,4,4,4,2,3,3,3,1,2,學校文化,對於其他樣貌（不走上台閃閃發光型）的夥伴能多一些看見,,,4,4,2,3,4,3,1,考慮任職 2 年以上,4,1,無,3,8,,3,,,,,謝謝😊,2026-02-04 16:24:51,884,39.15.56.191,,,,77fa0094b35127f8e22c8b3289fdc735,,,,4.0,4.0,4.0,4.0,4.0,4.0,4.0,3.0,3.0,3.0,3.0,2.0,3.0,30.0,4.0,4.0,4.0,3.0,3.0,3.0,3.0,3.0,3.0,3.0,3.0,4.0,3.0,,,,,,,,,,3.0,3.0,3.0,2.0,0.1,3.0,0.1,2.0,0.1,0.1,0.1,0.1,3.0,0.1,2.0,3.0,2.0,1.0,1.0,1.0,1.0,0.0,0.0,0.1,0.1,2.0,3.0,0.0,0.1,3.0,3.0,,,,2.0,0.0,0.0,0.1,0.1,0.0,4.0,,3.0,4.0,4.0,4.0,4.0,4.0,4.0,3.0,4.0,4.0,2.0,3.0,4.0,3.0,4.0,4.0,4.0,2.0,3.0,3.0,3.0,1.0,2.0,4.0,4.0,2.0,3.0,4.0,3.0,1.0,2.0,4.0,1.0,3.0,8.0,3.0
0,樟湖生態國中小,校內教練 / 教召,14.0,5 年以上,,,,,,4,4 - 非常認同,4 - 非常認同,4 - 非常認同,4 - 非常認同,4 - 非常認同,4 - 非常認同,4 - 非常同意,4 - 非常同意,4 - 非常同意,4 - 非常同意,4 - 非常同意,4 - 非常同意,120 分鐘以上,3 - 同意,4 - 非常同意,4 - 非常同意,4 - 非常認同,4 - 非常認同,4 - 非常認同,4 - 非常認同,4 - 非常認同,4 - 非常同意,4 - 非常同意,4 - 非常同意,4 - 非常同意,4 - 非常同意,,,,,,,,,,,4 - 非常有幫助,4 - 非常有幫助,4 - 非常有幫助,4 - 非常有幫助,,4 - 非常有幫助,4 - 非常有幫助,4 - 非常有幫助,4 - 非常有幫助,4 - 非常有幫助,4 - 非常有幫助,4 - 非常有幫助,4 - 非常有幫助,4 - 非常有幫助,4 - 非常有幫助,4 - 非常有幫助,4 - 非常有幫助,經常使用（6 個月內 7 次以上）,經常使用（6 個月內 7 次以上）,經常使用（6 個月內 7 次以上）,,4 - 非常有幫助,4 - 非常有幫助,4 - 非常有幫助,4 - 非常有幫助,4 - 非常有幫助,4 - 非常有幫助,4 - 非常有幫助,,,,,,,,,,,,4 - 非常有幫助,4 - 非常有幫助,4 - 非常有幫助,4 - 非常有幫助,4 - 非常有幫助,4 - 非常有幫助,,4,4 - 非常認同,4,4,4,4,4,4,4,4,4,4,4,4,4,4,4,4,4,4,4,4,4,4,4,成長性思維，且提供老師成長動能，運用於教學現場，給學生獲得實質幫助,更加落實當事人原則，可以跟當事人確認，用愛心說真話！,,,4,4,4,4,1,3,4,考慮 1 年內持續任職,4,4,慢慢交棒給下一代年輕人，將經驗傳承，且有新的火花出現。,4,10,,4,讚！,讚！,,,,2026-02-04 16:37:56,4081,223.137.128.11,,,,85ba647a20aa8d49ff323f7fd2d15d73,,,,4.0,4.0,4.0,4.0,4.0,4.0,4.0,4.0,4.0,4.0,4.0,4.0,4.0,,3.0,4.0,4.0,4.0,4.0,4.0,4.0,4.0,4.0,4.0,4.0,4.0,4.0,,,,,,,,,,4.0,4.0,4.0,4.0,4.0,4.0,4.0,4.0,4.0,4.0,4.0,4.0,4.0,4.0,4.0,4.0,4.0,4.0,4.0,4.0,4.0,4.0,4.0,4.0,4.0,4.0,,,,,,,,,4.0,4.0,4.0,4.0,4.0,4.0,4.0,4.0,4.0,4.0,4.0,4.0,4.0,4.0,4.0,4.0,4.0,4.0,4.0,4.0,4.0,4.0,4.0,4.0,4.0,4.0,4.0,4.0,4.0,4.0,4.0,4.0,4.0,4.0,4.0,1.0,3.0,4.0,0.5,4.0,4.0,4.0,10.0,4.0
0,富田國小,組長 / 教師（含編制外教學人員）,0.0,1 年以下,認同 KIST 的理念,,,"1. 友好組織分享（TFT、均一、政大實驗教育中心...）
2. 誠致官方網站",,4,3 - 認同,3 - 認同,3 - 認同,3 - 認同,3 - 認同,3 - 認同,3 - 同意,3 - 同意,3 - 同意,3 - 同意,3 - 同意,3 - 同意,小於 30 分鐘,3 - 同意,2 - 不同意,3 - 同意,3 - 認同,3 - 認同,3 - 認同,3 - 認同,2 - 不認同,3 - 同意,3 - 同意,3 - 同意,3 - 同意,3 - 同意,3 - 有幫助,4 - 非常有幫助,2 - 沒有幫助,3 - 有幫助,我不知道這個資源,很少使用（6 個月內 1~2 次）,很少使用（6 個月內 1~2 次）,很少使用（6 個月內 1~2 次）,從沒使用過,,2 - 沒有幫助,3 - 有幫助,2 - 沒有幫助,3 - 有幫助,,我不知道這個資源,知道但沒有使用過,3 - 有幫助,知道但沒有使用過,知道但沒有使用過,我不知道這個資源,3 - 有幫助,我不知道這個資源,知道但沒有使用過,我不知道這個資源,我不知道這個資源,我不知道這個資源,很少使用（6 個月內 1~2 次）,偶爾使用（6 個月內 3~6 次）,從沒使用過,,3 - 有幫助,我不知道這個資源,我不知道這個資源,我不知道這個資源,我不知道這個資源,我不知道這個資源,知道但沒有使用過,,,,,,,,,,,,,,,,,,,3,4 - 非常認同,4,4,3,3,3,3,3,4,4,4,4,3,4,4,3,4,4,4,3,3,3,1,3,校內夥伴打群架的支持,目前無,,,4,4,3,3,1,1,1,考慮 1 - 2 年內持續任職,3,1,持續在教育現場,4,7,,3,用愛心說真話對待孩子的用心,,持續交流,無,,2026-02-04 16:46:21,1825,223.137.47.239,,,,cb71bec8f04f5308cfdd0d1b919d703e,,,,4.0,3.0,3.0,3.0,3.0,3.0,3.0,3.0,3.0,3.0,3.0,3.0,3.0,,3.0,2.0,3.0,3.0,3.0,3.0,3.0,2.0,3.0,3.0,3.0,3.0,3.0,3.0,4.0,2.0,3.0,0.0,2.0,2.0,2.0,1.0,2.0,3.0,2.0,3.0,0.0,0.1,3.0,0.1,0.1,0.0,3.0,0.0,0.1,0.0,0.0,0.0,2.0,3.0,1.0,3.0,0.0,0.0,0.0,0.0,0.0,0.1,,,,,,,,,,,,,,,3.0,4.0,4.0,4.0,3.0,3.0,3.0,3.0,3.0,4.0,4.0,4.0,4.0,3.0,4.0,4.0,3.0,4.0,4.0,4.0,3.0,3.0,3.0,1.0,3.0,4.0,4.0,3.0,3.0,1.0,1.0,1.0,1.5,3.0,1.0,4.0,7.0,3.0
0,宜梧國中,校長 / 主任,23.0,1 年以下,"認同 KIST 的理念
想要投入「偏鄉」教育
想要投入「實驗」教育",,,1. KIST 夥伴介紹,,4,4 - 非常認同,4 - 非常認同,4 - 非常認同,4 - 非常認同,4 - 非常認同,4 - 非常認同,3 - 同意,3 - 同意,3 - 同意,3 - 同意,3 - 同意,3 - 同意,120 分鐘以上,3 - 同意,3 - 同意,3 - 同意,4 - 非常認同,4 - 非常認同,4 - 非常認同,4 - 非常認同,4 - 非常認同,3 - 同意,3 - 同意,3 - 同意,3 - 同意,3 - 同意,4 - 非常有幫助,知道但沒有使用過,3 - 有幫助,3 - 有幫助,3 - 有幫助,從沒使用過,很少使用（6 個月內 1~2 次）,很少使用（6 個月內 1~2 次）,很少使用（6 個月內 1~2 次）,,4 - 非常有幫助,4 - 非常有幫助,知道但沒有使用過,3 - 有幫助,,知道但沒有使用過,4 - 非常有幫助,3 - 有幫助,知道但沒有使用過,知道但沒有使用過,3 - 有幫助,知道但沒有使用過,知道但沒有使用過,知道但沒有使用過,知道但沒有使用過,知道但沒有使用過,知道但沒有使用過,從沒使用過,偶爾使用（6 個月內 3~6 次）,很少使用（6 個月內 1~2 次）,,4 - 非常有幫助,3 - 有幫助,知道但沒有使用過,知道但沒有使用過,知道但沒有使用過,知道但沒有使用過,知道但沒有使用過,,4 - 非常有幫助,4 - 非常有幫助,4 - 非常有幫助,4 - 非常有幫助,4 - 非常有幫助,,4 - 非常有幫助,4 - 非常有幫助,4 - 非常有幫助,,,,,,,,,4,4 - 非常認同,4,4,4,4,4,4,4,4,4,4,4,4,4,4,4,4,3,4,3,3,4,1,3,不斷成長、重視師生的一切！,目前沒有,夥伴團隊協作、目標一致，不斷地學習成長,目前沒有,4,4,4,4,4,4,3,考慮任職 2 年以上,4,3,保持成長心態，不斷學習精進！把一切照顧好！,4,10,被支持、被照顧、能好好照顧每一個孩子！,4,學校同仁團結一致、願意學習跟嘗試！,組織架構運作更完善,提醒夥伴注意身心健康,如何優化簡化很多訊息的傳遞,謝謝辛苦、強大優質的後台！,2026-02-04 17:30:49,933,2001:b400:e2d3:f56f:59d:2156:449a:23d4,,,,23d32bfacd8d29b51da39f45074ba064,,,,4.0,4.0,4.0,4.0,4.0,4.0,4.0,3.0,3.0,3.0,3.0,3.0,3.0,,3.0,3.0,3.0,4.0,4.0,4.0,4.0,4.0,3.0,3.0,3.0,3.0,3.0,4.0,0.1,3.0,3.0,3.0,1.0,2.0,2.0,2.0,4.0,4.0,0.1,3.0,0.1,4.0,3.0,0.1,0.1,3.0,0.1,0.1,0.1,0.1,0.1,0.1,1.0,3.0,2.0,4.0,3.0,0.1,0.1,0.1,0.1,0.1,4.0,4.0,4.0,4.0,4.0,4.0,4.0,4.0,,,,,,,4.0,4.0,4.0,4.0,4.0,4.0,4.0,4.0,4.0,4.0,4.0,4.0,4.0,4.0,4.0,4.0,4.0,4.0,3.0,4.0,3.0,3.0,4.0,1.0,3.0,4.0,4.0,4.0,4.0,4.0,4.0,3.0,2.0,4.0,3.0,4.0,10.0,4.0
0,三民國小,校長 / 主任,1.0,5 年以上,,,,,,4,4 - 非常認同,4 - 非常認同,4 - 非常認同,4 - 非常認同,4 - 非常認同,4 - 非常認同,4 - 非常同意,4 - 非常同意,4 - 非常同意,4 - 非常同意,3 - 同意,3 - 同意,小於 30 分鐘,3 - 同意,3 - 同意,3 - 同意,3 - 認同,4 - 非常認同,4 - 非常認同,3 - 認同,3 - 認同,4 - 非常同意,4 - 非常同意,4 - 非常同意,3 - 同意,3 - 同意,,,,,,,,,,,3 - 有幫助,3 - 有幫助,4 - 非常有幫助,3 - 有幫助,,4 - 非常有幫助,3 - 有幫助,知道但沒有使用過,3 - 有幫助,知道但沒有使用過,知道但沒有使用過,知道但沒有使用過,知道但沒有使用過,我不知道這個資源,3 - 有幫助,3 - 有幫助,知道但沒有使用過,經常使用（6 個月內 7 次以上）,很少使用（6 個月內 1~2 次）,很少使用（6 個月內 1~2 次）,,3 - 有幫助,3 - 有幫助,3 - 有幫助,3 - 有幫助,3 - 有幫助,3 - 有幫助,3 - 有幫助,,3 - 有幫助,3 - 有幫助,3 - 有幫助,3 - 有幫助,我不知道這個資源,,,,,,,,,,,,,4,3 - 認同,3,4,4,4,3,3,3,2,4,4,4,4,4,4,4,4,4,3,3,3,4,1,3,喜歡大家一起合作的感覺,覺得事情很多，但又不知道如何調整,,,4,4,4,3,3,4,4,考慮任職 2 年以上,4,3,目前還沒有更多的想法,4,8,,4,,,,恩….好像什麼事都很重要,謝謝後台的協助 任何事！感恩有您們❤️❤️❤️,2026-02-04 17:46:31,676,2001:b400:e3f2:80d4:e05b:f174:ce9a:6303,,,,e26ac3dce28391c4d86481f7985ed137,,,,4.0,4.0,4.0,4.0,4.0,4.0,4.0,4.0,4.0,4.0,4.0,3.0,3.0,,3.0,3.0,3.0,3.0,4.0,4.0,3.0,3.0,4.0,4.0,4.0,3.0,3.0,,,,,,,,,,3.0,3.0,4.0,3.0,4.0,3.0,0.1,3.0,0.1,0.1,0.1,0.1,0.0,3.0,3.0,0.1,4.0,2.0,2.0,3.0,3.0,3.0,3.0,3.0,3.0,3.0,3.0,3.0,3.0,3.0,0.0,,,,,,,,,,4.0,3.0,3.0,4.0,4.0,4.0,3.0,3.0,3.0,2.0,4.0,4.0,4.0,4.0,4.0,4.0,4.0,4.0,4.0,3.0,3.0,3.0,4.0,1.0,3.0,4.0,4.0,4.0,3.0,3.0,4.0,4.0,2.0,4.0,3.0,4.0,8.0,4.0
0,宜梧國中,校內教練 / 教召,6.0,1 年以下,"認同 KIST 的理念
想要投入「實驗」教育
轉型前便服務於這所學校",,,"1. KIST 線上活動 / 工作坊
2. 參訪 KIST 學校
3. KIST 夥伴介紹",,3,4 - 非常認同,4 - 非常認同,4 - 非常認同,4 - 非常認同,4 - 非常認同,4 - 非常認同,4 - 非常同意,4 - 非常同意,4 - 非常同意,3 - 同意,3 - 同意,3 - 同意,30~60 分鐘,4 - 非常同意,4 - 非常同意,4 - 非常同意,4 - 非常認同,4 - 非常認同,3 - 認同,3 - 認同,3 - 認同,3 - 同意,3 - 同意,3 - 同意,3 - 同意,3 - 同意,4 - 非常有幫助,4 - 非常有幫助,4 - 非常有幫助,4 - 非常有幫助,3 - 有幫助,偶爾使用（6 個月內 3~6 次）,很少使用（6 個月內 1~2 次）,偶爾使用（6 個月內 3~6 次）,偶爾使用（6 個月內 3~6 次）,,3 - 有幫助,4 - 非常有幫助,4 - 非常有幫助,4 - 非常有幫助,,知道但沒有使用過,知道但沒有使用過,3 - 有幫助,3 - 有幫助,4 - 非常有幫助,3 - 有幫助,3 - 有幫助,3 - 有幫助,3 - 有幫助,3 - 有幫助,3 - 有幫助,3 - 有幫助,偶爾使用（6 個月內 3~6 次）,偶爾使用（6 個月內 3~6 次）,偶爾使用（6 個月內 3~6 次）,,4 - 非常有幫助,4 - 非常有幫助,知道但沒有使用過,知道但沒有使用過,知道但沒有使用過,知道但沒有使用過,知道但沒有使用過,,,,,,,,知道但沒有使用過,知道但沒有使用過,知道但沒有使用過,,3 - 有幫助,知道但沒有使用過,知道但沒有使用過,知道但沒有使用過,知道但沒有使用過,知道但沒有使用過,,4,3 - 認同,3,4,4,4,4,3,3,3,4,3,4,4,3,4,4,3,3,3,3,3,3,1,4,教學方式,現況很好,"更生動
更互動",無,4,4,3,2,3,4,3,考慮任職 2 年以上,4,4,目前非常好,3,8,很棒的團隊,4,學校風評被地區認同,持續進步與學生的互動增加,"以學生為第一
而不是以老師的願望為第一","必須知道學生的資質與未來
而不是以老師的願望去附加教學給學生","教育是以學生為主
不是以升學課業為主
培養一個成功的技術員
比培養一個5A的學生更令人驕傲",2026-02-04 17:48:57,1524,118.170.189.169,,,,b12e9f6044323bb8d55e5f8c4f876a79,,,,3.0,4.0,4.0,4.0,4.0,4.0,4.0,4.0,4.0,4.0,3.0,3.0,3.0,30.0,4.0,4.0,4.0,4.0,4.0,3.0,3.0,3.0,3.0,3.0,3.0,3.0,3.0,4.0,4.0,4.0,4.0,3.0,3.0,2.0,3.0,3.0,3.0,4.0,4.0,4.0,0.1,0.1,3.0,3.0,4.0,3.0,3.0,3.0,3.0,3.0,3.0,3.0,3.0,3.0,3.0,4.0,4.0,0.1,0.1,0.1,0.1,0.1,,,,,,0.1,0.1,0.1,3.0,0.1,0.1,0.1,0.1,0.1,4.0,3.0,3.0,4.0,4.0,4.0,4.0,3.0,3.0,3.0,4.0,3.0,4.0,4.0,3.0,4.0,4.0,3.0,3.0,3.0,3.0,3.0,3.0,1.0,4.0,4.0,4.0,3.0,2.0,3.0,4.0,3.0,2.0,4.0,4.0,3.0,8.0,4.0
0,樟湖生態國中小,組長 / 教師（含編制外教學人員）,8.0,5 年以上,,,,,,4,4 - 非常認同,4 - 非常認同,4 - 非常認同,4 - 非常認同,4 - 非常認同,4 - 非常認同,4 - 非常同意,4 - 非常同意,4 - 非常同意,4 - 非常同意,4 - 非常同意,4 - 非常同意,小於 30 分鐘,4 - 非常同意,2 - 不同意,2 - 不同意,3 - 認同,3 - 認同,3 - 認同,3 - 認同,3 - 認同,3 - 同意,3 - 同意,3 - 同意,3 - 同意,3 - 同意,,,,,,,,,,,知道但沒有使用過,3 - 有幫助,知道但沒有使用過,知道但沒有使用過,,3 - 有幫助,知道但沒有使用過,知道但沒有使用過,知道但沒有使用過,知道但沒有使用過,知道但沒有使用過,知道但沒有使用過,知道但沒有使用過,知道但沒有使用過,知道但沒有使用過,知道但沒有使用過,知道但沒有使用過,很少使用（6 個月內 1~2 次）,從沒使用過,從沒使用過,,知道但沒有使用過,知道但沒有使用過,知道但沒有使用過,3 - 有幫助,知道但沒有使用過,知道但沒有使用過,知道但沒有使用過,,,,,,,,,,,,,,,,,,,3,3 - 認同,4,4,4,4,4,4,4,4,3,4,4,4,4,4,3,3,3,3,3,3,3,3,3,都好,都好,,,3,3,3,3,3,3,3,考慮 1 年內持續任職,3,3,無,3,6,,3,,,,,,2026-02-04 18:05:00,293,2001:b400:e454:3728:9bc2:32ba:395f:5b11,,,,5051d46be8b804d7b8e09ea828d18340,,,,4.0,4.0,4.0,4.0,4.0,4.0,4.0,4.0,4.0,4.0,4.0,4.0,4.0,,4.0,2.0,2.0,3.0,3.0,3.0,3.0,3.0,3.0,3.0,3.0,3.0,3.0,,,,,,,,,,0.1,3.0,0.1,0.1,3.0,0.1,0.1,0.1,0.1,0.1,0.1,0.1,0.1,0.1,0.1,0.1,2.0,1.0,1.0,0.1,0.1,0.1,3.0,0.1,0.1,0.1,,,,,,,,,,,,,,,3.0,3.0,4.0,4.0,4.0,4.0,4.0,4.0,4.0,4.0,3.0,4.0,4.0,4.0,4.0,4.0,3.0,3.0,3.0,3.0,3.0,3.0,3.0,3.0,3.0,3.0,3.0,3.0,3.0,3.0,3.0,3.0,0.5,3.0,3.0,3.0,6.0,3.0
0,樟湖生態國中小,校內教練 / 教召,14.0,5 年以上,,,,,,4,4 - 非常認同,4 - 非常認同,4 - 非常認同,4 - 非常認同,4 - 非常認同,4 - 非常認同,3 - 同意,3 - 同意,4 - 非常同意,3 - 同意,4 - 非常同意,3 - 同意,小於 30 分鐘,3 - 同意,3 - 同意,4 - 非常同意,3 - 認同,4 - 非常認同,4 - 非常認同,4 - 非常認同,3 - 認同,3 - 同意,4 - 非常同意,3 - 同意,4 - 非常同意,3 - 同意,,,,,,,,,,,4 - 非常有幫助,4 - 非常有幫助,知道但沒有使用過,3 - 有幫助,,3 - 有幫助,3 - 有幫助,3 - 有幫助,3 - 有幫助,3 - 有幫助,3 - 有幫助,知道但沒有使用過,知道但沒有使用過,3 - 有幫助,知道但沒有使用過,3 - 有幫助,知道但沒有使用過,很少使用（6 個月內 1~2 次）,很少使用（6 個月內 1~2 次）,偶爾使用（6 個月內 3~6 次）,,4 - 非常有幫助,3 - 有幫助,3 - 有幫助,4 - 非常有幫助,4 - 非常有幫助,知道但沒有使用過,3 - 有幫助,,,,,,,,,,,,3 - 有幫助,3 - 有幫助,知道但沒有使用過,4 - 非常有幫助,4 - 非常有幫助,3 - 有幫助,,4,3 - 認同,4,4,4,4,4,4,4,4,3,4,4,4,4,4,4,4,4,4,4,4,4,1,3,擁有動能朝向未來,人員異動減低,,,4,4,4,3,3,3,3,考慮任職 2 年以上,4,1,成為教練,4,10,身邊都是讓自己進步的人，會感覺到自己的進步,4,學校團結凝聚力很夠，學生對學校的歸屬很深,"課程設計更接地氣
雖然時間變少
但大家參與度變高",與社會脈動與時俱進並引導教育新趨勢,"學校外部參觀要評估量能,才不會接應不暇",有你們當後面的靠山真的很安心,2026-02-04 18:10:15,718,2001:b400:e633:d68b:ea65:232d:aba:e248,,,,5be68dbbdee1e264ba9132372376cf55,,,,4.0,4.0,4.0,4.0,4.0,4.0,4.0,3.0,3.0,4.0,3.0,4.0,3.0,,3.0,3.0,4.0,3.0,4.0,4.0,4.0,3.0,3.0,4.0,3.0,4.0,3.0,,,,,,,,,,4.0,4.0,0.1,3.0,3.0,3.0,3.0,3.0,3.0,3.0,0.1,0.1,3.0,0.1,3.0,0.1,2.0,2.0,3.0,4.0,3.0,3.0,4.0,4.0,0.1,3.0,,,,,,,,,3.0,3.0,0.1,4.0,4.0,3.0,4.0,3.0,4.0,4.0,4.0,4.0,4.0,4.0,4.0,4.0,3.0,4.0,4.0,4.0,4.0,4.0,4.0,4.0,4.0,4.0,4.0,4.0,4.0,1.0,3.0,4.0,4.0,4.0,3.0,3.0,3.0,3.0,2.0,4.0,1.0,4.0,10.0,4.0
0,樟湖生態國中小,組長 / 教師（含編制外教學人員）,5.0,2-3 年,,,,,,4,3 - 認同,4 - 非常認同,3 - 認同,3 - 認同,4 - 非常認同,3 - 認同,3 - 同意,3 - 同意,3 - 同意,3 - 同意,4 - 非常同意,4 - 非常同意,30~60 分鐘,3 - 同意,3 - 同意,3 - 同意,3 - 認同,3 - 認同,3 - 認同,3 - 認同,3 - 認同,3 - 同意,3 - 同意,3 - 同意,3 - 同意,3 - 同意,,,,,,,,,,,3 - 有幫助,3 - 有幫助,知道但沒有使用過,知道但沒有使用過,,3 - 有幫助,知道但沒有使用過,知道但沒有使用過,知道但沒有使用過,知道但沒有使用過,知道但沒有使用過,知道但沒有使用過,3 - 有幫助,知道但沒有使用過,3 - 有幫助,3 - 有幫助,知道但沒有使用過,從沒使用過,從沒使用過,從沒使用過,,3 - 有幫助,3 - 有幫助,知道但沒有使用過,4 - 非常有幫助,知道但沒有使用過,3 - 有幫助,知道但沒有使用過,,,,,,,,,,,,,,,,,,,3,3 - 認同,3,3,3,3,3,3,3,3,3,3,3,3,3,3,3,3,3,3,3,3,3,3,3,打群架,共同努力,,,3,4,3,4,3,3,3,考慮 1 年內持續任職,3,3,持續成長,3,8,,3,,,,,,2026-02-04 18:15:34,611,2001:b400:e501:db17:8803:7e9a:7c2e:2cda,,,,3bc37f57568ad57c5bc143a0f36ba097,,,,4.0,3.0,4.0,3.0,3.0,4.0,3.0,3.0,3.0,3.0,3.0,4.0,4.0,30.0,3.0,3.0,3.0,3.0,3.0,3.0,3.0,3.0,3.0,3.0,3.0,3.0,3.0,,,,,,,,,,3.0,3.0,0.1,0.1,3.0,0.1,0.1,0.1,0.1,0.1,0.1,3.0,0.1,3.0,3.0,0.1,1.0,1.0,1.0,3.0,3.0,0.1,4.0,0.1,3.0,0.1,,,,,,,,,,,,,,,3.0,3.0,3.0,3.0,3.0,3.0,3.0,3.0,3.0,3.0,3.0,3.0,3.0,3.0,3.0,3.0,3.0,3.0,3.0,3.0,3.0,3.0,3.0,3.0,3.0,3.0,4.0,3.0,4.0,3.0,3.0,3.0,0.5,3.0,3.0,3.0,8.0,3.0
0,老梅實小,組長 / 教師（含編制外教學人員）,10.0,1 年以下,"認同 KIST 的理念
想要投入「偏鄉」教育",,,1. 親友介紹（非 KIST 夥伴，如大學教授、過往的同事...）,,4,3 - 認同,3 - 認同,3 - 認同,3 - 認同,3 - 認同,3 - 認同,3 - 同意,3 - 同意,3 - 同意,3 - 同意,3 - 同意,3 - 同意,30~60 分鐘,3 - 同意,2 - 不同意,3 - 同意,3 - 認同,3 - 認同,3 - 認同,3 - 認同,3 - 認同,3 - 同意,3 - 同意,3 - 同意,3 - 同意,3 - 同意,3 - 有幫助,3 - 有幫助,3 - 有幫助,3 - 有幫助,3 - 有幫助,偶爾使用（6 個月內 3~6 次）,很少使用（6 個月內 1~2 次）,很少使用（6 個月內 1~2 次）,很少使用（6 個月內 1~2 次）,,3 - 有幫助,3 - 有幫助,知道但沒有使用過,3 - 有幫助,,3 - 有幫助,知道但沒有使用過,3 - 有幫助,知道但沒有使用過,知道但沒有使用過,知道但沒有使用過,3 - 有幫助,知道但沒有使用過,3 - 有幫助,3 - 有幫助,3 - 有幫助,3 - 有幫助,偶爾使用（6 個月內 3~6 次）,偶爾使用（6 個月內 3~6 次）,偶爾使用（6 個月內 3~6 次）,,3 - 有幫助,3 - 有幫助,知道但沒有使用過,3 - 有幫助,知道但沒有使用過,知道但沒有使用過,知道但沒有使用過,,,,,,,,,,,,,,,,,,,3,學校有溝通，但我不太理解,2,3,3,3,3,3,2,3,3,3,3,3,3,3,2,2,2,3,2,2,2,2,3,想法很創新,希望學校決策之前能聽聽更多老師的意見,學生能用的資源很多,我們花了很多時間精進教學，但也許家長面和學生面才是很多問題的關鍵,3,3,2,3,1,1,1,考慮任職 2 年以上,2,1,希望聯盟可規劃更多適合家長的活動,3,6,,2,,,,,,2026-02-04 18:16:08,1321,2001:b400:e167:858:a4e2:1ff:fe0b:a695,,,,46d61e1ec4d0a18c50fc5e42d94c7dd3,,,,4.0,3.0,3.0,3.0,3.0,3.0,3.0,3.0,3.0,3.0,3.0,3.0,3.0,30.0,3.0,2.0,3.0,3.0,3.0,3.0,3.0,3.0,3.0,3.0,3.0,3.0,3.0,3.0,3.0,3.0,3.0,3.0,3.0,2.0,2.0,2.0,3.0,3.0,0.1,3.0,3.0,0.1,3.0,0.1,0.1,0.1,3.0,0.1,3.0,3.0,3.0,3.0,3.0,3.0,3.0,3.0,3.0,0.1,3.0,0.1,0.1,0.1,,,,,,,,,,,,,,,3.0,,2.0,3.0,3.0,3.0,3.0,3.0,2.0,3.0,3.0,3.0,3.0,3.0,3.0,3.0,2.0,2.0,2.0,3.0,2.0,2.0,2.0,2.0,3.0,3.0,3.0,2.0,3.0,1.0,1.0,1.0,2.0,2.0,1.0,3.0,6.0,2.0
0,樟湖生態國中小,組長 / 教師（含編制外教學人員）,3.0,5 年以上,,,,,,4,4 - 非常認同,4 - 非常認同,4 - 非常認同,4 - 非常認同,4 - 非常認同,4 - 非常認同,4 - 非常同意,4 - 非常同意,4 - 非常同意,4 - 非常同意,4 - 非常同意,4 - 非常同意,120 分鐘以上,3 - 同意,3 - 同意,2 - 不同意,4 - 非常認同,4 - 非常認同,4 - 非常認同,4 - 非常認同,4 - 非常認同,3 - 同意,3 - 同意,3 - 同意,3 - 同意,3 - 同意,,,,,,,,,,,4 - 非常有幫助,3 - 有幫助,知道但沒有使用過,知道但沒有使用過,,2 - 沒有幫助,知道但沒有使用過,知道但沒有使用過,知道但沒有使用過,知道但沒有使用過,我不知道這個資源,我不知道這個資源,知道但沒有使用過,我不知道這個資源,我不知道這個資源,我不知道這個資源,我不知道這個資源,從沒使用過,從沒使用過,從沒使用過,,知道但沒有使用過,我不知道這個資源,知道但沒有使用過,4 - 非常有幫助,知道但沒有使用過,知道但沒有使用過,知道但沒有使用過,,,,,,,,,,,,,,,,,,,4,3 - 認同,4,4,4,4,4,4,4,4,4,4,4,4,3,4,4,4,3,4,4,4,4,2,3,是一個大家庭,是,,,4,3,2,2,2,2,2,考慮 1 - 2 年內持續任職,2,2,相關工作有人可以接手,4,8,工作包容度高,4,,務實,向心力,,,2026-02-04 18:16:38,820,223.138.226.46,,,,950a726650a8b1d539744412dd5b48d3,,,,4.0,4.0,4.0,4.0,4.0,4.0,4.0,4.0,4.0,4.0,4.0,4.0,4.0,,3.0,3.0,2.0,4.0,4.0,4.0,4.0,4.0,3.0,3.0,3.0,3.0,3.0,,,,,,,,,,4.0,3.0,0.1,0.1,2.0,0.1,0.1,0.1,0.1,0.0,0.0,0.1,0.0,0.0,0.0,0.0,1.0,1.0,1.0,0.1,0.0,0.1,4.0,0.1,0.1,0.1,,,,,,,,,,,,,,,4.0,3.0,4.0,4.0,4.0,4.0,4.0,4.0,4.0,4.0,4.0,4.0,4.0,4.0,3.0,4.0,4.0,4.0,3.0,4.0,4.0,4.0,4.0,2.0,3.0,4.0,3.0,2.0,2.0,2.0,2.0,2.0,1.5,2.0,2.0,4.0,8.0,4.0
0,三民國小,組長 / 教師（含編制外教學人員）,0.0,1-2 年,,,,,,3,3 - 認同,3 - 認同,4 - 非常認同,3 - 認同,3 - 認同,3 - 認同,4 - 非常同意,3 - 同意,4 - 非常同意,3 - 同意,4 - 非常同意,3 - 同意,小於 30 分鐘,3 - 同意,2 - 不同意,3 - 同意,3 - 認同,3 - 認同,3 - 認同,3 - 認同,3 - 認同,3 - 同意,3 - 同意,3 - 同意,3 - 同意,2 - 不同意,,,,,,,,,,,3 - 有幫助,3 - 有幫助,3 - 有幫助,3 - 有幫助,,3 - 有幫助,知道但沒有使用過,知道但沒有使用過,3 - 有幫助,我不知道這個資源,知道但沒有使用過,3 - 有幫助,知道但沒有使用過,3 - 有幫助,3 - 有幫助,知道但沒有使用過,知道但沒有使用過,經常使用（6 個月內 7 次以上）,很少使用（6 個月內 1~2 次）,很少使用（6 個月內 1~2 次）,,3 - 有幫助,3 - 有幫助,知道但沒有使用過,3 - 有幫助,知道但沒有使用過,知道但沒有使用過,知道但沒有使用過,,,,,,,,,,,,,,,,,,,3,3 - 認同,3,4,3,3,3,3,3,3,3,3,3,4,4,3,3,3,3,3,3,3,3,3,3,團隊合作,增加人力，健康幸福,,,3,3,2,2,3,3,2,考慮 1 年內持續任職,3,4,對KIST持續做出貢獻,4,8,願景與價值,4,,,持續傾聽與接納多元想法,開會,,2026-02-04 18:23:47,963,2001:b400:e238:5b3a:4d77:10a8:1794:2c72,,,,16beefa00cf0f795a7ae2e67e2de2c00,,,,3.0,3.0,3.0,4.0,3.0,3.0,3.0,4.0,3.0,4.0,3.0,4.0,3.0,,3.0,2.0,3.0,3.0,3.0,3.0,3.0,3.0,3.0,3.0,3.0,3.0,2.0,,,,,,,,,,3.0,3.0,3.0,3.0,3.0,0.1,0.1,3.0,0.0,0.1,3.0,0.1,3.0,3.0,0.1,0.1,4.0,2.0,2.0,3.0,3.0,0.1,3.0,0.1,0.1,0.1,,,,,,,,,,,,,,,3.0,3.0,3.0,4.0,3.0,3.0,3.0,3.0,3.0,3.0,3.0,3.0,3.0,4.0,4.0,3.0,3.0,3.0,3.0,3.0,3.0,3.0,3.0,3.0,3.0,3.0,3.0,2.0,2.0,3.0,3.0,2.0,0.5,3.0,4.0,4.0,8.0,4.0
0,樟湖生態國中小,組長 / 教師（含編制外教學人員）,0.0,1 年以下,其他：請於下題說明,進入之前並不知道是KIST學校,,1. KIST 夥伴介紹,,4,4 - 非常認同,4 - 非常認同,4 - 非常認同,4 - 非常認同,4 - 非常認同,4 - 非常認同,3 - 同意,3 - 同意,3 - 同意,3 - 同意,3 - 同意,3 - 同意,小於 30 分鐘,3 - 同意,3 - 同意,3 - 同意,3 - 認同,3 - 認同,3 - 認同,3 - 認同,3 - 認同,3 - 同意,3 - 同意,3 - 同意,2 - 不同意,3 - 同意,知道但沒有使用過,知道但沒有使用過,我不知道這個資源,我不知道這個資源,知道但沒有使用過,從沒使用過,從沒使用過,從沒使用過,從沒使用過,,3 - 有幫助,知道但沒有使用過,知道但沒有使用過,知道但沒有使用過,,我不知道這個資源,我不知道這個資源,知道但沒有使用過,知道但沒有使用過,知道但沒有使用過,我不知道這個資源,我不知道這個資源,我不知道這個資源,我不知道這個資源,我不知道這個資源,知道但沒有使用過,我不知道這個資源,從沒使用過,從沒使用過,從沒使用過,,知道但沒有使用過,我不知道這個資源,我不知道這個資源,我不知道這個資源,我不知道這個資源,我不知道這個資源,我不知道這個資源,,,,,,,,,,,,,,,,,,,3,3 - 認同,4,3,2,3,2,3,3,3,3,2,3,3,3,3,2,4,4,3,3,3,4,1,3,大家都會彼此加油，彼此鼓勵，感覺每天都能得到正回饋,目前沒有想法,,,2,3,2,2,2,2,2,考慮任職 2 年以上,3,3,希望自己可以在與學生溝通、互動這方面的能力能夠更加提升，做好SEL的應用,3,6,,4,,,,,,2026-02-04 18:24:28,909,2001:b400:e3eb:216d:f051:f02f:4224:d20b,,,,ecd95f648a03bcda456f1a584d972bd2,,,,4.0,4.0,4.0,4.0,4.0,4.0,4.0,3.0,3.0,3.0,3.0,3.0,3.0,,3.0,3.0,3.0,3.0,3.0,3.0,3.0,3.0,3.0,3.0,3.0,2.0,3.0,0.1,0.1,0.0,0.0,0.1,1.0,1.0,1.0,1.0,3.0,0.1,0.1,0.1,0.0,0.0,0.1,0.1,0.1,0.0,0.0,0.0,0.0,0.0,0.1,0.0,1.0,1.0,1.0,0.1,0.0,0.0,0.0,0.0,0.0,0.0,,,,,,,,,,,,,,,3.0,3.0,4.0,3.0,2.0,3.0,2.0,3.0,3.0,3.0,3.0,2.0,3.0,3.0,3.0,3.0,2.0,4.0,4.0,3.0,3.0,3.0,4.0,1.0,3.0,2.0,3.0,2.0,2.0,2.0,2.0,2.0,2.0,3.0,3.0,3.0,6.0,4.0
0,樟湖生態國中小,組長 / 教師（含編制外教學人員）,25.0,5 年以上,,,,,,4,4 - 非常認同,4 - 非常認同,4 - 非常認同,4 - 非常認同,4 - 非常認同,4 - 非常認同,4 - 非常同意,4 - 非常同意,4 - 非常同意,4 - 非常同意,4 - 非常同意,4 - 非常同意,120 分鐘以上,3 - 同意,2 - 不同意,2 - 不同意,4 - 非常認同,4 - 非常認同,4 - 非常認同,4 - 非常認同,4 - 非常認同,4 - 非常同意,3 - 同意,3 - 同意,4 - 非常同意,4 - 非常同意,,,,,,,,,,,4 - 非常有幫助,4 - 非常有幫助,3 - 有幫助,3 - 有幫助,教練/領召的共備時間能有週期性的，如每週固定的時間,3 - 有幫助,知道但沒有使用過,知道但沒有使用過,3 - 有幫助,2 - 沒有幫助,3 - 有幫助,3 - 有幫助,知道但沒有使用過,4 - 非常有幫助,4 - 非常有幫助,4 - 非常有幫助,知道但沒有使用過,經常使用（6 個月內 7 次以上）,從沒使用過,很少使用（6 個月內 1~2 次）,非認知的使用讓我能隨時記錄孩子的學習狀況,2 - 沒有幫助,知道但沒有使用過,知道但沒有使用過,4 - 非常有幫助,知道但沒有使用過,4 - 非常有幫助,4 - 非常有幫助,講師的訓練資訊可以提供更多的資料告知,,,,,,,,,,,,,,,,,,4,4 - 非常認同,4,4,4,4,4,4,4,4,3,4,4,4,4,4,4,4,3,4,4,4,4,3,4,有一家人共同生活支持的感覺,決策者能夠更客觀看待每一個人,,,4,4,4,3,1,1,4,考慮任職 2 年以上,2,1,好好陪伴學生學習成長,4,10,能盡情發揮我的專長,4,更有效率,更多加入的學校，代表我們的理念及作法是對學生有幫助的,以誠相待,共備時間/次數不要太多,,2026-02-04 18:35:18,1528,42.78.97.16,,,,f15929ed97a8c67a6b3faed3f74ba564,,,,4.0,4.0,4.0,4.0,4.0,4.0,4.0,4.0,4.0,4.0,4.0,4.0,4.0,,3.0,2.0,2.0,4.0,4.0,4.0,4.0,4.0,4.0,3.0,3.0,4.0,4.0,,,,,,,,,,4.0,4.0,3.0,3.0,3.0,0.1,0.1,3.0,2.0,3.0,3.0,0.1,4.0,4.0,4.0,0.1,4.0,1.0,2.0,2.0,0.1,0.1,4.0,0.1,4.0,4.0,,,,,,,,,,,,,,,4.0,4.0,4.0,4.0,4.0,4.0,4.0,4.0,4.0,4.0,3.0,4.0,4.0,4.0,4.0,4.0,4.0,4.0,3.0,4.0,4.0,4.0,4.0,3.0,4.0,4.0,4.0,4.0,3.0,1.0,1.0,4.0,2.0,2.0,1.0,4.0,10.0,4.0
0,樟湖生態國中小,組長 / 教師（含編制外教學人員）,0.0,1-2 年,,,,,,4,3 - 認同,3 - 認同,4 - 非常認同,4 - 非常認同,4 - 非常認同,4 - 非常認同,3 - 同意,4 - 非常同意,4 - 非常同意,4 - 非常同意,4 - 非常同意,4 - 非常同意,小於 30 分鐘,3 - 同意,3 - 同意,4 - 非常同意,3 - 認同,4 - 非常認同,4 - 非常認同,4 - 非常認同,4 - 非常認同,3 - 同意,3 - 同意,3 - 同意,3 - 同意,3 - 同意,,,,,,,,,,,3 - 有幫助,知道但沒有使用過,我不知有這個資源,知道但沒有使用過,,4 - 非常有幫助,4 - 非常有幫助,知道但沒有使用過,知道但沒有使用過,3 - 有幫助,知道但沒有使用過,知道但沒有使用過,知道但沒有使用過,知道但沒有使用過,知道但沒有使用過,知道但沒有使用過,3 - 有幫助,從沒使用過,從沒使用過,從沒使用過,,我不知道這個資源,我不知道這個資源,知道但沒有使用過,我不知道這個資源,我不知道這個資源,知道但沒有使用過,知道但沒有使用過,,,,,,,,,,,,,,,,,,,4,4 - 非常認同,3,3,3,3,3,3,3,3,3,4,3,3,4,4,3,4,4,4,4,3,3,2,3,互助共好,無,,,4,3,4,3,2,2,2,考慮任職 2 年以上,4,2,希望透過KIST教育體系學到更多知識，能夠幫助更多孩子,4,9,在聯盟裡大家發揮專程帶領每個人前進很感動,4,,,莫忘初衷,無,,2026-02-04 18:43:21,1261,2001:b400:e4f1:2560:39b5:19a6:9d06:7adc,,,,1dadffc9c66de7edbf67dc96508bbdc9,,,,4.0,3.0,3.0,4.0,4.0,4.0,4.0,3.0,4.0,4.0,4.0,4.0,4.0,,3.0,3.0,4.0,3.0,4.0,4.0,4.0,4.0,3.0,3.0,3.0,3.0,3.0,,,,,,,,,,3.0,0.1,,0.1,4.0,4.0,0.1,0.1,3.0,0.1,0.1,0.1,0.1,0.1,0.1,3.0,1.0,1.0,1.0,0.0,0.0,0.1,0.0,0.0,0.1,0.1,,,,,,,,,,,,,,,4.0,4.0,3.0,3.0,3.0,3.0,3.0,3.0,3.0,3.0,3.0,4.0,3.0,3.0,4.0,4.0,3.0,4.0,4.0,4.0,4.0,3.0,3.0,2.0,3.0,4.0,3.0,4.0,3.0,2.0,2.0,2.0,2.0,4.0,2.0,4.0,9.0,4.0
0,拯民國小,校長 / 主任,0.0,5 年以上,,,,,,4,4 - 非常認同,4 - 非常認同,4 - 非常認同,4 - 非常認同,4 - 非常認同,4 - 非常認同,4 - 非常同意,4 - 非常同意,4 - 非常同意,4 - 非常同意,4 - 非常同意,4 - 非常同意,60~120 分鐘,4 - 非常同意,4 - 非常同意,4 - 非常同意,4 - 非常認同,4 - 非常認同,4 - 非常認同,4 - 非常認同,4 - 非常認同,4 - 非常同意,4 - 非常同意,4 - 非常同意,4 - 非常同意,4 - 非常同意,,,,,,,,,,,4 - 非常有幫助,4 - 非常有幫助,4 - 非常有幫助,4 - 非常有幫助,,知道但沒有使用過,4 - 非常有幫助,3 - 有幫助,3 - 有幫助,4 - 非常有幫助,4 - 非常有幫助,3 - 有幫助,知道但沒有使用過,知道但沒有使用過,知道但沒有使用過,4 - 非常有幫助,知道但沒有使用過,偶爾使用（6 個月內 3~6 次）,偶爾使用（6 個月內 3~6 次）,偶爾使用（6 個月內 3~6 次）,,4 - 非常有幫助,4 - 非常有幫助,4 - 非常有幫助,4 - 非常有幫助,4 - 非常有幫助,4 - 非常有幫助,4 - 非常有幫助,,4 - 非常有幫助,4 - 非常有幫助,4 - 非常有幫助,4 - 非常有幫助,4 - 非常有幫助,,,,,,,,,,,,,4,4 - 非常認同,4,4,4,4,4,4,4,4,4,4,4,4,4,4,4,4,4,4,4,4,4,4,4,關懷弱勢 科學救國,無,,,4,4,4,4,4,4,4,考慮任職 2 年以上,4,4,持續成長，幫助更多人,4,10,認同KIST,4,,,持續倡議：健康第一、家庭第二、樂在工作,有效的提升工作時間,謝謝聯盟、謝謝貴人、謝謝每一位投入參與的每一位夥伴,2026-02-04 19:04:45,333,2001:b011:b803:f16c:5858:451e:48b9:71e1,,,,d40fa88d0b969ef2886eb6f9885a50d7,,,,4.0,4.0,4.0,4.0,4.0,4.0,4.0,4.0,4.0,4.0,4.0,4.0,4.0,60.0,4.0,4.0,4.0,4.0,4.0,4.0,4.0,4.0,4.0,4.0,4.0,4.0,4.0,,,,,,,,,,4.0,4.0,4.0,4.0,0.1,4.0,3.0,3.0,4.0,4.0,3.0,0.1,0.1,0.1,4.0,0.1,3.0,3.0,3.0,4.0,4.0,4.0,4.0,4.0,4.0,4.0,4.0,4.0,4.0,4.0,4.0,,,,,,,,,,4.0,4.0,4.0,4.0,4.0,4.0,4.0,4.0,4.0,4.0,4.0,4.0,4.0,4.0,4.0,4.0,4.0,4.0,4.0,4.0,4.0,4.0,4.0,4.0,4.0,4.0,4.0,4.0,4.0,4.0,4.0,4.0,2.0,4.0,4.0,4.0,10.0,4.0
0,三民國小,校長 / 主任,5.5,1-2 年,,,,,,4,3 - 認同,4 - 非常認同,4 - 非常認同,4 - 非常認同,4 - 非常認同,4 - 非常認同,3 - 同意,4 - 非常同意,4 - 非常同意,4 - 非常同意,4 - 非常同意,4 - 非常同意,30~60 分鐘,1 - 非常不同意,2 - 不同意,1 - 非常不同意,3 - 認同,4 - 非常認同,4 - 非常認同,3 - 認同,3 - 認同,3 - 同意,4 - 非常同意,4 - 非常同意,3 - 同意,3 - 同意,,,,,,,,,,,3 - 有幫助,3 - 有幫助,3 - 有幫助,3 - 有幫助,,3 - 有幫助,4 - 非常有幫助,我不知道這個資源,3 - 有幫助,3 - 有幫助,3 - 有幫助,3 - 有幫助,知道但沒有使用過,我不知道這個資源,知道但沒有使用過,我不知道這個資源,知道但沒有使用過,很少使用（6 個月內 1~2 次）,從沒使用過,很少使用（6 個月內 1~2 次）,,2 - 沒有幫助,我不知道這個資源,知道但沒有使用過,3 - 有幫助,知道但沒有使用過,知道但沒有使用過,知道但沒有使用過,,3 - 有幫助,知道但沒有使用過,3 - 有幫助,2 - 沒有幫助,我不知道這個資源,,,,,,,,,,,,,4,3 - 認同,3,3,3,3,1,1,1,3,1,3,4,3,4,3,2,3,4,3,3,3,3,1,4,發展核心，SEL,可以，但多數人的聲音未被聽見,,,2,4,1,1,1,4,3,考慮任職 2 年以上,3,1,  ,4,8,,3,,,,,,2026-02-04 19:21:30,1926,180.188.170.236,,,,30275524a896565f2c3d89283fc0eec5,,,,4.0,3.0,4.0,4.0,4.0,4.0,4.0,3.0,4.0,4.0,4.0,4.0,4.0,30.0,1.0,2.0,1.0,3.0,4.0,4.0,3.0,3.0,3.0,4.0,4.0,3.0,3.0,,,,,,,,,,3.0,3.0,3.0,3.0,3.0,4.0,0.0,3.0,3.0,3.0,3.0,0.1,0.0,0.1,0.0,0.1,2.0,1.0,2.0,2.0,0.0,0.1,3.0,0.1,0.1,0.1,3.0,0.1,3.0,2.0,0.0,,,,,,,,,,4.0,3.0,3.0,3.0,3.0,3.0,1.0,1.0,1.0,3.0,1.0,3.0,4.0,3.0,4.0,3.0,2.0,3.0,4.0,3.0,3.0,3.0,3.0,1.0,4.0,2.0,4.0,1.0,1.0,1.0,4.0,3.0,2.0,3.0,1.0,4.0,8.0,3.0
0,拯民國小,校長 / 主任,0.0,5 年以上,,,,,,4,4 - 非常認同,4 - 非常認同,4 - 非常認同,4 - 非常認同,4 - 非常認同,4 - 非常認同,3 - 同意,3 - 同意,3 - 同意,3 - 同意,3 - 同意,3 - 同意,60~120 分鐘,2 - 不同意,3 - 同意,3 - 同意,4 - 非常認同,4 - 非常認同,4 - 非常認同,4 - 非常認同,4 - 非常認同,3 - 同意,3 - 同意,3 - 同意,3 - 同意,3 - 同意,,,,,,,,,,,4 - 非常有幫助,4 - 非常有幫助,3 - 有幫助,3 - 有幫助,,3 - 有幫助,4 - 非常有幫助,3 - 有幫助,3 - 有幫助,3 - 有幫助,3 - 有幫助,3 - 有幫助,3 - 有幫助,3 - 有幫助,知道但沒有使用過,知道但沒有使用過,知道但沒有使用過,經常使用（6 個月內 7 次以上）,很少使用（6 個月內 1~2 次）,很少使用（6 個月內 1~2 次）,,4 - 非常有幫助,3 - 有幫助,4 - 非常有幫助,3 - 有幫助,3 - 有幫助,知道但沒有使用過,知道但沒有使用過,,4 - 非常有幫助,知道但沒有使用過,知道但沒有使用過,4 - 非常有幫助,4 - 非常有幫助,,,,,,,,,,,,,3,4 - 非常認同,3,4,4,4,4,3,3,3,3,3,3,3,3,3,3,3,3,3,3,3,3,1,4,明確願景和目標,領導團隊的O3 mentor（好像已經有主任的mentor計畫了？）,,,4,4,4,4,4,4,4,不考慮持續任職,3,3,成為越來越好的領導人,4,8,,4,,,,,謝謝一起為教育努力的大家，新年快樂！,2026-02-04 19:22:45,883,2001:b400:e4d0:e12f:98e4:615c:912:5df7,,,,8306a26a29c9067ef3073cab8cc123d3,,,,4.0,4.0,4.0,4.0,4.0,4.0,4.0,3.0,3.0,3.0,3.0,3.0,3.0,60.0,2.0,3.0,3.0,4.0,4.0,4.0,4.0,4.0,3.0,3.0,3.0,3.0,3.0,,,,,,,,,,4.0,4.0,3.0,3.0,3.0,4.0,3.0,3.0,3.0,3.0,3.0,3.0,3.0,0.1,0.1,0.1,4.0,2.0,2.0,4.0,3.0,4.0,3.0,3.0,0.1,0.1,4.0,0.1,0.1,4.0,4.0,,,,,,,,,,3.0,4.0,3.0,4.0,4.0,4.0,4.0,3.0,3.0,3.0,3.0,3.0,3.0,3.0,3.0,3.0,3.0,3.0,3.0,3.0,3.0,3.0,3.0,1.0,4.0,4.0,4.0,4.0,4.0,4.0,4.0,4.0,0.0,3.0,3.0,4.0,8.0,4.0
0,樟湖生態國中小,組長 / 教師（含編制外教學人員）,21.0,5 年以上,,,,,,4,4 - 非常認同,4 - 非常認同,4 - 非常認同,4 - 非常認同,4 - 非常認同,4 - 非常認同,4 - 非常同意,4 - 非常同意,4 - 非常同意,4 - 非常同意,4 - 非常同意,4 - 非常同意,120 分鐘以上,4 - 非常同意,3 - 同意,4 - 非常同意,4 - 非常認同,4 - 非常認同,4 - 非常認同,4 - 非常認同,4 - 非常認同,4 - 非常同意,4 - 非常同意,4 - 非常同意,4 - 非常同意,4 - 非常同意,,,,,,,,,,,3 - 有幫助,3 - 有幫助,3 - 有幫助,3 - 有幫助,,3 - 有幫助,知道但沒有使用過,知道但沒有使用過,3 - 有幫助,知道但沒有使用過,3 - 有幫助,知道但沒有使用過,知道但沒有使用過,3 - 有幫助,知道但沒有使用過,知道但沒有使用過,3 - 有幫助,很少使用（6 個月內 1~2 次）,很少使用（6 個月內 1~2 次）,很少使用（6 個月內 1~2 次）,,3 - 有幫助,3 - 有幫助,知道但沒有使用過,4 - 非常有幫助,知道但沒有使用過,4 - 非常有幫助,4 - 非常有幫助,,,,,,,,,,,,,,,,,,,4,4 - 非常認同,4,4,4,4,4,4,4,4,4,4,4,4,4,4,4,4,4,4,4,4,4,1,4,打群架,無,,,4,4,3,4,3,3,3,考慮任職 2 年以上,1,4,愈來愈多人進來受教,4,10,我看到學校往好的方向發展,4,無,支援ㄧ直都在，但經費仍不足,當責態度,還好,無,2026-02-04 19:25:24,3284,2001:b400:e45e:dfb0:78cb:311e:7b94:a43,,,,e67624106e45acfdb26a9689b7b78fa6,,,,4.0,4.0,4.0,4.0,4.0,4.0,4.0,4.0,4.0,4.0,4.0,4.0,4.0,,4.0,3.0,4.0,4.0,4.0,4.0,4.0,4.0,4.0,4.0,4.0,4.0,4.0,,,,,,,,,,3.0,3.0,3.0,3.0,3.0,0.1,0.1,3.0,0.1,3.0,0.1,0.1,3.0,0.1,0.1,3.0,2.0,2.0,2.0,3.0,3.0,0.1,4.0,0.1,4.0,4.0,,,,,,,,,,,,,,,4.0,4.0,4.0,4.0,4.0,4.0,4.0,4.0,4.0,4.0,4.0,4.0,4.0,4.0,4.0,4.0,4.0,4.0,4.0,4.0,4.0,4.0,4.0,1.0,4.0,4.0,4.0,3.0,4.0,3.0,3.0,3.0,2.0,1.0,4.0,4.0,10.0,4.0
0,桃源國小,組長 / 教師（含編制外教學人員）,2.0,3-5 年,,,,,,4,3 - 認同,4 - 非常認同,3 - 認同,3 - 認同,4 - 非常認同,3 - 認同,3 - 同意,4 - 非常同意,3 - 同意,3 - 同意,4 - 非常同意,3 - 同意,60~120 分鐘,3 - 同意,3 - 同意,3 - 同意,3 - 認同,3 - 認同,3 - 認同,4 - 非常認同,3 - 認同,3 - 同意,3 - 同意,3 - 同意,4 - 非常同意,3 - 同意,,,,,,,,,,,3 - 有幫助,3 - 有幫助,3 - 有幫助,3 - 有幫助,,3 - 有幫助,知道但沒有使用過,知道但沒有使用過,我不知道這個資源,知道但沒有使用過,知道但沒有使用過,我不知道這個資源,我不知道這個資源,知道但沒有使用過,知道但沒有使用過,3 - 有幫助,3 - 有幫助,很少使用（6 個月內 1~2 次）,很少使用（6 個月內 1~2 次）,從沒使用過,,3 - 有幫助,我不知道這個資源,3 - 有幫助,3 - 有幫助,知道但沒有使用過,我不知道這個資源,我不知道這個資源,,,,,,,,,,,,,,,,,,,3,3 - 認同,4,4,4,4,4,4,4,3,3,4,3,3,3,3,3,3,3,3,4,3,4,3,3,外部資源豐沛,有些規則可以硬性規定，太柔和顯得有些隨便😣,,,4,4,4,4,4,4,4,考慮 1 - 2 年內持續任職,3,2,期待自己能將使用程式的能力帶出去,3,6,課程彈性、老師願意協作,3,我目前覺得人事走走去去的人太多,,,,,2026-02-04 19:32:29,789,2401:e180:8d14:80b0:f918:1010:5504:3d77,,,,9d24584f720de540b2cddce8f643e1bc,,,,4.0,3.0,4.0,3.0,3.0,4.0,3.0,3.0,4.0,3.0,3.0,4.0,3.0,60.0,3.0,3.0,3.0,3.0,3.0,3.0,4.0,3.0,3.0,3.0,3.0,4.0,3.0,,,,,,,,,,3.0,3.0,3.0,3.0,3.0,0.1,0.1,0.0,0.1,0.1,0.0,0.0,0.1,0.1,3.0,3.0,2.0,2.0,1.0,3.0,0.0,3.0,3.0,0.1,0.0,0.0,,,,,,,,,,,,,,,3.0,3.0,4.0,4.0,4.0,4.0,4.0,4.0,4.0,3.0,3.0,4.0,3.0,3.0,3.0,3.0,3.0,3.0,3.0,3.0,4.0,3.0,4.0,3.0,3.0,4.0,4.0,4.0,4.0,4.0,4.0,4.0,1.5,3.0,2.0,3.0,6.0,3.0
0,老梅實小,組長 / 教師（含編制外教學人員）,17.0,1-2 年,,,,,,2,4 - 非常認同,3 - 認同,3 - 認同,4 - 非常認同,4 - 非常認同,4 - 非常認同,4 - 非常同意,3 - 同意,3 - 同意,4 - 非常同意,3 - 同意,4 - 非常同意,小於 30 分鐘,4 - 非常同意,3 - 同意,3 - 同意,2 - 不認同,2 - 不認同,2 - 不認同,3 - 認同,2 - 不認同,3 - 同意,3 - 同意,3 - 同意,3 - 同意,3 - 同意,,,,,,,,,,,3 - 有幫助,3 - 有幫助,3 - 有幫助,2 - 沒有幫助,,2 - 沒有幫助,2 - 沒有幫助,2 - 沒有幫助,2 - 沒有幫助,2 - 沒有幫助,2 - 沒有幫助,2 - 沒有幫助,2 - 沒有幫助,2 - 沒有幫助,2 - 沒有幫助,2 - 沒有幫助,2 - 沒有幫助,很少使用（6 個月內 1~2 次）,很少使用（6 個月內 1~2 次）,很少使用（6 個月內 1~2 次）,,2 - 沒有幫助,2 - 沒有幫助,2 - 沒有幫助,2 - 沒有幫助,2 - 沒有幫助,2 - 沒有幫助,2 - 沒有幫助,,,,,,,,,,,,,,,,,,,2,3 - 認同,3,4,3,3,3,3,3,3,3,3,3,3,3,3,3,2,2,2,2,2,2,2,2,學生較單純,多聆聽教師意見,,,3,2,2,2,2,2,2,考慮 1 年內持續任職,2,2,做好教師該做的事,2,5,,2,,,聯盟的溫暖支持,觀備議課,,2026-02-04 19:57:40,539,2402:7500:587:8fc3:f552:817c:d073:18a5,,,,41f6247476c134eaf2a855bbb057d35d,,,,2.0,4.0,3.0,3.0,4.0,4.0,4.0,4.0,3.0,3.0,4.0,3.0,4.0,,4.0,3.0,3.0,2.0,2.0,2.0,3.0,2.0,3.0,3.0,3.0,3.0,3.0,,,,,,,,,,3.0,3.0,3.0,2.0,2.0,2.0,2.0,2.0,2.0,2.0,2.0,2.0,2.0,2.0,2.0,2.0,2.0,2.0,2.0,2.0,2.0,2.0,2.0,2.0,2.0,2.0,,,,,,,,,,,,,,,2.0,3.0,3.0,4.0,3.0,3.0,3.0,3.0,3.0,3.0,3.0,3.0,3.0,3.0,3.0,3.0,3.0,2.0,2.0,2.0,2.0,2.0,2.0,2.0,2.0,3.0,2.0,2.0,2.0,2.0,2.0,2.0,0.5,2.0,2.0,2.0,5.0,2.0
0,拯民國小,組長 / 教師（含編制外教學人員）,1.0,1 年以下,"認同 KIST 的理念
想要投入「實驗」教育",,,"1. 友好組織分享（TFT、均一、政大實驗教育中心...）
2. KIST 線上活動 / 工作坊
3. 參訪 KIST 學校
4. 誠致官方網站",,3,3 - 認同,3 - 認同,3 - 認同,3 - 認同,3 - 認同,3 - 認同,3 - 同意,3 - 同意,3 - 同意,3 - 同意,3 - 同意,2 - 不同意,小於 30 分鐘,2 - 不同意,1 - 非常不同意,2 - 不同意,3 - 認同,4 - 非常認同,4 - 非常認同,我不理解這項 KIST 教學特色,我不理解這項 KIST 教學特色,2 - 不同意,3 - 同意,4 - 非常同意,我不理解這項 KIST 教學特色,我不理解這項 KIST 教學特色,4 - 非常有幫助,3 - 有幫助,3 - 有幫助,知道但沒有使用過,知道但沒有使用過,偶爾使用（6 個月內 3~6 次）,從沒使用過,很少使用（6 個月內 1~2 次）,從沒使用過,,2 - 沒有幫助,3 - 有幫助,我不知有這個資源,知道但沒有使用過,建議增加適用低年級學生的教材或發想，峰會和共識營很多針對國小高年級學生到國中學生的設計，可以讓該年段的老師參考點子，但大部分的內容大概不適用低年級，對欠缺新想法又帶低年級的新進教師幫助有限,我不知道這個資源,知道但沒有使用過,3 - 有幫助,3 - 有幫助,知道但沒有使用過,我不知道這個資源,我不知道這個資源,我不知道這個資源,我不知道這個資源,我不知道這個資源,我不知道這個資源,我不知道這個資源,很少使用（6 個月內 1~2 次）,很少使用（6 個月內 1~2 次）,從沒使用過,很多沒聽過，不確定要怎麼知道這些資源，建議每個月在New Kister的 Line群組介紹一種資源（如果這個資源對教學有幫助的話應該大力推廣）,3 - 有幫助,2 - 沒有幫助,知道但沒有使用過,知道但沒有使用過,我不知道這個資源,知道但沒有使用過,知道但沒有使用過,,,,,,,,,,,,,,,,,,,2,3 - 認同,3,4,3,3,3,3,3,2,3,3,2,1,2,2,2,3,3,3,4,3,3,2,2,美感校園,有被認真傾聽的特別時刻，像是（教學上）最近遇到了什麼困難、做了什麼一直想做的事（即使很小也可以說）......不用在全校面前，兩三個人也行，只是被傾聽、被小小的鼓勵，也可以讓我工作時更覺得有意義感。,行政給予的大力支持，讓老師有底氣和家長溝通,期末大掃除出場希望能改成老師自己檢核，或考慮某些項目是否真的有需要,3,4,2,2,1,2,3,考慮 1 年內持續任職,3,3,活下去，加油！,3,5,,3,,,,授課節數,,2026-02-04 20:12:32,4021,2001:b400:e207:6f50:28a3:c243:573a:29c3,,,,e11d8d6525ec101578ecccacf4468d1f,,,,3.0,3.0,3.0,3.0,3.0,3.0,3.0,3.0,3.0,3.0,3.0,3.0,2.0,,2.0,1.0,2.0,3.0,4.0,4.0,0.0,0.0,2.0,3.0,4.0,0.0,0.0,4.0,3.0,3.0,0.1,0.1,3.0,1.0,2.0,1.0,2.0,3.0,,0.1,0.0,0.1,3.0,3.0,0.1,0.0,0.0,0.0,0.0,0.0,0.0,0.0,2.0,2.0,1.0,3.0,2.0,0.1,0.1,0.0,0.1,0.1,,,,,,,,,,,,,,,2.0,3.0,3.0,4.0,3.0,3.0,3.0,3.0,3.0,2.0,3.0,3.0,2.0,1.0,2.0,2.0,2.0,3.0,3.0,3.0,4.0,3.0,3.0,2.0,2.0,3.0,4.0,2.0,2.0,1.0,2.0,3.0,0.5,3.0,3.0,3.0,5.0,3.0
0,桃源國小,組長 / 教師（含編制外教學人員）,1.0,3-5 年,,,,,,4,3 - 認同,3 - 認同,3 - 認同,3 - 認同,3 - 認同,4 - 非常認同,3 - 同意,3 - 同意,3 - 同意,3 - 同意,3 - 同意,3 - 同意,120 分鐘以上,4 - 非常同意,4 - 非常同意,4 - 非常同意,4 - 非常認同,3 - 認同,3 - 認同,3 - 認同,3 - 認同,3 - 同意,3 - 同意,3 - 同意,3 - 同意,3 - 同意,,,,,,,,,,,3 - 有幫助,3 - 有幫助,3 - 有幫助,3 - 有幫助,,4 - 非常有幫助,知道但沒有使用過,3 - 有幫助,3 - 有幫助,3 - 有幫助,3 - 有幫助,3 - 有幫助,3 - 有幫助,3 - 有幫助,3 - 有幫助,3 - 有幫助,3 - 有幫助,很少使用（6 個月內 1~2 次）,偶爾使用（6 個月內 3~6 次）,偶爾使用（6 個月內 3~6 次）,,3 - 有幫助,3 - 有幫助,知道但沒有使用過,4 - 非常有幫助,知道但沒有使用過,知道但沒有使用過,3 - 有幫助,,,,,,,,,,,,,,,,,,,4,3 - 認同,4,4,4,4,4,4,4,4,4,4,4,4,4,4,4,4,4,4,3,3,4,1,4,打群架,是,,,4,4,4,4,4,2,3,考慮 1 - 2 年內持續任職,3,3,邁向正式教師,4,7,合作模式,3,,,良好的溝通管道,無,,2026-02-04 20:23:36,464,2001:b400:e25e:9109:5030:f977:3ec6:3daa,,,,3d9633cdc02b6154594ce36aad24c2d8,,,,4.0,3.0,3.0,3.0,3.0,3.0,4.0,3.0,3.0,3.0,3.0,3.0,3.0,,4.0,4.0,4.0,4.0,3.0,3.0,3.0,3.0,3.0,3.0,3.0,3.0,3.0,,,,,,,,,,3.0,3.0,3.0,3.0,4.0,0.1,3.0,3.0,3.0,3.0,3.0,3.0,3.0,3.0,3.0,3.0,2.0,3.0,3.0,3.0,3.0,0.1,4.0,0.1,0.1,3.0,,,,,,,,,,,,,,,4.0,3.0,4.0,4.0,4.0,4.0,4.0,4.0,4.0,4.0,4.0,4.0,4.0,4.0,4.0,4.0,4.0,4.0,4.0,4.0,3.0,3.0,4.0,1.0,4.0,4.0,4.0,4.0,4.0,4.0,2.0,3.0,1.5,3.0,3.0,4.0,7.0,3.0
0,桃源國小,組長 / 教師（含編制外教學人員）,1.5,1-2 年,,,,,,3,3 - 認同,3 - 認同,3 - 認同,3 - 認同,3 - 認同,3 - 認同,3 - 同意,3 - 同意,3 - 同意,3 - 同意,3 - 同意,3 - 同意,30~60 分鐘,2 - 不同意,2 - 不同意,3 - 同意,3 - 認同,3 - 認同,3 - 認同,3 - 認同,3 - 認同,3 - 同意,3 - 同意,3 - 同意,3 - 同意,3 - 同意,,,,,,,,,,,3 - 有幫助,3 - 有幫助,知道但沒有使用過,知道但沒有使用過,,3 - 有幫助,知道但沒有使用過,3 - 有幫助,3 - 有幫助,3 - 有幫助,我不知道這個資源,知道但沒有使用過,3 - 有幫助,知道但沒有使用過,我不知道這個資源,知道但沒有使用過,我不知道這個資源,很少使用（6 個月內 1~2 次）,很少使用（6 個月內 1~2 次）,從沒使用過,,2 - 沒有幫助,3 - 有幫助,3 - 有幫助,4 - 非常有幫助,知道但沒有使用過,知道但沒有使用過,知道但沒有使用過,,,,,,,,,,,,,,,,,,,3,學校有溝通，但我不太理解,2,3,3,2,3,3,3,3,2,3,4,2,4,2,3,3,3,2,3,2,3,2,3,友善,多來到現場關心，觀察需求,,,3,4,3,2,2,1,2,考慮任職 2 年以上,3,3,目前先努力邁向正式教師之路,3,7,,4,,,,,大家辛苦了，2026繼續未教育努力,2026-02-04 21:02:36,1074,123.193.142.19,,,,8813dd9cb422bcdfb836b9b21ca27d71,,,,3.0,3.0,3.0,3.0,3.0,3.0,3.0,3.0,3.0,3.0,3.0,3.0,3.0,30.0,2.0,2.0,3.0,3.0,3.0,3.0,3.0,3.0,3.0,3.0,3.0,3.0,3.0,,,,,,,,,,3.0,3.0,0.1,0.1,3.0,0.1,3.0,3.0,3.0,0.0,0.1,3.0,0.1,0.0,0.1,0.0,2.0,2.0,1.0,2.0,3.0,3.0,4.0,0.1,0.1,0.1,,,,,,,,,,,,,,,3.0,,2.0,3.0,3.0,2.0,3.0,3.0,3.0,3.0,2.0,3.0,4.0,2.0,4.0,2.0,3.0,3.0,3.0,2.0,3.0,2.0,3.0,2.0,3.0,3.0,4.0,3.0,2.0,2.0,1.0,2.0,2.0,3.0,3.0,3.0,7.0,4.0
0,樟湖生態國中小,組長 / 教師（含編制外教學人員）,0.0,2-3 年,,,,,,4,4 - 非常認同,4 - 非常認同,3 - 認同,3 - 認同,4 - 非常認同,4 - 非常認同,3 - 同意,4 - 非常同意,3 - 同意,3 - 同意,4 - 非常同意,4 - 非常同意,30~60 分鐘,4 - 非常同意,4 - 非常同意,3 - 同意,3 - 認同,4 - 非常認同,4 - 非常認同,4 - 非常認同,我不理解這項 KIST 教學特色,3 - 同意,4 - 非常同意,4 - 非常同意,4 - 非常同意,我不理解這項 KIST 教學特色,,,,,,,,,,,3 - 有幫助,3 - 有幫助,知道但沒有使用過,3 - 有幫助,,4 - 非常有幫助,知道但沒有使用過,3 - 有幫助,我不知道這個資源,知道但沒有使用過,3 - 有幫助,我不知道這個資源,4 - 非常有幫助,我不知道這個資源,知道但沒有使用過,知道但沒有使用過,我不知道這個資源,從沒使用過,很少使用（6 個月內 1~2 次）,很少使用（6 個月內 1~2 次）,,3 - 有幫助,3 - 有幫助,知道但沒有使用過,4 - 非常有幫助,知道但沒有使用過,知道但沒有使用過,知道但沒有使用過,,,,,,,,,,,,,,,,,,,4,4 - 非常認同,4,4,4,4,4,4,3,3,4,4,3,4,3,4,3,4,4,4,3,3,4,1,3,大家一起學習與成長,多一些教師休息時間或教師放鬆課程,,,4,4,4,3,2,2,3,考慮任職 2 年以上,3,3,持續不斷學習,4,8,,3,,,,,,2026-02-04 21:06:42,795,114.43.142.212,,,,7f45ac342cd0c9252b826e3eabd4bb05,,,,4.0,4.0,4.0,3.0,3.0,4.0,4.0,3.0,4.0,3.0,3.0,4.0,4.0,30.0,4.0,4.0,3.0,3.0,4.0,4.0,4.0,0.0,3.0,4.0,4.0,4.0,0.0,,,,,,,,,,3.0,3.0,0.1,3.0,4.0,0.1,3.0,0.0,0.1,3.0,0.0,4.0,0.0,0.1,0.1,0.0,1.0,2.0,2.0,3.0,3.0,0.1,4.0,0.1,0.1,0.1,,,,,,,,,,,,,,,4.0,4.0,4.0,4.0,4.0,4.0,4.0,4.0,3.0,3.0,4.0,4.0,3.0,4.0,3.0,4.0,3.0,4.0,4.0,4.0,3.0,3.0,4.0,1.0,3.0,4.0,4.0,4.0,3.0,2.0,2.0,3.0,2.0,3.0,3.0,4.0,8.0,3.0
0,宜梧國中,組長 / 教師（含編制外教學人員）,0.5,1 年以下,"認同 KIST 的理念
其他：請於下題說明",因擔任學伴志工而對KIST活動關注,,"1. 參訪 KIST 學校
2. KIST 夥伴介紹
3. KIST 線上活動 / 工作坊
4. 【KIST 教育實驗室】Facebook
5. 【KIST 教育實驗室】Instagram",,4,3 - 認同,3 - 認同,4 - 非常認同,3 - 認同,4 - 非常認同,4 - 非常認同,4 - 非常同意,3 - 同意,4 - 非常同意,3 - 同意,4 - 非常同意,3 - 同意,60~120 分鐘,3 - 同意,3 - 同意,3 - 同意,4 - 非常認同,4 - 非常認同,4 - 非常認同,3 - 認同,4 - 非常認同,3 - 同意,3 - 同意,3 - 同意,3 - 同意,3 - 同意,3 - 有幫助,3 - 有幫助,3 - 有幫助,3 - 有幫助,3 - 有幫助,很少使用（6 個月內 1~2 次）,很少使用（6 個月內 1~2 次）,很少使用（6 個月內 1~2 次）,很少使用（6 個月內 1~2 次）,,3 - 有幫助,3 - 有幫助,知道但沒有使用過,4 - 非常有幫助,,3 - 有幫助,知道但沒有使用過,3 - 有幫助,我不知道這個資源,4 - 非常有幫助,知道但沒有使用過,我不知道這個資源,知道但沒有使用過,3 - 有幫助,知道但沒有使用過,知道但沒有使用過,我不知道這個資源,從沒使用過,很少使用（6 個月內 1~2 次）,從沒使用過,,3 - 有幫助,3 - 有幫助,3 - 有幫助,我不知道這個資源,知道但沒有使用過,知道但沒有使用過,知道但沒有使用過,,,,,,,,4 - 非常有幫助,3 - 有幫助,3 - 有幫助,,,,,,,,,4,4 - 非常認同,4,4,4,4,4,4,4,4,4,4,4,4,4,4,4,4,4,4,4,4,4,2,4,打群架的力量,目前都好繼續保持,對於學生狀況的掌握度以及教師協作的狀態更加緊密,學生整體學力狀態偏弱,4,4,4,4,2,3,3,考慮 1 年內持續任職,4,3,有機會的話一起跟著基金會去國外參訪！,4,10,打群架的團隊很讚，期待繼續共創學校的未來！,4,,,努力照顧好自己與團隊,,謝謝基金會讓教育充滿了無限可能！,2026-02-04 21:30:00,936,36.235.124.2,,,,785a58cece86f7ed9a0f3be0f773d396,,,,4.0,3.0,3.0,4.0,3.0,4.0,4.0,4.0,3.0,4.0,3.0,4.0,3.0,60.0,3.0,3.0,3.0,4.0,4.0,4.0,3.0,4.0,3.0,3.0,3.0,3.0,3.0,3.0,3.0,3.0,3.0,3.0,2.0,2.0,2.0,2.0,3.0,3.0,0.1,4.0,3.0,0.1,3.0,0.0,4.0,0.1,0.0,0.1,3.0,0.1,0.1,0.0,1.0,2.0,1.0,3.0,3.0,3.0,0.0,0.1,0.1,0.1,,,,,,4.0,3.0,3.0,,,,,,,4.0,4.0,4.0,4.0,4.0,4.0,4.0,4.0,4.0,4.0,4.0,4.0,4.0,4.0,4.0,4.0,4.0,4.0,4.0,4.0,4.0,4.0,4.0,2.0,4.0,4.0,4.0,4.0,4.0,2.0,3.0,3.0,0.5,4.0,3.0,4.0,10.0,4.0
0,樟湖生態國中小,"組長 / 教師（含編制外教學人員）
校內教練 / 教召
聯盟教練 / 教召",2.0,5 年以上,,,,,,4,4 - 非常認同,4 - 非常認同,4 - 非常認同,4 - 非常認同,4 - 非常認同,4 - 非常認同,3 - 同意,4 - 非常同意,3 - 同意,3 - 同意,3 - 同意,2 - 不同意,小於 30 分鐘,2 - 不同意,2 - 不同意,2 - 不同意,4 - 非常認同,4 - 非常認同,4 - 非常認同,4 - 非常認同,4 - 非常認同,2 - 不同意,3 - 同意,3 - 同意,2 - 不同意,2 - 不同意,,,,,,,,,,,3 - 有幫助,3 - 有幫助,知道但沒有使用過,4 - 非常有幫助,,知道但沒有使用過,知道但沒有使用過,知道但沒有使用過,2 - 沒有幫助,知道但沒有使用過,知道但沒有使用過,知道但沒有使用過,知道但沒有使用過,我不知道這個資源,3 - 有幫助,知道但沒有使用過,知道但沒有使用過,很少使用（6 個月內 1~2 次）,從沒使用過,從沒使用過,,3 - 有幫助,知道但沒有使用過,知道但沒有使用過,4 - 非常有幫助,知道但沒有使用過,知道但沒有使用過,知道但沒有使用過,,,,,,,,,,,,知道但沒有使用過,3 - 有幫助,知道但沒有使用過,4 - 非常有幫助,知道但沒有使用過,知道但沒有使用過,,3,學校有溝通，但我不太理解,3,3,2,3,2,3,2,3,2,3,3,2,3,3,2,4,3,3,2,2,3,2,2,與大家在一起連結、共感與成長～～～,"光是在KIST學校就已比其它學校事務繁重，希望可以避免大量的外部機構入校，或是非當事人許願的單位介入，因為對師生並未有實質助益，只有帶來干擾與困擾。
身為教師，我想大家想從事與投入的是教育，不是行政、也不是SOCAIL，而是SEL。
還有不只是KIST學校的教職員，也可以感受到整個基金會後台夥伴的疲憊與繁雜，在每年峰會、共識營都有許多的學習，但這些年來不斷累積的加法，讓我更思考或許需要的其實是減法與回歸最初的本質。
心疼好多好多人的WORK HARD，根本是血汗工廠。
我想最重要的不應該被擺在最後的，BE NICE，是希望大家身心幸福，能夠落實健康第一，而非因為太過操勞，而不斷提醒大家氧氣罩重要性的口號。
真的太＂操＂了！",,,4,4,3,3,1,3,1,考慮任職 2 年以上,2,1,身心健康幸福,3,8,,3,,,成長性思維,上對下（基金會對領導人、主管階層對教師）的期待要化為產出與成果與繁雜的事務,在KIST快樂並痛苦著，但這些痛苦雖然有成長，卻也耗損好多大家的精氣神，覺得心疼～,2026-02-04 22:01:40,3783,123.51.239.96,,,,e558f6867034616bdbecb4039a5ebf06,,,,4.0,4.0,4.0,4.0,4.0,4.0,4.0,3.0,4.0,3.0,3.0,3.0,2.0,,2.0,2.0,2.0,4.0,4.0,4.0,4.0,4.0,2.0,3.0,3.0,2.0,2.0,,,,,,,,,,3.0,3.0,0.1,4.0,0.1,0.1,0.1,2.0,0.1,0.1,0.1,0.1,0.0,3.0,0.1,0.1,2.0,1.0,1.0,3.0,0.1,0.1,4.0,0.1,0.1,0.1,,,,,,,,,0.1,3.0,0.1,4.0,0.1,0.1,3.0,,3.0,3.0,2.0,3.0,2.0,3.0,2.0,3.0,2.0,3.0,3.0,2.0,3.0,3.0,2.0,4.0,3.0,3.0,2.0,2.0,3.0,2.0,2.0,4.0,4.0,3.0,3.0,1.0,3.0,1.0,2.0,2.0,1.0,3.0,8.0,3.0
0,宜梧國中,組長 / 教師（含編制外教學人員）,0.0,1 年以下,認同 KIST 的理念,,,"1. 無接觸任何 KIST 管道
2. 【KIST 教育實驗室】Instagram
3. 【KIST 教育實驗室】Facebook",,4,4 - 非常認同,4 - 非常認同,4 - 非常認同,3 - 認同,4 - 非常認同,4 - 非常認同,4 - 非常同意,4 - 非常同意,4 - 非常同意,3 - 同意,4 - 非常同意,4 - 非常同意,30~60 分鐘,3 - 同意,3 - 同意,3 - 同意,3 - 認同,4 - 非常認同,4 - 非常認同,4 - 非常認同,4 - 非常認同,3 - 同意,4 - 非常同意,3 - 同意,2 - 不同意,3 - 同意,3 - 有幫助,知道但沒有使用過,3 - 有幫助,我不知道這個資源,2 - 沒有幫助,從沒使用過,從沒使用過,很少使用（6 個月內 1~2 次）,從沒使用過,,4 - 非常有幫助,4 - 非常有幫助,知道但沒有使用過,4 - 非常有幫助,,知道但沒有使用過,知道但沒有使用過,3 - 有幫助,3 - 有幫助,知道但沒有使用過,我不知道這個資源,我不知道這個資源,知道但沒有使用過,3 - 有幫助,我不知道這個資源,我不知道這個資源,知道但沒有使用過,很少使用（6 個月內 1~2 次）,偶爾使用（6 個月內 3~6 次）,從沒使用過,,3 - 有幫助,知道但沒有使用過,我不知道這個資源,我不知道這個資源,知道但沒有使用過,我不知道這個資源,知道但沒有使用過,,,,,,,,3 - 有幫助,3 - 有幫助,3 - 有幫助,,,,,,,,,4,4 - 非常認同,3,4,4,4,3,3,4,4,4,4,4,4,4,4,4,4,4,4,4,4,4,1,4,學校願景文化與個人理念相符,暫無,提供教師許多資源、打群架的文化,暫無,4,4,2,3,1,1,1,考慮 1 年內持續任職,3,2,跟著夥伴穩步前行,4,8,,4,,,團結,暫無,,2026-02-05 9:28:30,661,2001:b400:e56d:54a0:518:cea1:ea18:b3de,,,,5564be09ddd8c10d02f47e6919cfbc41,,,,4.0,4.0,4.0,4.0,3.0,4.0,4.0,4.0,4.0,4.0,3.0,4.0,4.0,30.0,3.0,3.0,3.0,3.0,4.0,4.0,4.0,4.0,3.0,4.0,3.0,2.0,3.0,3.0,0.1,3.0,0.0,2.0,1.0,1.0,2.0,1.0,4.0,4.0,0.1,4.0,0.1,0.1,3.0,3.0,0.1,0.0,0.0,0.1,3.0,0.0,0.0,0.1,2.0,3.0,1.0,3.0,0.1,0.0,0.0,0.1,0.0,0.1,,,,,,3.0,3.0,3.0,,,,,,,4.0,4.0,3.0,4.0,4.0,4.0,3.0,3.0,4.0,4.0,4.0,4.0,4.0,4.0,4.0,4.0,4.0,4.0,4.0,4.0,4.0,4.0,4.0,1.0,4.0,4.0,4.0,2.0,3.0,1.0,1.0,1.0,0.5,3.0,2.0,4.0,8.0,4.0
0,坪林實中,組長 / 教師（含編制外教學人員）,0.5,1 年以下,"認同 KIST 的理念
KIST 夥伴直接引薦（請於下題說明推薦人）",,蔡曜陽,1. 其他,曾擔任KIST學伴志工、後台實習生,4,3 - 認同,3 - 認同,3 - 認同,3 - 認同,3 - 認同,4 - 非常認同,2 - 不同意,2 - 不同意,3 - 同意,3 - 同意,3 - 同意,2 - 不同意,小於 30 分鐘,2 - 不同意,3 - 同意,2 - 不同意,3 - 認同,4 - 非常認同,3 - 認同,3 - 認同,我不理解這項 KIST 教學特色,2 - 不同意,3 - 同意,2 - 不同意,2 - 不同意,我不理解這項 KIST 教學特色,4 - 非常有幫助,3 - 有幫助,知道但沒有使用過,知道但沒有使用過,知道但沒有使用過,偶爾使用（6 個月內 3~6 次）,從沒使用過,從沒使用過,從沒使用過,,3 - 有幫助,3 - 有幫助,知道但沒有使用過,3 - 有幫助,,我不知道這個資源,知道但沒有使用過,知道但沒有使用過,知道但沒有使用過,知道但沒有使用過,3 - 有幫助,知道但沒有使用過,3 - 有幫助,知道但沒有使用過,知道但沒有使用過,知道但沒有使用過,知道但沒有使用過,從沒使用過,很少使用（6 個月內 1~2 次）,偶爾使用（6 個月內 3~6 次）,,知道但沒有使用過,3 - 有幫助,知道但沒有使用過,知道但沒有使用過,知道但沒有使用過,知道但沒有使用過,知道但沒有使用過,,,,,,,,,,,,,,,,,,,4,3 - 認同,3,4,3,3,3,3,3,3,3,3,4,3,4,4,3,3,3,3,3,3,4,2,3,具接納性的學校氛圍,暫無！,大家基於為教育盡一份力的心意，都很有成長心態願意持續增能,"引進一些教學方法的時候感覺走得偏快，會感覺有點壓力
（但跟政府教育部門比起來，其實已經是相對有在參考現場教師的回饋跟調整步調了，政府教育部門是根本沒在管現場要不要做直接硬推QAQ）",4,4,3,3,2,3,3,考慮 1 - 2 年內持續任職,3,3,暫無！,4,9,,4,,,對於教師身心健康的重視,"好像也不是說減少，但會覺得聯盟想推的好東西（e.g.非認知平台、TDP、動滋券），可能會很需要先跟具有學校現場經驗的夥伴一起激盪出能與既有學校運作體系初步「相嵌」的策略，讓現場夥伴比較不會有「多一件事情要做」的感覺
案例：個人覺得非認知平台其實跟學生輔導資料B表或成績單期末評語的性質有點像，但導師光是每學期為每位學生打一筆紀錄，或是任課老師要打期末評語就很頭痛，就更別說是要額外花時間在非認知平台上做紀錄><",謝謝聯盟為現場教師先想了很多事，希望後台的大家也要健康第一喔！,2026-02-05 10:28:02,2438,2001:288:22e6:20:1915:8f7a:4b1c:f0ce,,,,5f00dac8a9870e890a25f1536cc1c849,,,,4.0,3.0,3.0,3.0,3.0,3.0,4.0,2.0,2.0,3.0,3.0,3.0,2.0,,2.0,3.0,2.0,3.0,4.0,3.0,3.0,0.0,2.0,3.0,2.0,2.0,0.0,4.0,3.0,0.1,0.1,0.1,3.0,1.0,1.0,1.0,3.0,3.0,0.1,3.0,0.0,0.1,0.1,0.1,0.1,3.0,0.1,3.0,0.1,0.1,0.1,0.1,1.0,2.0,3.0,0.1,3.0,0.1,0.1,0.1,0.1,0.1,,,,,,,,,,,,,,,4.0,3.0,3.0,4.0,3.0,3.0,3.0,3.0,3.0,3.0,3.0,3.0,4.0,3.0,4.0,4.0,3.0,3.0,3.0,3.0,3.0,3.0,4.0,2.0,3.0,4.0,4.0,3.0,3.0,2.0,3.0,3.0,1.5,3.0,3.0,4.0,9.0,4.0
0,峨眉國中,校長 / 主任,16.0,1-2 年,,,,,,4,3 - 認同,4 - 非常認同,3 - 認同,3 - 認同,3 - 認同,4 - 非常認同,3 - 同意,3 - 同意,3 - 同意,4 - 非常同意,3 - 同意,3 - 同意,60~120 分鐘,3 - 同意,2 - 不同意,2 - 不同意,3 - 認同,3 - 認同,4 - 非常認同,3 - 認同,3 - 認同,3 - 同意,3 - 同意,3 - 同意,4 - 非常同意,3 - 同意,,,,,,,,,,,3 - 有幫助,3 - 有幫助,知道但沒有使用過,知道但沒有使用過,,3 - 有幫助,知道但沒有使用過,知道但沒有使用過,3 - 有幫助,知道但沒有使用過,知道但沒有使用過,知道但沒有使用過,知道但沒有使用過,3 - 有幫助,知道但沒有使用過,知道但沒有使用過,3 - 有幫助,很少使用（6 個月內 1~2 次）,很少使用（6 個月內 1~2 次）,很少使用（6 個月內 1~2 次）,,3 - 有幫助,3 - 有幫助,知道但沒有使用過,4 - 非常有幫助,知道但沒有使用過,知道但沒有使用過,知道但沒有使用過,,3 - 有幫助,知道但沒有使用過,知道但沒有使用過,3 - 有幫助,知道但沒有使用過,,,,,,,,,,,,,4,3 - 認同,4,4,3,4,3,3,3,3,3,3,2,3,3,3,3,3,2,3,3,3,3,2,3,用愛心說真話,"貼近教師的心聲
",,,3,3,3,2,2,2,2,考慮 1 - 2 年內持續任職,3,3,可以到基金會任職,3,8,持續與日俱進,3,,,"尾牙抽獎很棒
",減少坐在椅子上的研習課程,,2026-02-05 11:04:33,857,2401:e180:8c70:43c0:f4cf:25d:4d03:12d1,,,,ba4de79a3435ad8ee286693677053c4a,,,,4.0,3.0,4.0,3.0,3.0,3.0,4.0,3.0,3.0,3.0,4.0,3.0,3.0,60.0,3.0,2.0,2.0,3.0,3.0,4.0,3.0,3.0,3.0,3.0,3.0,4.0,3.0,,,,,,,,,,3.0,3.0,0.1,0.1,3.0,0.1,0.1,3.0,0.1,0.1,0.1,0.1,3.0,0.1,0.1,3.0,2.0,2.0,2.0,3.0,3.0,0.1,4.0,0.1,0.1,0.1,3.0,0.1,0.1,3.0,0.1,,,,,,,,,,4.0,3.0,4.0,4.0,3.0,4.0,3.0,3.0,3.0,3.0,3.0,3.0,2.0,3.0,3.0,3.0,3.0,3.0,2.0,3.0,3.0,3.0,3.0,2.0,3.0,3.0,3.0,3.0,2.0,2.0,2.0,2.0,1.5,3.0,3.0,3.0,8.0,3.0
0,樟湖生態國中小,組長 / 教師（含編制外教學人員）,0.5,3-5 年,,,,,,4,4 - 非常認同,4 - 非常認同,4 - 非常認同,4 - 非常認同,4 - 非常認同,4 - 非常認同,4 - 非常同意,4 - 非常同意,3 - 同意,3 - 同意,4 - 非常同意,3 - 同意,60~120 分鐘,3 - 同意,2 - 不同意,2 - 不同意,4 - 非常認同,4 - 非常認同,4 - 非常認同,4 - 非常認同,我不理解這項 KIST 教學特色,3 - 同意,3 - 同意,3 - 同意,3 - 同意,我不理解這項 KIST 教學特色,,,,,,,,,,,3 - 有幫助,3 - 有幫助,知道但沒有使用過,3 - 有幫助,,3 - 有幫助,知道但沒有使用過,知道但沒有使用過,3 - 有幫助,3 - 有幫助,知道但沒有使用過,我不知道這個資源,知道但沒有使用過,我不知道這個資源,知道但沒有使用過,我不知道這個資源,我不知道這個資源,經常使用（6 個月內 7 次以上）,從沒使用過,從沒使用過,,3 - 有幫助,我不知道這個資源,知道但沒有使用過,4 - 非常有幫助,知道但沒有使用過,知道但沒有使用過,知道但沒有使用過,,,,,,,,,,,,,,,,,,,3,3 - 認同,3,3,3,3,4,3,2,2,3,4,4,3,3,4,3,2,2,2,3,4,2,1,3,歡樂、自由。,真心信任下屬、工作分配均等。,,,4,4,4,2,3,3,3,考慮 1 - 2 年內持續任職,4,3,多方嘗試學習,4,7,,4,積極向外擴大影響力。,峰會及共識營時間縮短、課程選擇更多元有彈性。,峰會及共識營時間縮短、課程選擇更多元有彈性。,,,2026-02-05 11:17:50,918,2401:e180:8d02:2582:60fb:e496:6600:d7ea,,,,b3c3295d27e7b01d9e7211af12daaf71,,,,4.0,4.0,4.0,4.0,4.0,4.0,4.0,4.0,4.0,3.0,3.0,4.0,3.0,60.0,3.0,2.0,2.0,4.0,4.0,4.0,4.0,0.0,3.0,3.0,3.0,3.0,0.0,,,,,,,,,,3.0,3.0,0.1,3.0,3.0,0.1,0.1,3.0,3.0,0.1,0.0,0.1,0.0,0.1,0.0,0.0,4.0,1.0,1.0,3.0,0.0,0.1,4.0,0.1,0.1,0.1,,,,,,,,,,,,,,,3.0,3.0,3.0,3.0,3.0,3.0,4.0,3.0,2.0,2.0,3.0,4.0,4.0,3.0,3.0,4.0,3.0,2.0,2.0,2.0,3.0,4.0,2.0,1.0,3.0,4.0,4.0,4.0,2.0,3.0,3.0,3.0,1.5,4.0,3.0,4.0,7.0,4.0
0,樟湖生態國中小,"組長 / 教師（含編制外教學人員）
校內教練 / 教召
聯盟教練 / 教召",0.5,5 年以上,,,,,,4,4 - 非常認同,4 - 非常認同,4 - 非常認同,4 - 非常認同,3 - 認同,4 - 非常認同,4 - 非常同意,4 - 非常同意,3 - 同意,4 - 非常同意,3 - 同意,4 - 非常同意,30~60 分鐘,3 - 同意,3 - 同意,3 - 同意,3 - 認同,3 - 認同,3 - 認同,3 - 認同,3 - 認同,3 - 同意,3 - 同意,3 - 同意,4 - 非常同意,3 - 同意,,,,,,,,,,,3 - 有幫助,4 - 非常有幫助,3 - 有幫助,3 - 有幫助,,3 - 有幫助,知道但沒有使用過,3 - 有幫助,2 - 沒有幫助,3 - 有幫助,3 - 有幫助,知道但沒有使用過,4 - 非常有幫助,3 - 有幫助,3 - 有幫助,3 - 有幫助,3 - 有幫助,偶爾使用（6 個月內 3~6 次）,偶爾使用（6 個月內 3~6 次）,偶爾使用（6 個月內 3~6 次）,出國進修希望有機會是可以自薦,3 - 有幫助,3 - 有幫助,3 - 有幫助,4 - 非常有幫助,3 - 有幫助,4 - 非常有幫助,4 - 非常有幫助,,,,,,,,,,,,3 - 有幫助,3 - 有幫助,3 - 有幫助,3 - 有幫助,3 - 有幫助,4 - 非常有幫助,,3,3 - 認同,3,3,3,3,3,3,3,3,3,3,3,3,2,2,2,2,2,3,3,2,2,3,2,給予多種類的機會與方法,各校間一致性的整合,,,3,4,4,2,3,3,3,考慮任職 2 年以上,3,3,為台灣教育盡力,3,7,仍有可以進步的空間,3,,,用愛心說真話當事人原則,能理解需要行銷但煙火式的活動對於學生或教學都是需要減少的,,2026-02-05 11:37:51,1206,1.173.226.117,,,,a2b8e85f9d4ae2502aabe20c30d6fbf9,,,,4.0,4.0,4.0,4.0,4.0,3.0,4.0,4.0,4.0,3.0,4.0,3.0,4.0,30.0,3.0,3.0,3.0,3.0,3.0,3.0,3.0,3.0,3.0,3.0,3.0,4.0,3.0,,,,,,,,,,3.0,4.0,3.0,3.0,3.0,0.1,3.0,2.0,3.0,3.0,0.1,4.0,3.0,3.0,3.0,3.0,3.0,3.0,3.0,3.0,3.0,3.0,4.0,3.0,4.0,4.0,,,,,,,,,3.0,3.0,3.0,3.0,3.0,4.0,3.0,3.0,3.0,3.0,3.0,3.0,3.0,3.0,3.0,3.0,3.0,3.0,3.0,3.0,2.0,2.0,2.0,2.0,2.0,3.0,3.0,2.0,2.0,3.0,2.0,3.0,4.0,4.0,2.0,3.0,3.0,3.0,2.0,3.0,3.0,3.0,7.0,3.0
0,坪林實中,組長 / 教師（含編制外教學人員）,22.0,2-3 年,,,,,,4,3 - 認同,3 - 認同,4 - 非常認同,3 - 認同,4 - 非常認同,3 - 認同,3 - 同意,3 - 同意,3 - 同意,3 - 同意,3 - 同意,4 - 非常同意,小於 30 分鐘,3 - 同意,2 - 不同意,2 - 不同意,3 - 認同,4 - 非常認同,3 - 認同,3 - 認同,3 - 認同,3 - 同意,3 - 同意,3 - 同意,3 - 同意,3 - 同意,,,,,,,,,,,3 - 有幫助,3 - 有幫助,3 - 有幫助,3 - 有幫助,感謝有特教共備了☺️,3 - 有幫助,知道但沒有使用過,知道但沒有使用過,3 - 有幫助,3 - 有幫助,知道但沒有使用過,3 - 有幫助,知道但沒有使用過,知道但沒有使用過,知道但沒有使用過,知道但沒有使用過,知道但沒有使用過,很少使用（6 個月內 1~2 次）,從沒使用過,從沒使用過,無,2 - 沒有幫助,3 - 有幫助,知道但沒有使用過,知道但沒有使用過,知道但沒有使用過,知道但沒有使用過,3 - 有幫助,無,,,,,,,,,,,,,,,,,,4,4 - 非常認同,4,4,3,3,3,3,4,4,3,3,4,3,4,4,3,4,3,4,4,3,4,2,4,用愛心說真話,無,,,4,4,4,4,1,1,2,考慮 1 年內持續任職,4,3,持續熱情,4,9,"具教學責任
以終為始的精神",4,"熱情友善
打群架精神","更具象化
鷹架建立更完整",共備共學,好像都很需要,無,2026-02-05 11:59:22,1376,2001:b400:e161:efb0:399e:30a9:3246:c096,,,,136a7a2c4f55dc4ab62148baef333c5a,,,,4.0,3.0,3.0,4.0,3.0,4.0,3.0,3.0,3.0,3.0,3.0,3.0,4.0,,3.0,2.0,2.0,3.0,4.0,3.0,3.0,3.0,3.0,3.0,3.0,3.0,3.0,,,,,,,,,,3.0,3.0,3.0,3.0,3.0,0.1,0.1,3.0,3.0,0.1,3.0,0.1,0.1,0.1,0.1,0.1,2.0,1.0,1.0,2.0,3.0,0.1,0.1,0.1,0.1,3.0,,,,,,,,,,,,,,,4.0,4.0,4.0,4.0,3.0,3.0,3.0,3.0,4.0,4.0,3.0,3.0,4.0,3.0,4.0,4.0,3.0,4.0,3.0,4.0,4.0,3.0,4.0,2.0,4.0,4.0,4.0,4.0,4.0,1.0,1.0,2.0,0.5,4.0,3.0,4.0,9.0,4.0
0,坪林實中,校長 / 主任,22.0,3-5 年,,,,,,4,4 - 非常認同,4 - 非常認同,4 - 非常認同,4 - 非常認同,4 - 非常認同,4 - 非常認同,4 - 非常同意,4 - 非常同意,4 - 非常同意,4 - 非常同意,4 - 非常同意,4 - 非常同意,60~120 分鐘,3 - 同意,1 - 非常不同意,3 - 同意,3 - 認同,4 - 非常認同,4 - 非常認同,4 - 非常認同,4 - 非常認同,3 - 同意,4 - 非常同意,4 - 非常同意,4 - 非常同意,3 - 同意,,,,,,,,,,,4 - 非常有幫助,4 - 非常有幫助,4 - 非常有幫助,4 - 非常有幫助,,4 - 非常有幫助,4 - 非常有幫助,3 - 有幫助,3 - 有幫助,知道但沒有使用過,知道但沒有使用過,3 - 有幫助,4 - 非常有幫助,知道但沒有使用過,4 - 非常有幫助,3 - 有幫助,4 - 非常有幫助,偶爾使用（6 個月內 3~6 次）,從沒使用過,從沒使用過,,4 - 非常有幫助,4 - 非常有幫助,3 - 有幫助,3 - 有幫助,知道但沒有使用過,知道但沒有使用過,4 - 非常有幫助,,4 - 非常有幫助,知道但沒有使用過,知道但沒有使用過,4 - 非常有幫助,3 - 有幫助,,,,,,,,,,,,,4,4 - 非常認同,4,4,4,4,4,4,4,3,4,4,4,4,3,3,4,4,4,4,4,4,4,1,3,"以孩子為中心, 能接受各種差異的存在","如何避免過度負載,讓大家耗損的心力有多一些修復的空間",,,4,4,4,4,4,3,4,考慮任職 2 年以上,4,1,"能積極發揮影響力, 協助聯盟發展KIST-Inside",4,9,"有持續成長的機會,並獲得充分的支持",4,,,"教師的心理支持系統
",實驗課程與學生社團的重新整併和規劃,,2026-02-05 12:29:25,3091,2001:288:22e6:20:e557:d4e3:b342:d799,,,,2c8add57ca140ec4085552629910eba9,,,,4.0,4.0,4.0,4.0,4.0,4.0,4.0,4.0,4.0,4.0,4.0,4.0,4.0,60.0,3.0,1.0,3.0,3.0,4.0,4.0,4.0,4.0,3.0,4.0,4.0,4.0,3.0,,,,,,,,,,4.0,4.0,4.0,4.0,4.0,4.0,3.0,3.0,0.1,0.1,3.0,4.0,0.1,4.0,3.0,4.0,3.0,1.0,1.0,4.0,4.0,3.0,3.0,0.1,0.1,4.0,4.0,0.1,0.1,4.0,3.0,,,,,,,,,,4.0,4.0,4.0,4.0,4.0,4.0,4.0,4.0,4.0,3.0,4.0,4.0,4.0,4.0,3.0,3.0,4.0,4.0,4.0,4.0,4.0,4.0,4.0,1.0,3.0,4.0,4.0,4.0,4.0,4.0,3.0,4.0,2.0,4.0,1.0,4.0,9.0,4.0
0,宜梧國中,組長 / 教師（含編制外教學人員）,12.0,1 年以下,轉型前便服務於這所學校,,,1. 無接觸任何 KIST 管道,無,4,4 - 非常認同,4 - 非常認同,4 - 非常認同,4 - 非常認同,4 - 非常認同,4 - 非常認同,4 - 非常同意,4 - 非常同意,4 - 非常同意,4 - 非常同意,4 - 非常同意,4 - 非常同意,小於 30 分鐘,4 - 非常同意,4 - 非常同意,4 - 非常同意,4 - 非常認同,4 - 非常認同,4 - 非常認同,4 - 非常認同,4 - 非常認同,4 - 非常同意,4 - 非常同意,4 - 非常同意,4 - 非常同意,4 - 非常同意,4 - 非常有幫助,4 - 非常有幫助,4 - 非常有幫助,4 - 非常有幫助,4 - 非常有幫助,很少使用（6 個月內 1~2 次）,經常使用（6 個月內 7 次以上）,很少使用（6 個月內 1~2 次）,很少使用（6 個月內 1~2 次）,,4 - 非常有幫助,4 - 非常有幫助,知道但沒有使用過,3 - 有幫助,,知道但沒有使用過,知道但沒有使用過,4 - 非常有幫助,4 - 非常有幫助,4 - 非常有幫助,4 - 非常有幫助,4 - 非常有幫助,4 - 非常有幫助,4 - 非常有幫助,4 - 非常有幫助,4 - 非常有幫助,我不知道這個資源,經常使用（6 個月內 7 次以上）,經常使用（6 個月內 7 次以上）,經常使用（6 個月內 7 次以上）,,4 - 非常有幫助,4 - 非常有幫助,4 - 非常有幫助,4 - 非常有幫助,4 - 非常有幫助,4 - 非常有幫助,4 - 非常有幫助,,,,,,,,4 - 非常有幫助,4 - 非常有幫助,知道但沒有使用過,,,,,,,,,4,4 - 非常認同,4,4,4,4,4,4,4,4,4,4,4,4,4,4,4,4,4,4,4,4,4,4,4,都是,是,無,無,4,4,4,4,1,1,1,考慮 1 年內持續任職,4,1,無,4,10,,4,,,,,,2026-02-05 13:44:01,396,220.136.150.225,,,,10535c5f33ecb39a5f4513ac2c4adf4b,,,,4.0,4.0,4.0,4.0,4.0,4.0,4.0,4.0,4.0,4.0,4.0,4.0,4.0,,4.0,4.0,4.0,4.0,4.0,4.0,4.0,4.0,4.0,4.0,4.0,4.0,4.0,4.0,4.0,4.0,4.0,4.0,2.0,4.0,2.0,2.0,4.0,4.0,0.1,3.0,0.1,0.1,4.0,4.0,4.0,4.0,4.0,4.0,4.0,4.0,4.0,0.0,4.0,4.0,4.0,4.0,4.0,4.0,4.0,4.0,4.0,4.0,,,,,,4.0,4.0,0.1,,,,,,,4.0,4.0,4.0,4.0,4.0,4.0,4.0,4.0,4.0,4.0,4.0,4.0,4.0,4.0,4.0,4.0,4.0,4.0,4.0,4.0,4.0,4.0,4.0,4.0,4.0,4.0,4.0,4.0,4.0,1.0,1.0,1.0,0.5,4.0,1.0,4.0,10.0,4.0
0,樟湖生態國中小,組長 / 教師（含編制外教學人員）,0.0,2-3 年,,,,,,3,4 - 非常認同,4 - 非常認同,4 - 非常認同,4 - 非常認同,4 - 非常認同,4 - 非常認同,4 - 非常同意,3 - 同意,4 - 非常同意,3 - 同意,3 - 同意,2 - 不同意,60~120 分鐘,3 - 同意,3 - 同意,3 - 同意,4 - 非常認同,4 - 非常認同,4 - 非常認同,4 - 非常認同,我不理解這項 KIST 教學特色,2 - 不同意,3 - 同意,4 - 非常同意,3 - 同意,我不理解這項 KIST 教學特色,,,,,,,,,,,4 - 非常有幫助,4 - 非常有幫助,3 - 有幫助,4 - 非常有幫助,,3 - 有幫助,知道但沒有使用過,3 - 有幫助,4 - 非常有幫助,3 - 有幫助,3 - 有幫助,我不知道這個資源,知道但沒有使用過,4 - 非常有幫助,知道但沒有使用過,知道但沒有使用過,我不知道這個資源,偶爾使用（6 個月內 3~6 次）,經常使用（6 個月內 7 次以上）,偶爾使用（6 個月內 3~6 次）,,3 - 有幫助,4 - 非常有幫助,知道但沒有使用過,4 - 非常有幫助,知道但沒有使用過,知道但沒有使用過,知道但沒有使用過,,,,,,,,,,,,,,,,,,,4,3 - 認同,2,4,4,2,3,4,3,4,3,4,4,4,4,4,3,3,3,3,4,4,2,2,3,充滿彈性與活力,現在就非常受到鼓勵了，謝謝聯盟的每位合作夥伴,,,4,3,4,2,1,1,1,考慮 1 年內持續任職,2,4,思考自己的職涯中！,4,8,,4,,,,,,2026-02-05 14:36:17,645,2001:b400:e4d9:9f2b:5815:9bae:aad7:ec85,,,,84acf5607822c2b47e7cc2c0411e3314,,,,3.0,4.0,4.0,4.0,4.0,4.0,4.0,4.0,3.0,4.0,3.0,3.0,2.0,60.0,3.0,3.0,3.0,4.0,4.0,4.0,4.0,0.0,2.0,3.0,4.0,3.0,0.0,,,,,,,,,,4.0,4.0,3.0,4.0,3.0,0.1,3.0,4.0,3.0,3.0,0.0,0.1,4.0,0.1,0.1,0.0,3.0,4.0,3.0,3.0,4.0,0.1,4.0,0.1,0.1,0.1,,,,,,,,,,,,,,,4.0,3.0,2.0,4.0,4.0,2.0,3.0,4.0,3.0,4.0,3.0,4.0,4.0,4.0,4.0,4.0,3.0,3.0,3.0,3.0,4.0,4.0,2.0,2.0,3.0,4.0,3.0,4.0,2.0,1.0,1.0,1.0,0.5,2.0,4.0,4.0,8.0,4.0
0,樟湖生態國中小,組長 / 教師（含編制外教學人員）,2.0,1-2 年,,,,,,3,3 - 認同,3 - 認同,4 - 非常認同,3 - 認同,3 - 認同,4 - 非常認同,3 - 同意,3 - 同意,3 - 同意,2 - 不同意,2 - 不同意,4 - 非常同意,30~60 分鐘,3 - 同意,3 - 同意,3 - 同意,3 - 認同,3 - 認同,3 - 認同,3 - 認同,我不理解這項 KIST 教學特色,2 - 不同意,3 - 同意,3 - 同意,2 - 不同意,2 - 不同意,,,,,,,,,,,3 - 有幫助,4 - 非常有幫助,知道但沒有使用過,知道但沒有使用過,,知道但沒有使用過,知道但沒有使用過,3 - 有幫助,知道但沒有使用過,知道但沒有使用過,知道但沒有使用過,知道但沒有使用過,知道但沒有使用過,知道但沒有使用過,知道但沒有使用過,知道但沒有使用過,我不知道這個資源,從沒使用過,很少使用（6 個月內 1~2 次）,從沒使用過,,3 - 有幫助,知道但沒有使用過,知道但沒有使用過,知道但沒有使用過,知道但沒有使用過,知道但沒有使用過,知道但沒有使用過,,,,,,,,,,,,,,,,,,,3,3 - 認同,3,3,2,3,3,3,3,3,3,3,3,2,3,4,4,4,4,3,3,3,3,3,4,大家很用心的溝通事情，讓我們越來越好，彼此都是彼此的力量~,因為工作環境比較特別，沒有具體的建議，有問題都會向主管提出!,,,3,4,4,2,1,1,1,考慮 1 年內持續任職,3,3,希望可以健健康康，完成每個任務,4,6,,3,,,峰會+共識營，充電又放鬆~,沒有想到，都有認同並願意執行~,謝謝大家~辛苦了~ 繼續努力~ ,2026-02-05 16:55:22,20098,2001:b400:e116:67be:1d28:9dc7:8d8d:7cc2,,,,0404bd72abcccad544434f19a66507a3,,,,3.0,3.0,3.0,4.0,3.0,3.0,4.0,3.0,3.0,3.0,2.0,2.0,4.0,30.0,3.0,3.0,3.0,3.0,3.0,3.0,3.0,0.0,2.0,3.0,3.0,2.0,2.0,,,,,,,,,,3.0,4.0,0.1,0.1,0.1,0.1,3.0,0.1,0.1,0.1,0.1,0.1,0.1,0.1,0.1,0.0,1.0,2.0,1.0,3.0,0.1,0.1,0.1,0.1,0.1,0.1,,,,,,,,,,,,,,,3.0,3.0,3.0,3.0,2.0,3.0,3.0,3.0,3.0,3.0,3.0,3.0,3.0,2.0,3.0,4.0,4.0,4.0,4.0,3.0,3.0,3.0,3.0,3.0,4.0,3.0,4.0,4.0,2.0,1.0,1.0,1.0,0.5,3.0,3.0,4.0,6.0,3.0
0,坪林實中,校長 / 主任,11.0,3-5 年,,,,,,4,3 - 認同,3 - 認同,3 - 認同,3 - 認同,4 - 非常認同,4 - 非常認同,4 - 非常同意,3 - 同意,3 - 同意,3 - 同意,3 - 同意,3 - 同意,小於 30 分鐘,2 - 不同意,2 - 不同意,2 - 不同意,3 - 認同,3 - 認同,3 - 認同,3 - 認同,3 - 認同,3 - 同意,3 - 同意,3 - 同意,3 - 同意,3 - 同意,,,,,,,,,,,3 - 有幫助,3 - 有幫助,3 - 有幫助,3 - 有幫助,,3 - 有幫助,知道但沒有使用過,3 - 有幫助,2 - 沒有幫助,知道但沒有使用過,知道但沒有使用過,我不知道這個資源,知道但沒有使用過,我不知道這個資源,知道但沒有使用過,知道但沒有使用過,4 - 非常有幫助,偶爾使用（6 個月內 3~6 次）,偶爾使用（6 個月內 3~6 次）,從沒使用過,,2 - 沒有幫助,2 - 沒有幫助,知道但沒有使用過,3 - 有幫助,知道但沒有使用過,知道但沒有使用過,2 - 沒有幫助,,3 - 有幫助,3 - 有幫助,3 - 有幫助,2 - 沒有幫助,2 - 沒有幫助,,,,,,,,,,,,,3,3 - 認同,3,3,3,3,4,3,2,3,2,3,3,3,2,2,3,2,2,3,2,3,3,1,2,夥伴關係打群架文化,"1.專案分工，讓工作能更專一與專精
2.簡化繁瑣資料搜集與成果報告
3.各校領導人理念與姿態能一致化",,,3,3,4,2,3,3,3,考慮 1 年內持續任職,3,3,"期盼更能做我自己
",3,7,外界對kist 的認肯,3,,,"持續提供教育新知學習與實用教學工具
持續辦理尾牙","不要每年更動新的政策與教學策略
舊的都還沒做紮實就又要換
","許願薩提爾研習在北部辦理
提供教師心理諮商服務",2026-02-05 16:55:54,6903,2402:7500:59a:b026:81aa:eccc:4873:d1d4,,,,da8dce829acfcf00c955ad3431567b89,,,,4.0,3.0,3.0,3.0,3.0,4.0,4.0,4.0,3.0,3.0,3.0,3.0,3.0,,2.0,2.0,2.0,3.0,3.0,3.0,3.0,3.0,3.0,3.0,3.0,3.0,3.0,,,,,,,,,,3.0,3.0,3.0,3.0,3.0,0.1,3.0,2.0,0.1,0.1,0.0,0.1,0.0,0.1,0.1,4.0,3.0,3.0,1.0,2.0,2.0,0.1,3.0,0.1,0.1,2.0,3.0,3.0,3.0,2.0,2.0,,,,,,,,,,3.0,3.0,3.0,3.0,3.0,3.0,4.0,3.0,2.0,3.0,2.0,3.0,3.0,3.0,2.0,2.0,3.0,2.0,2.0,3.0,2.0,3.0,3.0,1.0,2.0,3.0,3.0,4.0,2.0,3.0,3.0,3.0,0.5,3.0,3.0,3.0,7.0,3.0
0,宜梧國中,組長 / 教師（含編制外教學人員）,4.0,1 年以下,轉型前便服務於這所學校,,,1. 無接觸任何 KIST 管道,,4,4 - 非常認同,4 - 非常認同,4 - 非常認同,4 - 非常認同,4 - 非常認同,4 - 非常認同,4 - 非常同意,4 - 非常同意,4 - 非常同意,4 - 非常同意,4 - 非常同意,4 - 非常同意,小於 30 分鐘,4 - 非常同意,3 - 同意,3 - 同意,3 - 認同,4 - 非常認同,4 - 非常認同,4 - 非常認同,3 - 認同,4 - 非常同意,4 - 非常同意,4 - 非常同意,4 - 非常同意,3 - 同意,4 - 非常有幫助,3 - 有幫助,4 - 非常有幫助,4 - 非常有幫助,3 - 有幫助,從沒使用過,從沒使用過,很少使用（6 個月內 1~2 次）,從沒使用過,,4 - 非常有幫助,4 - 非常有幫助,知道但沒有使用過,4 - 非常有幫助,,3 - 有幫助,3 - 有幫助,3 - 有幫助,4 - 非常有幫助,3 - 有幫助,4 - 非常有幫助,4 - 非常有幫助,知道但沒有使用過,知道但沒有使用過,我不知道這個資源,我不知道這個資源,我不知道這個資源,從沒使用過,偶爾使用（6 個月內 3~6 次）,很少使用（6 個月內 1~2 次）,,3 - 有幫助,2 - 沒有幫助,知道但沒有使用過,我不知道這個資源,知道但沒有使用過,我不知道這個資源,3 - 有幫助,,,,,,,,1 - 完全沒有幫助,1 - 完全沒有幫助,知道但沒有使用過,無,,,,,,,,4,3 - 認同,4,4,4,4,4,4,4,4,4,4,4,4,4,4,4,4,4,4,4,4,4,4,4,峰會,無,同事感情好,無,4,4,4,4,4,4,4,考慮 1 年內持續任職,4,4,無,4,7,無,4,,,,,,2026-02-05 20:20:50,341,2001:b400:e252:36:9cc9:d4f:e00b:cc3f,,,,c16a7930d912ad536adfaba07b1292a8,,,,4.0,4.0,4.0,4.0,4.0,4.0,4.0,4.0,4.0,4.0,4.0,4.0,4.0,,4.0,3.0,3.0,3.0,4.0,4.0,4.0,3.0,4.0,4.0,4.0,4.0,3.0,4.0,3.0,4.0,4.0,3.0,1.0,1.0,2.0,1.0,4.0,4.0,0.1,4.0,3.0,3.0,3.0,4.0,3.0,4.0,4.0,0.1,0.1,0.0,0.0,0.0,1.0,3.0,2.0,3.0,2.0,0.1,0.0,0.1,0.0,3.0,,,,,,1.0,1.0,0.1,,,,,,,4.0,3.0,4.0,4.0,4.0,4.0,4.0,4.0,4.0,4.0,4.0,4.0,4.0,4.0,4.0,4.0,4.0,4.0,4.0,4.0,4.0,4.0,4.0,4.0,4.0,4.0,4.0,4.0,4.0,4.0,4.0,4.0,0.5,4.0,4.0,4.0,7.0,4.0
0,樟湖生態國中小,校長 / 主任,11.0,5 年以上,,,,,,4,3 - 認同,3 - 認同,3 - 認同,3 - 認同,3 - 認同,4 - 非常認同,3 - 同意,3 - 同意,3 - 同意,3 - 同意,3 - 同意,3 - 同意,30~60 分鐘,3 - 同意,3 - 同意,3 - 同意,3 - 認同,3 - 認同,3 - 認同,3 - 認同,2 - 不認同,3 - 同意,3 - 同意,3 - 同意,3 - 同意,2 - 不同意,,,,,,,,,,,3 - 有幫助,3 - 有幫助,知道但沒有使用過,3 - 有幫助,能更具體且實際幫助該科目的老師,3 - 有幫助,3 - 有幫助,2 - 沒有幫助,3 - 有幫助,4 - 非常有幫助,1 - 完全沒有幫助,知道但沒有使用過,知道但沒有使用過,3 - 有幫助,知道但沒有使用過,知道但沒有使用過,知道但沒有使用過,偶爾使用（6 個月內 3~6 次）,很少使用（6 個月內 1~2 次）,從沒使用過,,3 - 有幫助,3 - 有幫助,3 - 有幫助,3 - 有幫助,知道但沒有使用過,知道但沒有使用過,3 - 有幫助,,3 - 有幫助,3 - 有幫助,知道但沒有使用過,3 - 有幫助,3 - 有幫助,,,,,,,,,,,,,4,3 - 認同,3,4,4,4,4,4,4,3,4,4,3,4,3,4,4,4,4,3,3,3,4,2,4,有一群有共同願景的夥伴一起努力,工作職務能適時調整 讓每個人發揮所長,,,4,4,4,4,3,3,3,考慮任職 2 年以上,3,1,在樟湖持續推動教育相關工作,4,8,充滿動能 持續前進 但因為個人家庭因素有時會跟不上,4,愛心說真話,峰會形式改變,圍圈分享文化,不必要的參訪,,2026-02-06 6:24:17,748,2001:b400:e40d:5cf:78d6:4863:a438:b6c3,,,,e14a12effe8068de7c45e76d278fa868,,,,4.0,3.0,3.0,3.0,3.0,3.0,4.0,3.0,3.0,3.0,3.0,3.0,3.0,30.0,3.0,3.0,3.0,3.0,3.0,3.0,3.0,2.0,3.0,3.0,3.0,3.0,2.0,,,,,,,,,,3.0,3.0,0.1,3.0,3.0,3.0,2.0,3.0,4.0,1.0,0.1,0.1,3.0,0.1,0.1,0.1,3.0,2.0,1.0,3.0,3.0,3.0,3.0,0.1,0.1,3.0,3.0,3.0,0.1,3.0,3.0,,,,,,,,,,4.0,3.0,3.0,4.0,4.0,4.0,4.0,4.0,4.0,3.0,4.0,4.0,3.0,4.0,3.0,4.0,4.0,4.0,4.0,3.0,3.0,3.0,4.0,2.0,4.0,4.0,4.0,4.0,4.0,3.0,3.0,3.0,2.0,3.0,1.0,4.0,8.0,4.0
0,仙草實小,組長 / 教師（含編制外教學人員）,15.0,3-5 年,,,,,,4,3 - 認同,3 - 認同,3 - 認同,3 - 認同,3 - 認同,3 - 認同,3 - 同意,3 - 同意,3 - 同意,3 - 同意,3 - 同意,3 - 同意,120 分鐘以上,3 - 同意,3 - 同意,3 - 同意,3 - 認同,3 - 認同,3 - 認同,3 - 認同,3 - 認同,3 - 同意,3 - 同意,3 - 同意,3 - 同意,3 - 同意,,,,,,,,,,,知道但沒有使用過,知道但沒有使用過,知道但沒有使用過,知道但沒有使用過,,2 - 沒有幫助,知道但沒有使用過,3 - 有幫助,3 - 有幫助,知道但沒有使用過,3 - 有幫助,知道但沒有使用過,知道但沒有使用過,知道但沒有使用過,3 - 有幫助,知道但沒有使用過,知道但沒有使用過,經常使用（6 個月內 7 次以上）,很少使用（6 個月內 1~2 次）,偶爾使用（6 個月內 3~6 次）,,2 - 沒有幫助,2 - 沒有幫助,知道但沒有使用過,3 - 有幫助,知道但沒有使用過,我不知道這個資源,知道但沒有使用過,,,,,,,,,,,,,,,,,,,3,3 - 認同,3,3,4,4,4,4,3,3,4,4,4,4,4,4,4,3,3,3,4,4,4,1,3,向心力,沒有,,,4,4,3,3,1,1,1,考慮 1 年內持續任職,1,1,沒有,3,8,對老師的支持及支援,4,,,支持,沒有,,2026-02-06 9:17:22,804,2001:b400:e739:65cf:1e8:6f2c:bd68:2985,,,,d2ef80566b7835fc831b5c3ae931c8c6,,,,4.0,3.0,3.0,3.0,3.0,3.0,3.0,3.0,3.0,3.0,3.0,3.0,3.0,,3.0,3.0,3.0,3.0,3.0,3.0,3.0,3.0,3.0,3.0,3.0,3.0,3.0,,,,,,,,,,0.1,0.1,0.1,0.1,2.0,0.1,3.0,3.0,0.1,3.0,0.1,0.1,0.1,3.0,0.1,0.1,4.0,2.0,3.0,2.0,2.0,0.1,3.0,0.1,0.0,0.1,,,,,,,,,,,,,,,3.0,3.0,3.0,3.0,4.0,4.0,4.0,4.0,3.0,3.0,4.0,4.0,4.0,4.0,4.0,4.0,4.0,3.0,3.0,3.0,4.0,4.0,4.0,1.0,3.0,4.0,4.0,3.0,3.0,1.0,1.0,1.0,0.5,1.0,1.0,3.0,8.0,4.0
0,三民國中,組長 / 教師（含編制外教學人員）,11.0,1-2 年,,,,,,4,4 - 非常認同,4 - 非常認同,4 - 非常認同,4 - 非常認同,4 - 非常認同,4 - 非常認同,4 - 非常同意,4 - 非常同意,4 - 非常同意,4 - 非常同意,4 - 非常同意,4 - 非常同意,30~60 分鐘,4 - 非常同意,4 - 非常同意,4 - 非常同意,3 - 認同,3 - 認同,3 - 認同,3 - 認同,3 - 認同,3 - 同意,3 - 同意,3 - 同意,3 - 同意,3 - 同意,,,,,,,,,,,4 - 非常有幫助,4 - 非常有幫助,知道但沒有使用過,4 - 非常有幫助,,4 - 非常有幫助,知道但沒有使用過,4 - 非常有幫助,4 - 非常有幫助,知道但沒有使用過,知道但沒有使用過,4 - 非常有幫助,知道但沒有使用過,知道但沒有使用過,知道但沒有使用過,4 - 非常有幫助,知道但沒有使用過,很少使用（6 個月內 1~2 次）,偶爾使用（6 個月內 3~6 次）,很少使用（6 個月內 1~2 次）,,4 - 非常有幫助,3 - 有幫助,知道但沒有使用過,知道但沒有使用過,知道但沒有使用過,知道但沒有使用過,知道但沒有使用過,,,,,,,,,,,,,,,,,,,4,3 - 認同,4,4,4,4,4,4,4,4,4,4,4,4,4,4,4,4,4,4,4,4,4,4,4,團隊協作,總是能持續進步,,,4,4,4,4,4,3,3,考慮 1 年內持續任職,3,2,持續投入教育圈,4,10,有充分發展舞台,4,,,持續進步,減少非必要行政流程,,2026-02-06 10:26:06,654,210.240.38.48,,,,ed602edb4a16a48709ec65b489cb0edb,,,,4.0,4.0,4.0,4.0,4.0,4.0,4.0,4.0,4.0,4.0,4.0,4.0,4.0,30.0,4.0,4.0,4.0,3.0,3.0,3.0,3.0,3.0,3.0,3.0,3.0,3.0,3.0,,,,,,,,,,4.0,4.0,0.1,4.0,4.0,0.1,4.0,4.0,0.1,0.1,4.0,0.1,0.1,0.1,4.0,0.1,2.0,3.0,2.0,4.0,3.0,0.1,0.1,0.1,0.1,0.1,,,,,,,,,,,,,,,4.0,3.0,4.0,4.0,4.0,4.0,4.0,4.0,4.0,4.0,4.0,4.0,4.0,4.0,4.0,4.0,4.0,4.0,4.0,4.0,4.0,4.0,4.0,4.0,4.0,4.0,4.0,4.0,4.0,4.0,3.0,3.0,0.5,3.0,2.0,4.0,10.0,4.0
0,三民國中,組長 / 教師（含編制外教學人員）,23.0,3-5 年,,,,,,3,3 - 認同,3 - 認同,3 - 認同,3 - 認同,3 - 認同,3 - 認同,3 - 同意,3 - 同意,3 - 同意,3 - 同意,3 - 同意,3 - 同意,120 分鐘以上,3 - 同意,3 - 同意,3 - 同意,我不理解這項 KIST 教學特色,3 - 認同,我不理解這項 KIST 教學特色,我不理解這項 KIST 教學特色,我不理解這項 KIST 教學特色,2 - 不同意,3 - 同意,3 - 同意,2 - 不同意,2 - 不同意,,,,,,,,,,,2 - 沒有幫助,2 - 沒有幫助,知道但沒有使用過,知道但沒有使用過,,3 - 有幫助,知道但沒有使用過,知道但沒有使用過,知道但沒有使用過,知道但沒有使用過,知道但沒有使用過,知道但沒有使用過,知道但沒有使用過,知道但沒有使用過,知道但沒有使用過,知道但沒有使用過,知道但沒有使用過,從沒使用過,從沒使用過,從沒使用過,,知道但沒有使用過,知道但沒有使用過,知道但沒有使用過,知道但沒有使用過,知道但沒有使用過,知道但沒有使用過,知道但沒有使用過,,,,,,,,,,,,,,,,,,,3,學校有溝通，但我不太理解,2,3,3,3,3,3,3,3,3,3,3,3,3,3,3,3,3,3,3,3,3,2,3,還好,謝謝,,,3,3,2,2,1,1,1,考慮任職 2 年以上,1,1,無,2,1,謝謝,2,,,"溝通

尊重學生差異與理解接納",課業壓力,,2026-02-06 10:55:05,621,1.162.215.68,,,,17a9b3c4f0b285868d1d150d64ce3e66,,,,3.0,3.0,3.0,3.0,3.0,3.0,3.0,3.0,3.0,3.0,3.0,3.0,3.0,,3.0,3.0,3.0,0.0,3.0,0.0,0.0,0.0,2.0,3.0,3.0,2.0,2.0,,,,,,,,,,2.0,2.0,0.1,0.1,3.0,0.1,0.1,0.1,0.1,0.1,0.1,0.1,0.1,0.1,0.1,0.1,1.0,1.0,1.0,0.1,0.1,0.1,0.1,0.1,0.1,0.1,,,,,,,,,,,,,,,3.0,,2.0,3.0,3.0,3.0,3.0,3.0,3.0,3.0,3.0,3.0,3.0,3.0,3.0,3.0,3.0,3.0,3.0,3.0,3.0,3.0,3.0,2.0,3.0,3.0,3.0,2.0,2.0,1.0,1.0,1.0,2.0,1.0,1.0,2.0,1.0,2.0
0,峨眉國中,組長 / 教師（含編制外教學人員）,1.0,3-5 年,,,,,,4,我不理解這項核心價值內涵,3 - 認同,3 - 認同,3 - 認同,4 - 非常認同,4 - 非常認同,我不理解這項核心價值內涵,3 - 同意,2 - 不同意,3 - 同意,3 - 同意,1 - 非常不同意,30~60 分鐘,2 - 不同意,3 - 同意,3 - 同意,3 - 認同,3 - 認同,3 - 認同,3 - 認同,我不理解這項 KIST 教學特色,2 - 不同意,2 - 不同意,2 - 不同意,2 - 不同意,我不理解這項 KIST 教學特色,,,,,,,,,,,2 - 沒有幫助,3 - 有幫助,知道但沒有使用過,3 - 有幫助,,知道但沒有使用過,3 - 有幫助,知道但沒有使用過,2 - 沒有幫助,知道但沒有使用過,我不知道這個資源,我不知道這個資源,3 - 有幫助,知道但沒有使用過,知道但沒有使用過,知道但沒有使用過,知道但沒有使用過,從沒使用過,從沒使用過,從沒使用過,,3 - 有幫助,3 - 有幫助,知道但沒有使用過,知道但沒有使用過,知道但沒有使用過,知道但沒有使用過,知道但沒有使用過,,,,,,,,,,,,,,,,,,,3,學校有溝通，但我不太理解,2,3,2,3,2,2,2,3,3,4,2,4,3,3,3,2,3,3,4,2,4,2,1,對新手教師的支持陪伴,一次把一件事情做到精通，把多頭馬車的頭砍一砍。,,,2,3,4,1,1,1,1,考慮任職 2 年以上,2,2,好還要更好,2,2,,4,,,,,,2026-02-06 11:55:16,1917,2001:288:4422:1:152:fd57:595:d3e6,,,,e69c08015b0d74fa2c12f031b365cec8,,,,4.0,0.0,3.0,3.0,3.0,4.0,4.0,0.0,3.0,2.0,3.0,3.0,1.0,30.0,2.0,3.0,3.0,3.0,3.0,3.0,3.0,0.0,2.0,2.0,2.0,2.0,0.0,,,,,,,,,,2.0,3.0,0.1,3.0,0.1,3.0,0.1,2.0,0.1,0.0,0.0,3.0,0.1,0.1,0.1,0.1,1.0,1.0,1.0,3.0,3.0,0.1,0.1,0.1,0.1,0.1,,,,,,,,,,,,,,,3.0,,2.0,3.0,2.0,3.0,2.0,2.0,2.0,3.0,3.0,4.0,2.0,4.0,3.0,3.0,3.0,2.0,3.0,3.0,4.0,2.0,4.0,2.0,1.0,2.0,3.0,4.0,1.0,1.0,1.0,1.0,2.0,2.0,2.0,2.0,2.0,4.0
0,三民國中,組長 / 教師（含編制外教學人員）,10.0,5 年以上,,,,,,3,3 - 認同,3 - 認同,3 - 認同,3 - 認同,3 - 認同,3 - 認同,3 - 同意,3 - 同意,2 - 不同意,3 - 同意,2 - 不同意,2 - 不同意,30~60 分鐘,2 - 不同意,2 - 不同意,3 - 同意,3 - 認同,3 - 認同,3 - 認同,3 - 認同,3 - 認同,3 - 同意,3 - 同意,2 - 不同意,2 - 不同意,3 - 同意,,,,,,,,,,,3 - 有幫助,3 - 有幫助,3 - 有幫助,3 - 有幫助,,3 - 有幫助,3 - 有幫助,知道但沒有使用過,知道但沒有使用過,知道但沒有使用過,3 - 有幫助,知道但沒有使用過,知道但沒有使用過,3 - 有幫助,3 - 有幫助,知道但沒有使用過,知道但沒有使用過,很少使用（6 個月內 1~2 次）,偶爾使用（6 個月內 3~6 次）,偶爾使用（6 個月內 3~6 次）,,3 - 有幫助,知道但沒有使用過,3 - 有幫助,3 - 有幫助,知道但沒有使用過,知道但沒有使用過,知道但沒有使用過,,,,,,,,,,,,,,,,,,,4,我的學校未清楚溝通願景與目標,3,4,4,3,3,4,3,3,4,4,3,4,3,3,4,4,4,3,4,3,4,1,3,"能夠有比較多理念相同的夥伴，即使有錯誤，大家也會互相包容，及時解決問題。
工作團隊的氣氛和諧，比較有共識。",確實分析並分享各校的學生狀況，在跨校交流時會比較能夠有效對話。,,,4,4,4,4,1,2,3,考慮任職 2 年以上,2,2,希望能夠優化教學，並且建立自己的教學資料庫，並且適應行政工作，希望能再兩年後更熟練行政工作的節奏。同時擔任分享者，能夠繼續發展這一部份的能力，繼續整理自己的累積，並且分享給內外部夥伴。,3,7,,4,對於未受過培訓的老師進入現場，需要有外部教練的支援，校內人員的量能有限，能夠共備或觀議課的效能有限。,更加人性化，提供的資源更符合現場需求。,,"適度給予夥伴們任務，不要過度疊加。
",謝謝基金會的用心與資源，還有後臺夥伴們的辛苦付出。,2026-02-06 12:14:47,3160,210.240.38.121,,,,44e8cdd67d31eb6677094f4b1048ae62,,,,3.0,3.0,3.0,3.0,3.0,3.0,3.0,3.0,3.0,2.0,3.0,2.0,2.0,30.0,2.0,2.0,3.0,3.0,3.0,3.0,3.0,3.0,3.0,3.0,2.0,2.0,3.0,,,,,,,,,,3.0,3.0,3.0,3.0,3.0,3.0,0.1,0.1,0.1,3.0,0.1,0.1,3.0,3.0,0.1,0.1,2.0,3.0,3.0,3.0,0.1,3.0,3.0,0.1,0.1,0.1,,,,,,,,,,,,,,,4.0,,3.0,4.0,4.0,3.0,3.0,4.0,3.0,3.0,4.0,4.0,3.0,4.0,3.0,3.0,4.0,4.0,4.0,3.0,4.0,3.0,4.0,1.0,3.0,4.0,4.0,4.0,4.0,1.0,2.0,3.0,2.0,2.0,2.0,3.0,7.0,4.0
0,三民國中,組長 / 教師（含編制外教學人員）,0.1,1-2 年,,,,,,4,4 - 非常認同,4 - 非常認同,4 - 非常認同,4 - 非常認同,4 - 非常認同,4 - 非常認同,3 - 同意,3 - 同意,3 - 同意,3 - 同意,3 - 同意,3 - 同意,60~120 分鐘,3 - 同意,3 - 同意,3 - 同意,4 - 非常認同,4 - 非常認同,4 - 非常認同,4 - 非常認同,4 - 非常認同,3 - 同意,3 - 同意,3 - 同意,3 - 同意,3 - 同意,,,,,,,,,,,3 - 有幫助,3 - 有幫助,知道但沒有使用過,3 - 有幫助,,3 - 有幫助,知道但沒有使用過,3 - 有幫助,3 - 有幫助,3 - 有幫助,3 - 有幫助,3 - 有幫助,3 - 有幫助,3 - 有幫助,3 - 有幫助,3 - 有幫助,3 - 有幫助,經常使用（6 個月內 7 次以上）,經常使用（6 個月內 7 次以上）,經常使用（6 個月內 7 次以上）,,4 - 非常有幫助,4 - 非常有幫助,4 - 非常有幫助,4 - 非常有幫助,4 - 非常有幫助,4 - 非常有幫助,4 - 非常有幫助,,,,,,,,,,,,,,,,,,,4,4 - 非常認同,4,4,4,4,4,4,4,4,4,4,4,4,4,4,4,4,4,4,4,4,4,4,4,互相鼓勵支持,無,,,4,4,4,4,4,4,4,考慮任職 2 年以上,4,3,無,4,10,,4,,,,,,2026-02-06 13:22:40,598,210.240.38.38,,,,c99a7b8d2d9d2b2c1d63cdffa0d40e24,,,,4.0,4.0,4.0,4.0,4.0,4.0,4.0,3.0,3.0,3.0,3.0,3.0,3.0,60.0,3.0,3.0,3.0,4.0,4.0,4.0,4.0,4.0,3.0,3.0,3.0,3.0,3.0,,,,,,,,,,3.0,3.0,0.1,3.0,3.0,0.1,3.0,3.0,3.0,3.0,3.0,3.0,3.0,3.0,3.0,3.0,4.0,4.0,4.0,4.0,4.0,4.0,4.0,4.0,4.0,4.0,,,,,,,,,,,,,,,4.0,4.0,4.0,4.0,4.0,4.0,4.0,4.0,4.0,4.0,4.0,4.0,4.0,4.0,4.0,4.0,4.0,4.0,4.0,4.0,4.0,4.0,4.0,4.0,4.0,4.0,4.0,4.0,4.0,4.0,4.0,4.0,2.0,4.0,3.0,4.0,10.0,4.0
0,峨眉國中,組長 / 教師（含編制外教學人員）,2.0,1-2 年,,,,,,3,3 - 認同,3 - 認同,3 - 認同,3 - 認同,3 - 認同,3 - 認同,3 - 同意,3 - 同意,3 - 同意,3 - 同意,3 - 同意,3 - 同意,120 分鐘以上,3 - 同意,4 - 非常同意,3 - 同意,3 - 認同,3 - 認同,3 - 認同,3 - 認同,3 - 認同,3 - 同意,3 - 同意,3 - 同意,3 - 同意,3 - 同意,,,,,,,,,,,3 - 有幫助,3 - 有幫助,2 - 沒有幫助,3 - 有幫助,,知道但沒有使用過,知道但沒有使用過,知道但沒有使用過,知道但沒有使用過,知道但沒有使用過,知道但沒有使用過,知道但沒有使用過,知道但沒有使用過,知道但沒有使用過,知道但沒有使用過,知道但沒有使用過,知道但沒有使用過,從沒使用過,從沒使用過,從沒使用過,,3 - 有幫助,知道但沒有使用過,知道但沒有使用過,3 - 有幫助,知道但沒有使用過,知道但沒有使用過,知道但沒有使用過,,,,,,,,,,,,,,,,,,,3,3 - 認同,2,2,2,2,2,2,2,2,2,2,2,2,2,2,2,2,2,2,2,2,2,2,2,"自由嚴謹
有想法",無,,,2,2,2,2,2,2,2,考慮 1 年內持續任職,2,2,目前先把該做的事情繼續完成,3,6,,3,,,,,,2026-02-06 13:54:07,230,2001:b400:e45b:e3c2:cd62:3086:8bb2:69ce,,,,afd623412e574899d2404cdbf615c88d,,,,3.0,3.0,3.0,3.0,3.0,3.0,3.0,3.0,3.0,3.0,3.0,3.0,3.0,,3.0,4.0,3.0,3.0,3.0,3.0,3.0,3.0,3.0,3.0,3.0,3.0,3.0,,,,,,,,,,3.0,3.0,2.0,3.0,0.1,0.1,0.1,0.1,0.1,0.1,0.1,0.1,0.1,0.1,0.1,0.1,1.0,1.0,1.0,3.0,0.1,0.1,3.0,0.1,0.1,0.1,,,,,,,,,,,,,,,3.0,3.0,2.0,2.0,2.0,2.0,2.0,2.0,2.0,2.0,2.0,2.0,2.0,2.0,2.0,2.0,2.0,2.0,2.0,2.0,2.0,2.0,2.0,2.0,2.0,2.0,2.0,2.0,2.0,2.0,2.0,2.0,0.5,2.0,2.0,3.0,6.0,3.0
0,三民國中,組長 / 教師（含編制外教學人員）,3.0,1 年以下,"認同 KIST 的理念
想要投入「偏鄉」教育",,,"1. 【KIST 教育實驗室】Facebook
2. 【KIST 教育實驗室】Instagram",,4,2 - 不認同,1 - 非常不認同,2 - 不認同,3 - 認同,2 - 不認同,1 - 非常不認同,1 - 非常不同意,2 - 不同意,3 - 同意,3 - 同意,1 - 非常不同意,1 - 非常不同意,60~120 分鐘,2 - 不同意,3 - 同意,4 - 非常同意,4 - 非常認同,3 - 認同,2 - 不認同,1 - 非常不認同,我不理解這項 KIST 教學特色,4 - 非常同意,3 - 同意,2 - 不同意,1 - 非常不同意,我不理解這項 KIST 教學特色,我不知道這個資源,知道但沒有使用過,1 - 完全沒有幫助,2 - 沒有幫助,3 - 有幫助,從沒使用過,很少使用（6 個月內 1~2 次）,偶爾使用（6 個月內 3~6 次）,經常使用（6 個月內 7 次以上）,,我不知有這個資源,知道但沒有使用過,1 - 完全沒有幫助,2 - 沒有幫助,,我不知道這個資源,知道但沒有使用過,1 - 完全沒有幫助,2 - 沒有幫助,3 - 有幫助,4 - 非常有幫助,3 - 有幫助,2 - 沒有幫助,1 - 完全沒有幫助,知道但沒有使用過,我不知道這個資源,知道但沒有使用過,從沒使用過,很少使用（6 個月內 1~2 次）,偶爾使用（6 個月內 3~6 次）,,我不知道這個資源,知道但沒有使用過,1 - 完全沒有幫助,2 - 沒有幫助,3 - 有幫助,4 - 非常有幫助,3 - 有幫助,,,,,,,,,,,,,,,,,,,4,4 - 非常認同,4,4,4,4,4,4,4,4,4,4,4,4,4,4,4,4,4,4,4,4,4,4,4,團結,休息時間更多就更好了畢竟休息是為了不想走路,有很多創新,太多創新累,4,4,4,4,4,4,4,考慮 1 年內持續任職,4,4,活在當下,4,10,,4,,,,,,2026-02-06 15:02:36,206,122.99.9.173,,,,5200279a5b3b2e3ea1a6e7c917a56ce2,,,,4.0,2.0,1.0,2.0,3.0,2.0,1.0,1.0,2.0,3.0,3.0,1.0,1.0,60.0,2.0,3.0,4.0,4.0,3.0,2.0,1.0,0.0,4.0,3.0,2.0,1.0,0.0,0.0,0.1,1.0,2.0,3.0,1.0,2.0,3.0,4.0,,0.1,1.0,2.0,0.0,0.1,1.0,2.0,3.0,4.0,3.0,2.0,1.0,0.1,0.0,0.1,1.0,2.0,3.0,0.0,0.1,1.0,2.0,3.0,4.0,3.0,,,,,,,,,,,,,,,4.0,4.0,4.0,4.0,4.0,4.0,4.0,4.0,4.0,4.0,4.0,4.0,4.0,4.0,4.0,4.0,4.0,4.0,4.0,4.0,4.0,4.0,4.0,4.0,4.0,4.0,4.0,4.0,4.0,4.0,4.0,4.0,0.5,4.0,4.0,4.0,10.0,4.0
0,仙草實小,組長 / 教師（含編制外教學人員）,0.0,2-3 年,,,,,,4,3 - 認同,3 - 認同,3 - 認同,3 - 認同,3 - 認同,3 - 認同,3 - 同意,3 - 同意,3 - 同意,3 - 同意,3 - 同意,3 - 同意,小於 30 分鐘,3 - 同意,2 - 不同意,3 - 同意,3 - 認同,3 - 認同,3 - 認同,3 - 認同,我不理解這項 KIST 教學特色,3 - 同意,3 - 同意,3 - 同意,3 - 同意,我不理解這項 KIST 教學特色,,,,,,,,,,,3 - 有幫助,3 - 有幫助,知道但沒有使用過,3 - 有幫助,,3 - 有幫助,知道但沒有使用過,知道但沒有使用過,3 - 有幫助,知道但沒有使用過,知道但沒有使用過,我不知道這個資源,我不知道這個資源,知道但沒有使用過,知道但沒有使用過,我不知道這個資源,知道但沒有使用過,很少使用（6 個月內 1~2 次）,很少使用（6 個月內 1~2 次）,很少使用（6 個月內 1~2 次）,,知道但沒有使用過,我不知道這個資源,知道但沒有使用過,知道但沒有使用過,我不知道這個資源,知道但沒有使用過,我不知道這個資源,,,,,,,,,,,,,,,,,,,3,3 - 認同,3,3,3,3,3,2,3,3,3,3,2,2,2,2,3,3,3,3,3,2,3,1,3,開放接納的心態,讓老師除了教室以外可以呼吸的空間,,,3,2,2,2,1,1,1,考慮任職 2 年以上,2,1,獲得資源、持續茁壯,4,6,還有進步空間,3,,,,,,2026-02-06 16:41:04,1201,2001:b400:e2a8:436e:8aa:3380:a640:1e6d,,,,a5b30357b655c206234c01b6bcd412fd,,,,4.0,3.0,3.0,3.0,3.0,3.0,3.0,3.0,3.0,3.0,3.0,3.0,3.0,,3.0,2.0,3.0,3.0,3.0,3.0,3.0,0.0,3.0,3.0,3.0,3.0,0.0,,,,,,,,,,3.0,3.0,0.1,3.0,3.0,0.1,0.1,3.0,0.1,0.1,0.0,0.0,0.1,0.1,0.0,0.1,2.0,2.0,2.0,0.1,0.0,0.1,0.1,0.0,0.1,0.0,,,,,,,,,,,,,,,3.0,3.0,3.0,3.0,3.0,3.0,3.0,2.0,3.0,3.0,3.0,3.0,2.0,2.0,2.0,2.0,3.0,3.0,3.0,3.0,3.0,2.0,3.0,1.0,3.0,3.0,2.0,2.0,2.0,1.0,1.0,1.0,2.0,2.0,1.0,4.0,6.0,3.0
0,樟湖生態國中小,校長 / 主任,16.0,5 年以上,,,,,,4,4 - 非常認同,4 - 非常認同,4 - 非常認同,4 - 非常認同,4 - 非常認同,4 - 非常認同,3 - 同意,3 - 同意,4 - 非常同意,3 - 同意,3 - 同意,4 - 非常同意,30~60 分鐘,3 - 同意,4 - 非常同意,4 - 非常同意,3 - 認同,3 - 認同,4 - 非常認同,4 - 非常認同,3 - 認同,3 - 同意,3 - 同意,3 - 同意,4 - 非常同意,2 - 不同意,,,,,,,,,,,3 - 有幫助,3 - 有幫助,知道但沒有使用過,知道但沒有使用過,,3 - 有幫助,3 - 有幫助,知道但沒有使用過,2 - 沒有幫助,知道但沒有使用過,知道但沒有使用過,知道但沒有使用過,知道但沒有使用過,知道但沒有使用過,知道但沒有使用過,知道但沒有使用過,知道但沒有使用過,很少使用（6 個月內 1~2 次）,很少使用（6 個月內 1~2 次）,很少使用（6 個月內 1~2 次）,,3 - 有幫助,知道但沒有使用過,3 - 有幫助,3 - 有幫助,3 - 有幫助,知道但沒有使用過,3 - 有幫助,,4 - 非常有幫助,知道但沒有使用過,3 - 有幫助,3 - 有幫助,3 - 有幫助,,,,,,,,,,,,,4,4 - 非常認同,4,4,4,4,4,4,4,4,4,4,4,4,4,4,4,4,4,4,4,4,4,1,4,"容錯
持續成長
親師生像家人
教師可以隨時被接住",無,,,4,4,4,4,4,3,3,考慮任職 2 年以上,4,1,無,4,10,身心靈能獲得平衡且滿溢,4,不斷突破,,永保熱情,接待參訪,,2026-02-06 18:37:22,751,1.175.56.235,,,,f1c1c1d541d326a2513685d19ad49bb7,,,,4.0,4.0,4.0,4.0,4.0,4.0,4.0,3.0,3.0,4.0,3.0,3.0,4.0,30.0,3.0,4.0,4.0,3.0,3.0,4.0,4.0,3.0,3.0,3.0,3.0,4.0,2.0,,,,,,,,,,3.0,3.0,0.1,0.1,3.0,3.0,0.1,2.0,0.1,0.1,0.1,0.1,0.1,0.1,0.1,0.1,2.0,2.0,2.0,3.0,0.1,3.0,3.0,3.0,0.1,3.0,4.0,0.1,3.0,3.0,3.0,,,,,,,,,,4.0,4.0,4.0,4.0,4.0,4.0,4.0,4.0,4.0,4.0,4.0,4.0,4.0,4.0,4.0,4.0,4.0,4.0,4.0,4.0,4.0,4.0,4.0,1.0,4.0,4.0,4.0,4.0,4.0,4.0,3.0,3.0,2.0,4.0,1.0,4.0,10.0,4.0
0,仙草實小,組長 / 教師（含編制外教學人員）,13.0,2-3 年,,,,,,3,3 - 認同,3 - 認同,3 - 認同,3 - 認同,3 - 認同,3 - 認同,3 - 同意,3 - 同意,3 - 同意,3 - 同意,3 - 同意,3 - 同意,小於 30 分鐘,3 - 同意,3 - 同意,3 - 同意,3 - 認同,3 - 認同,3 - 認同,3 - 認同,3 - 認同,3 - 同意,3 - 同意,3 - 同意,3 - 同意,我不理解這項 KIST 教學特色,,,,,,,,,,,知道但沒有使用過,知道但沒有使用過,我不知有這個資源,知道但沒有使用過,,2 - 沒有幫助,我不知道這個資源,我不知道這個資源,2 - 沒有幫助,我不知道這個資源,我不知道這個資源,知道但沒有使用過,我不知道這個資源,我不知道這個資源,4 - 非常有幫助,3 - 有幫助,我不知道這個資源,很少使用（6 個月內 1~2 次）,從沒使用過,從沒使用過,,1 - 完全沒有幫助,1 - 完全沒有幫助,我不知道這個資源,2 - 沒有幫助,我不知道這個資源,我不知道這個資源,我不知道這個資源,,,,,,,,,,,,,,,,,,,2,3 - 認同,2,2,2,2,2,2,2,2,2,2,2,2,2,3,2,3,3,3,3,3,3,1,3,無,無,,,2,2,2,2,1,1,1,不考慮持續任職,1,1,無,2,2,無,2,,,無,無,,2026-02-08 20:52:55,377,164.70.150.140,,,,a98b3295aa9752f81b7905a1bd24d41a,,,,3.0,3.0,3.0,3.0,3.0,3.0,3.0,3.0,3.0,3.0,3.0,3.0,3.0,,3.0,3.0,3.0,3.0,3.0,3.0,3.0,3.0,3.0,3.0,3.0,3.0,0.0,,,,,,,,,,0.1,0.1,,0.1,2.0,0.0,0.0,2.0,0.0,0.0,0.1,0.0,0.0,4.0,3.0,0.0,2.0,1.0,1.0,1.0,1.0,0.0,2.0,0.0,0.0,0.0,,,,,,,,,,,,,,,2.0,3.0,2.0,2.0,2.0,2.0,2.0,2.0,2.0,2.0,2.0,2.0,2.0,2.0,2.0,3.0,2.0,3.0,3.0,3.0,3.0,3.0,3.0,1.0,3.0,2.0,2.0,2.0,2.0,1.0,1.0,1.0,0.0,1.0,1.0,2.0,2.0,2.0
